Год	Ед. Изм.	Страна	Объем
2004	млн штук	Соединенное Королевство Великобритании и Северной Ирландии	0.0739019244318886
2004	млн штук	Грузия	0.0181211849444327
2004	млн штук	Соединенные Штаты Америки	0.283293
2004	млн штук	Канада	0.027336
2004	млн штук	Испания	0.012477
2004	млн штук	Италия	0.000175
2004	млн штук	Бахрейн	0.00197
2004	млн штук	Новая Зеландия	0.002575
2004	млн штук	Намибия	0.00299669205934066
2004	млн штук	Иордания	0.003294
2004	млн штук	Пакистан	0.00012
2004	млн штук	Люксембург	0.000519821050608415
2004	млн штук	Гана	0.000241
2004	млн штук	Армения	2.8e-05
2004	млн штук	Республика Молдова	0.000189
2004	млн штук	Эстония	0.012097
2004	млн штук	Кипр	0.007897
2004	млн штук	Кения	0.00012
2004	млн штук	Фиджи	0.000576583599452502
2004	млн штук	Того	0.000445359645726128
2004	млн штук	Буркина-Фасо	5.32000000044338e-05
2004	млн штук	Гренада	3.1e-05
2004	млн штук	Замбия	2.4e-05
2004	млн штук	Южная Африка	0.000928808276401089
2004	млн штук	Антигуа и Барбуда	7.94358503131993e-05
2004	млн штук	Шри-Ланка	0.00368214793911684
2004	млн штук	Маврикий	0.000651839536358779
2004	млн штук	Мадагаскар	2.9e-05
2004	млн штук	Гайана	4.25067720777378e-05
2004	млн штук	Боливия (Многонациональное Государство)	1.4e-05
2004	млн штук	Бенин	1.4e-05
2004	млн штук	Белиз	1.8e-05
2004	млн штук	Ботсвана	1.22352970441436e-05
2004	млн штук	Барбадос	3.7e-05
2004	млн штук	Зимбабве	4e-06
2004	млн штук	Монтсеррат	1e-05
2004	млн штук	Китай, Специальный административный район Макао	0.000607395162165549
2004	млн штук	Малави	2.1e-05
2004	млн штук	Объединенная Республика Танзания	0.000119
2004	млн штук	Суринам	1e-06
2004	млн штук	Эсватини	0.001225
2004	млн штук	Таиланд	0.000331
2004	млн штук	Тонга	2.99997499747907e-06
2004	млн штук	Тринидад и Тобаго	4.81366089712367e-05
2004	млн штук	Объединенные Арабские Эмираты	0.0740093264808105
2004	млн штук	Уганда	0.049198
2004	млн штук	Узбекистан	5.64553554109417e-06
2004	млн штук	Венесуэла (Боливарианская Республика)	0.000399333333333333
2004	млн штук	Йемен	0.000402
2004	млн штук	Мальдивские Острова	3e-06
2004	млн штук	Мали	5.10010007890039e-05
2004	млн штук	Кувейт	0.0597186961120224
2004	млн штук	Кыргызстан	0.000134308617242917
2004	млн штук	Ливан	0.012203
2004	млн штук	Лесото	4.00038091071809e-05
2004	млн штук	Китайский Тайбэй	0.000338504339302864
2004	млн штук	Монголия	6e-06
2004	млн штук	Мозамбик	5e-06
2004	млн штук	Оман	0.0126973084285975
2004	млн штук	Черногория	2e-06
2004	млн штук	Судан	4.8e-05
2004	млн штук	Судан (до 2012)	7.4e-05
2004	млн штук	Новая Каледония	0.000121
2004	млн штук	Нигер	1.52e-05
2004	млн штук	Панама	0.00079908569307918
2004	млн штук	Тимор-Лешти	0.000522
2004	млн штук	Катар	0.022714
2004	млн штук	Руанда	4.1e-05
2004	млн штук	Сент-Китс и Невис	2e-05
2004	млн штук	Сент-Люсия	3.9e-05
2004	млн штук	Сент-Винсент и Гренадины	1.4e-05
2004	млн штук	Сан-Томе и Принсипи	2.2e-06
2004	млн штук	Саудовская Аравия	0.022095
2004	млн штук	Сенегал	0.000447
2004	млн штук	Сейшельские Острова	6.61113171398792e-06
2004	млн штук	Сьерра-Леоне	8.30000000000002e-05
2004	млн штук	Багамские Острова	0.000544
2004	млн штук	Албания	2e-06
2004	млн штук	Ангола	2.4e-06
2004	млн штук	Соломоновы Острова	4e-06
2004	млн штук	Мьянма	5e-06
2004	млн штук	Бурунди	0.00024782257354474
2004	млн штук	Колумбия	-0.016892
2004	млн штук	Демократическая Республика Конго	1.65070669331587e-05
2004	млн штук	Куба	1.1e-05
2004	млн штук	Доминика	4e-06
2004	млн штук	Доминиканская Республика	-3.65000197639659e-05
2004	млн штук	Эфиопия	1.24976369697574e-05
2004	млн штук	Джибути	0.000712
2004	млн штук	Кабо-Верде	8.24965234251123e-06
2004	млн штук	Гондурас	5e-06
2004	млн штук	Китай, Специальный административный район Гонконг	0.034616
2004	млн штук	Ямайка	0.000139
2004	млн штук	Гвинея	4.04e-05
2004	млн штук	Гамбия	4e-06
2004	млн штук	Государство Палестина	2.78069556108722e-05
2005	млн штук	Соединенное Королевство Великобритании и Северной Ирландии	0.0739019244318886
2005	млн штук	Грузия	0.0181211849444327
2005	млн штук	Соединенные Штаты Америки	0.407428
2005	млн штук	Канада	0.023733
2005	млн штук	Испания	0.006456
2005	млн штук	Италия	0.000189
2005	млн штук	Бахрейн	0.004081
2005	млн штук	Новая Зеландия	0.001926
2005	млн штук	Намибия	0.00299669205934066
2005	млн штук	Иордания	0.002093
2005	млн штук	Пакистан	0.000104
2005	млн штук	Люксембург	0.000519821050608415
2005	млн штук	Гана	0.000241
2005	млн штук	Армения	5.4e-05
2005	млн штук	Республика Молдова	4.7e-05
2005	млн штук	Эстония	0.002756
2005	млн штук	Кипр	0.006644
2005	млн штук	Кения	0.000168
2005	млн штук	Фиджи	2.2e-05
2005	млн штук	Того	0.000424019168526411
2005	млн штук	Буркина-Фасо	5.32000000044338e-05
2005	млн штук	Гренада	2.2e-05
2005	млн штук	Замбия	3.1e-05
2005	млн штук	Южная Африка	0.00088206602071799
2005	млн штук	Антигуа и Барбуда	7.3e-05
2005	млн штук	Шри-Ланка	0.00346594559688126
2005	млн штук	Маврикий	0.000771
2005	млн штук	Мадагаскар	6.9e-05
2005	млн штук	Гайана	1.9e-05
2005	млн штук	Боливия (Многонациональное Государство)	3.3e-05
2005	млн штук	Бенин	1e-05
2005	млн штук	Белиз	1.6e-05
2005	млн штук	Ботсвана	1.22352970441436e-05
2005	млн штук	Барбадос	5.6e-05
2005	млн штук	Зимбабве	3e-06
2005	млн штук	Монтсеррат	1e-05
2005	млн штук	Китай, Специальный административный район Макао	0.000566
2005	млн штук	Малави	3.3e-05
2005	млн штук	Объединенная Республика Танзания	7.7e-05
2005	млн штук	Суринам	5e-06
2005	млн штук	Эсватини	1.24844
2005	млн штук	Таиланд	0.000331
2005	млн штук	Тонга	2.99997499747907e-06
2005	млн штук	Тринидад и Тобаго	4.81366089712367e-05
2005	млн штук	Объединенные Арабские Эмираты	0.073995
2005	млн штук	Уганда	0.001712
2005	млн штук	Узбекистан	5.64553554109417e-06
2005	млн штук	Венесуэла (Боливарианская Республика)	0.000356
2005	млн штук	Йемен	0.001646
2005	млн штук	Мальдивские Острова	3e-06
2005	млн штук	Мали	5.10010007890039e-05
2005	млн штук	Кувейт	0.0597186961120224
2005	млн штук	Кыргызстан	0.000179
2005	млн штук	Ливан	0.011709
2005	млн штук	Лесото	4e-05
2005	млн штук	Китайский Тайбэй	0.000338504339302864
2005	млн штук	Монголия	6e-06
2005	млн штук	Мозамбик	5e-06
2005	млн штук	Оман	0.0126973084285975
2005	млн штук	Черногория	2e-06
2005	млн штук	Судан	4.8e-05
2005	млн штук	Судан (до 2012)	7.3e-05
2005	млн штук	Новая Каледония	0.000121
2005	млн штук	Нигер	1.52e-05
2005	млн штук	Панама	0.000764448542740252
2005	млн штук	Тимор-Лешти	0.000233
2005	млн штук	Катар	0.024082
2005	млн штук	Руанда	6.8e-05
2005	млн штук	Сент-Китс и Невис	5e-06
2005	млн штук	Сент-Люсия	3.1e-05
2005	млн штук	Сент-Винсент и Гренадины	6e-06
2005	млн штук	Сан-Томе и Принсипи	2.13333333333333e-06
2005	млн штук	Саудовская Аравия	0.028227
2005	млн штук	Сенегал	0.000447
2005	млн штук	Сейшельские Острова	1.1e-05
2005	млн штук	Сьерра-Леоне	8.30000000000002e-05
2005	млн штук	Багамские Острова	0.0004295
2005	млн штук	Албания	2e-06
2005	млн штук	Ангола	2.4e-06
2005	млн штук	Соломоновы Острова	4e-06
2005	млн штук	Мьянма	5e-06
2005	млн штук	Бурунди	0.00024782257354474
2005	млн штук	Колумбия	-0.013222
2005	млн штук	Демократическая Республика Конго	1.65070669331587e-05
2005	млн штук	Куба	4.3e-05
2005	млн штук	Доминика	1e-05
2005	млн штук	Доминиканская Республика	-3.40000184898079e-05
2005	млн штук	Эфиопия	1.1e-05
2005	млн штук	Джибути	0.000712
2005	млн штук	Кабо-Верде	1.3e-05
2005	млн штук	Гондурас	4e-06
2005	млн штук	Китай, Специальный административный район Гонконг	0.033916
2005	млн штук	Ямайка	2.8e-05
2005	млн штук	Гвинея	4.04e-05
2005	млн штук	Гамбия	3e-06
2005	млн штук	Государство Палестина	2.78069556108722e-05
2006	млн штук	Соединенное Королевство Великобритании и Северной Ирландии	0.0739019244318886
2006	млн штук	Грузия	0.0181211849444327
2006	млн штук	Соединенные Штаты Америки	0.144005
2006	млн штук	Канада	0.023257
2006	млн штук	Испания	0.000199
2006	млн штук	Италия	0.000348
2006	млн штук	Бахрейн	0.002571
2006	млн штук	Новая Зеландия	0.002214
2006	млн штук	Намибия	0.00299669205934066
2006	млн штук	Иордания	0.002304
2006	млн штук	Пакистан	0.000209
2006	млн штук	Люксембург	0.000519821050608415
2006	млн штук	Гана	0.000241
2006	млн штук	Армения	3.1e-05
2006	млн штук	Республика Молдова	7.4e-05
2006	млн штук	Эстония	0.000561
2006	млн штук	Кипр	0.004326
2006	млн штук	Кения	0.000216
2006	млн штук	Фиджи	0.005108
2006	млн штук	Того	0.000402678691326694
2006	млн штук	Буркина-Фасо	5.32000000044338e-05
2006	млн штук	Гренада	4.9e-05
2006	млн штук	Замбия	1.9e-05
2006	млн штук	Южная Африка	0.000835323765034891
2006	млн штук	Антигуа и Барбуда	8.9e-05
2006	млн штук	Шри-Ланка	0.00324974325464568
2006	млн штук	Маврикий	0.000632
2006	млн штук	Мадагаскар	3e-05
2006	млн штук	Гайана	6.5e-05
2006	млн штук	Боливия (Многонациональное Государство)	7e-05
2006	млн штук	Бенин	1.74e-05
2006	млн штук	Белиз	5.1e-05
2006	млн штук	Ботсвана	1.22352970441436e-05
2006	млн штук	Барбадос	4.1e-05
2006	млн штук	Зимбабве	2e-05
2006	млн штук	Монтсеррат	2e-06
2006	млн штук	Китай, Специальный административный район Макао	0.0006253
2006	млн штук	Малави	4e-06
2006	млн штук	Объединенная Республика Танзания	6.4e-05
2006	млн штук	Суринам	4.5e-06
2006	млн штук	Эсватини	0.015756
2006	млн штук	Таиланд	0.000331
2006	млн штук	Тонга	2.99997499747907e-06
2006	млн штук	Тринидад и Тобаго	4.81366089712367e-05
2006	млн штук	Объединенные Арабские Эмираты	0.216961
2006	млн штук	Уганда	0.001969
2006	млн штук	Узбекистан	5.64553554109417e-06
2006	млн штук	Венесуэла (Боливарианская Республика)	0.000312666666666667
2006	млн штук	Йемен	0.001639
2006	млн штук	Мальдивские Острова	3e-06
2006	млн штук	Мали	5.10010007890039e-05
2006	млн штук	Кувейт	0.021045
2006	млн штук	Кыргызстан	4e-06
2006	млн штук	Ливан	0.011215
2006	млн штук	Лесото	7.8e-05
2006	млн штук	Китайский Тайбэй	0.000338504339302864
2006	млн штук	Монголия	6e-06
2006	млн штук	Мозамбик	5e-06
2006	млн штук	Оман	0.0126973084285975
2006	млн штук	Черногория	2e-06
2006	млн штук	Судан	4.8e-05
2006	млн штук	Судан (до 2012)	6.54e-05
2006	млн штук	Новая Каледония	0.000121
2006	млн штук	Нигер	1.52e-05
2006	млн штук	Панама	0.000817
2006	млн штук	Тимор-Лешти	0.0004642
2006	млн штук	Катар	0.016245
2006	млн штук	Руанда	0.000151
2006	млн штук	Сент-Китс и Невис	1.3e-05
2006	млн штук	Сент-Люсия	3.9e-05
2006	млн штук	Сент-Винсент и Гренадины	1.6e-05
2006	млн штук	Сан-Томе и Принсипи	2.06666666666667e-06
2006	млн штук	Саудовская Аравия	0.042861
2006	млн штук	Сенегал	0.000447
2006	млн штук	Сейшельские Острова	1e-05
2006	млн штук	Сьерра-Леоне	8.30000000000002e-05
2006	млн штук	Багамские Острова	0.000315
2006	млн штук	Албания	2e-06
2006	млн штук	Ангола	2.4e-06
2006	млн штук	Соломоновы Острова	4e-06
2006	млн штук	Мьянма	5e-06
2006	млн штук	Бурунди	0.00065
2006	млн штук	Колумбия	-0.009552
2006	млн штук	Демократическая Республика Конго	1.65070669331587e-05
2006	млн штук	Куба	3e-06
2006	млн штук	Доминика	2e-06
2006	млн штук	Доминиканская Республика	-3.15000172156499e-05
2006	млн штук	Эфиопия	2.55e-05
2006	млн штук	Джибути	0.000712
2006	млн штук	Кабо-Верде	6e-06
2006	млн штук	Гондурас	4.8e-06
2006	млн штук	Китай, Специальный административный район Гонконг	0.026717
2006	млн штук	Ямайка	2.6e-05
2006	млн штук	Гвинея	4.04e-05
2006	млн штук	Гамбия	5e-06
2006	млн штук	Государство Палестина	2.78069556108722e-05
2007	млн штук	Соединенное Королевство Великобритании и Северной Ирландии	0.0739019244318886
2007	млн штук	Грузия	0.0181211849444327
2007	млн штук	Соединенные Штаты Америки	0.215706
2007	млн штук	Канада	0.02693
2007	млн штук	Испания	0.000351
2007	млн штук	Италия	0.00086
2007	млн штук	Бахрейн	0.003591
2007	млн штук	Новая Зеландия	0.002514
2007	млн штук	Намибия	0.00299669205934066
2007	млн штук	Иордания	0.004108
2007	млн штук	Пакистан	0.000279
2007	млн штук	Люксембург	0.000519821050608415
2007	млн штук	Гана	0.000241
2007	млн штук	Армения	1.6e-05
2007	млн штук	Республика Молдова	0.001028
2007	млн штук	Эстония	0.000556
2007	млн штук	Кипр	0.00503
2007	млн штук	Кения	0.000264
2007	млн штук	Фиджи	2.5e-05
2007	млн штук	Того	0.000381338214126977
2007	млн штук	Буркина-Фасо	5.32000000044338e-05
2007	млн штук	Гренада	4.025e-05
2007	млн штук	Замбия	3e-05
2007	млн штук	Южная Африка	0.000788581509351793
2007	млн штук	Антигуа и Барбуда	0.000105
2007	млн штук	Шри-Ланка	0.00303354091241011
2007	млн штук	Маврикий	0.000493
2007	млн штук	Мадагаскар	2.5e-05
2007	млн штук	Гайана	1.1e-05
2007	млн штук	Боливия (Многонациональное Государство)	5.7e-05
2007	млн штук	Бенин	2.48e-05
2007	млн штук	Белиз	2.4e-05
2007	млн штук	Ботсвана	1.22352970441436e-05
2007	млн штук	Барбадос	2.2e-05
2007	млн штук	Зимбабве	3.7e-05
2007	млн штук	Монтсеррат	5e-06
2007	млн штук	Китай, Специальный административный район Макао	0.0006846
2007	млн штук	Малави	4e-06
2007	млн штук	Объединенная Республика Танзания	0.000136
2007	млн штук	Суринам	4e-06
2007	млн штук	Эсватини	0.012778
2007	млн штук	Таиланд	0.000331
2007	млн штук	Тонга	2.99997499747907e-06
2007	млн штук	Тринидад и Тобаго	2.3e-05
2007	млн штук	Объединенные Арабские Эмираты	0.359927
2007	млн штук	Уганда	0.002226
2007	млн штук	Узбекистан	5.64553554109417e-06
2007	млн штук	Венесуэла (Боливарианская Республика)	0.000269333333333333
2007	млн штук	Йемен	0.001952
2007	млн штук	Мальдивские Острова	3e-06
2007	млн штук	Мали	5.10010007890039e-05
2007	млн штук	Кувейт	0.022887
2007	млн штук	Кыргызстан	0.000107
2007	млн штук	Ливан	0.010721
2007	млн штук	Лесото	9.2e-05
2007	млн штук	Китайский Тайбэй	4.4e-05
2007	млн штук	Монголия	6e-06
2007	млн штук	Мозамбик	5e-06
2007	млн штук	Оман	0.0126973084285975
2007	млн штук	Черногория	1.5e-06
2007	млн штук	Судан	4.8e-05
2007	млн штук	Судан (до 2012)	5.78e-05
2007	млн штук	Новая Каледония	0.000121
2007	млн штук	Нигер	1.52e-05
2007	млн штук	Панама	0.000944
2007	млн штук	Тимор-Лешти	0.0004642
2007	млн штук	Катар	0.022714
2007	млн штук	Руанда	2e-04
2007	млн штук	Сент-Китс и Невис	1.6e-05
2007	млн штук	Сент-Люсия	5.1e-05
2007	млн штук	Сент-Винсент и Гренадины	2.3e-05
2007	млн штук	Сан-Томе и Принсипи	2e-06
2007	млн штук	Саудовская Аравия	0.056058
2007	млн штук	Сенегал	0.000447
2007	млн штук	Сейшельские Острова	9e-06
2007	млн штук	Сьерра-Леоне	8.30000000000002e-05
2007	млн штук	Багамские Острова	0.000217
2007	млн штук	Албания	2e-06
2007	млн штук	Ангола	2.4e-06
2007	млн штук	Соломоновы Острова	4e-06
2007	млн штук	Мьянма	5e-06
2007	млн штук	Бурунди	0.0005608
2007	млн штук	Колумбия	-0.005882
2007	млн штук	Демократическая Республика Конго	1.65070669331587e-05
2007	млн штук	Куба	3.5e-05
2007	млн штук	Доминика	7e-06
2007	млн штук	Доминиканская Республика	-2.90000159414919e-05
2007	млн штук	Эфиопия	4e-05
2007	млн штук	Джибути	0.000712
2007	млн штук	Кабо-Верде	1.3e-05
2007	млн штук	Гондурас	4.8e-06
2007	млн штук	Китай, Специальный административный район Гонконг	0.029246
2007	млн штук	Ямайка	1.9e-05
2007	млн штук	Гвинея	4.04e-05
2007	млн штук	Гамбия	6e-06
2007	млн штук	Государство Палестина	7.4e-05
2008	млн штук	Соединенное Королевство Великобритании и Северной Ирландии	0.0739019244318886
2008	млн штук	Грузия	0.0181211849444327
2008	млн штук	Соединенные Штаты Америки	0.263539
2008	млн штук	Канада	0.0265715
2008	млн штук	Испания	0.000136
2008	млн штук	Италия	0.001339
2008	млн штук	Бахрейн	0.007428
2008	млн штук	Новая Зеландия	0.003704
2008	млн штук	Намибия	0.00299669205934066
2008	млн штук	Иордания	4e-06
2008	млн штук	Пакистан	0.002288
2008	млн штук	Люксембург	0.000149
2008	млн штук	Гана	0.000241
2008	млн штук	Армения	9e-06
2008	млн штук	Республика Молдова	0.000153
2008	млн штук	Эстония	0.001669
2008	млн штук	Кипр	0.002403
2008	млн штук	Кения	0.000312
2008	млн штук	Фиджи	7.3e-05
2008	млн штук	Того	0.000261
2008	млн штук	Буркина-Фасо	5.32000000044338e-05
2008	млн штук	Гренада	3.15e-05
2008	млн штук	Замбия	0.000112
2008	млн штук	Южная Африка	0.000741839253668694
2008	млн штук	Антигуа и Барбуда	7.15e-05
2008	млн штук	Шри-Ланка	0.00281733857017453
2008	млн штук	Маврикий	0.000354
2008	млн штук	Мадагаскар	1.9e-05
2008	млн штук	Гайана	1.7e-05
2008	млн штук	Боливия (Многонациональное Государство)	4.7e-05
2008	млн штук	Бенин	3.22e-05
2008	млн штук	Белиз	1.6e-05
2008	млн штук	Ботсвана	1.22352970441436e-05
2008	млн штук	Барбадос	3.1e-05
2008	млн штук	Зимбабве	5.4e-05
2008	млн штук	Монтсеррат	2e-06
2008	млн штук	Китай, Специальный административный район Макао	0.0007439
2008	млн штук	Малави	4e-06
2008	млн штук	Объединенная Республика Танзания	0.000121333333333333
2008	млн штук	Суринам	3.5e-06
2008	млн штук	Эсватини	0.0142666404242474
2008	млн штук	Таиланд	0.000331
2008	млн штук	Тонга	3e-06
2008	млн штук	Тринидад и Тобаго	4e-06
2008	млн штук	Объединенные Арабские Эмираты	0.488306
2008	млн штук	Уганда	0.004383
2008	млн штук	Узбекистан	5.64553554109417e-06
2008	млн штук	Венесуэла (Боливарианская Республика)	0.000226
2008	млн штук	Йемен	0.101092
2008	млн штук	Мальдивские Острова	3e-06
2008	млн штук	Мали	5.10010007890039e-05
2008	млн штук	Кувейт	0.139886
2008	млн штук	Кыргызстан	0.000142
2008	млн штук	Ливан	0.010227
2008	млн штук	Лесото	0.000127
2008	млн штук	Китайский Тайбэй	0.000333
2008	млн штук	Монголия	6e-06
2008	млн штук	Мозамбик	5e-06
2008	млн штук	Оман	0.0126973084285975
2008	млн штук	Черногория	1e-06
2008	млн штук	Судан	4.8e-05
2008	млн штук	Судан (до 2012)	5.02e-05
2008	млн штук	Новая Каледония	0.000121
2008	млн штук	Нигер	1.52e-05
2008	млн штук	Панама	0.001798
2008	млн штук	Тимор-Лешти	0.0004642
2008	млн штук	Катар	0.022714
2008	млн штук	Руанда	0.000143
2008	млн штук	Сент-Китс и Невис	1.1e-05
2008	млн штук	Сент-Люсия	6.3e-05
2008	млн штук	Сент-Винсент и Гренадины	7.8e-05
2008	млн штук	Сан-Томе и Принсипи	1.93333333333333e-06
2008	млн штук	Саудовская Аравия	0.126141
2008	млн штук	Сенегал	0.000447
2008	млн штук	Сейшельские Острова	8e-06
2008	млн штук	Сьерра-Леоне	8.30000000000002e-05
2008	млн штук	Багамские Острова	0.01701
2008	млн штук	Албания	2e-06
2008	млн штук	Ангола	2.4e-06
2008	млн штук	Соломоновы Острова	4e-06
2008	млн штук	Мьянма	5e-06
2008	млн штук	Бурунди	0.0004716
2008	млн штук	Колумбия	-0.002212
2008	млн штук	Демократическая Республика Конго	1.65070669331587e-05
2008	млн штук	Куба	3.5e-05
2008	млн штук	Доминика	5e-06
2008	млн штук	Доминиканская Республика	-2.6500014667334e-05
2008	млн штук	Эфиопия	3.125e-05
2008	млн штук	Джибути	0.000712
2008	млн штук	Кабо-Верде	8e-06
2008	млн штук	Гондурас	4.8e-06
2008	млн штук	Китай, Специальный административный район Гонконг	0.036661
2008	млн штук	Ямайка	2e-05
2008	млн штук	Гвинея	4.04e-05
2008	млн штук	Гамбия	1.16666666666667e-05
2008	млн штук	Государство Палестина	4.45e-05
2009	млн штук	Соединенное Королевство Великобритании и Северной Ирландии	0.0739019244318886
2009	млн штук	Грузия	0.002379
2009	млн штук	Соединенные Штаты Америки	0.132315
2009	млн штук	Канада	0.026213
2009	млн штук	Испания	0.000136
2009	млн штук	Италия	0.000718
2009	млн штук	Бахрейн	0.011736
2009	млн штук	Новая Зеландия	0.004132
2009	млн штук	Намибия	0.00299669205934066
2009	млн штук	Иордания	0.003798
2009	млн штук	Пакистан	0.00169
2009	млн штук	Люксембург	0.001654
2009	млн штук	Гана	0.000241
2009	млн штук	Армения	5e-06
2009	млн штук	Республика Молдова	2.4e-05
2009	млн штук	Эстония	0.020796
2009	млн штук	Кипр	0.001079
2009	млн штук	Кения	0.0002792
2009	млн штук	Фиджи	5.1e-05
2009	млн штук	Того	0.000455
2009	млн штук	Буркина-Фасо	5.32000000044338e-05
2009	млн штук	Гренада	2.275e-05
2009	млн штук	Замбия	6e-05
2009	млн штук	Южная Африка	0.000695096997985595
2009	млн штук	Антигуа и Барбуда	3.8e-05
2009	млн штук	Шри-Ланка	0.00260113622793895
2009	млн штук	Маврикий	0.000215
2009	млн штук	Мадагаскар	2.4e-05
2009	млн штук	Гайана	2.4e-05
2009	млн штук	Боливия (Многонациональное Государство)	6.5e-05
2009	млн штук	Бенин	3.96e-05
2009	млн штук	Белиз	8e-06
2009	млн штук	Ботсвана	1.22352970441436e-05
2009	млн штук	Барбадос	0.000134
2009	млн штук	Зимбабве	7.1e-05
2009	млн штук	Монтсеррат	6e-06
2009	млн штук	Китай, Специальный административный район Макао	0.0008032
2009	млн штук	Малави	4e-06
2009	млн штук	Объединенная Республика Танзания	0.000106666666666667
2009	млн штук	Суринам	3e-06
2009	млн штук	Эсватини	0.0142666404242474
2009	млн штук	Таиланд	0.000331
2009	млн штук	Тонга	2.75e-06
2009	млн штук	Тринидад и Тобаго	1.9e-05
2009	млн штук	Объединенные Арабские Эмираты	0.441529
2009	млн штук	Уганда	0.004865
2009	млн штук	Узбекистан	5.64553554109417e-06
2009	млн штук	Венесуэла (Боливарианская Республика)	0.000132
2009	млн штук	Йемен	0.001878
2009	млн штук	Мальдивские Острова	3e-06
2009	млн штук	Мали	5.10010007890039e-05
2009	млн штук	Кувейт	0.132217166666667
2009	млн штук	Кыргызстан	0.000177
2009	млн штук	Ливан	0.009733
2009	млн штук	Лесото	0.000232
2009	млн штук	Китайский Тайбэй	0.000442
2009	млн штук	Монголия	6e-06
2009	млн штук	Мозамбик	5e-06
2009	млн штук	Оман	0.0126973084285975
2009	млн штук	Черногория	1e-06
2009	млн штук	Судан	4.8e-05
2009	млн штук	Судан (до 2012)	4.26e-05
2009	млн штук	Новая Каледония	0.000121
2009	млн штук	Нигер	1.52e-05
2009	млн штук	Панама	0.000153
2009	млн штук	Тимор-Лешти	0.0004642
2009	млн штук	Катар	0.022714
2009	млн штук	Руанда	7.8e-05
2009	млн штук	Сент-Китс и Невис	2e-06
2009	млн штук	Сент-Люсия	5.2e-05
2009	млн штук	Сент-Винсент и Гренадины	1.7e-05
2009	млн штук	Сан-Томе и Принсипи	1.86666666666667e-06
2009	млн штук	Саудовская Аравия	0.053445
2009	млн штук	Сенегал	0.000447
2009	млн штук	Сейшельские Острова	7e-06
2009	млн штук	Сьерра-Леоне	8.30000000000002e-05
2009	млн штук	Багамские Острова	0.004191
2009	млн штук	Албания	2e-06
2009	млн штук	Ангола	2.4e-06
2009	млн штук	Соломоновы Острова	4e-06
2009	млн штук	Мьянма	5e-06
2009	млн штук	Бурунди	0.0003824
2009	млн штук	Колумбия	0.001458
2009	млн штук	Демократическая Республика Конго	1.65070669331587e-05
2009	млн штук	Куба	3.5e-05
2009	млн штук	Доминика	3e-06
2009	млн штук	Доминиканская Республика	-2.4000013393176e-05
2009	млн штук	Эфиопия	2.25e-05
2009	млн штук	Джибути	0.000712
2009	млн штук	Кабо-Верде	3e-06
2009	млн штук	Гондурас	4.8e-06
2009	млн штук	Китай, Специальный административный район Гонконг	0.038577
2009	млн штук	Ямайка	3e-05
2009	млн штук	Гвинея	4.04e-05
2009	млн штук	Гамбия	1.73333333333333e-05
2009	млн штук	Государство Палестина	1.5e-05
2010	млн штук	Соединенное Королевство Великобритании и Северной Ирландии	0.0739019244318886
2010	млн штук	Грузия	0.021027
2010	млн штук	Соединенные Штаты Америки	0.174675
2010	млн штук	Канада	0.025324
2010	млн штук	Испания	0.00309
2010	млн штук	Италия	0.000536
2010	млн штук	Бахрейн	0.00529
2010	млн штук	Новая Зеландия	0.003209
2010	млн штук	Намибия	0.00299669205934066
2010	млн штук	Иордания	0.003394
2010	млн штук	Пакистан	0.000104
2010	млн штук	Люксембург	0.000167
2010	млн штук	Гана	0.000241
2010	млн штук	Армения	7e-06
2010	млн штук	Республика Молдова	4.2e-05
2010	млн штук	Эстония	0.0186724444444444
2010	млн штук	Кипр	0.000645
2010	млн штук	Кения	0.0002464
2010	млн штук	Фиджи	9e-06
2010	млн штук	Того	0.000425
2010	млн штук	Буркина-Фасо	5.32000000044338e-05
2010	млн штук	Гренада	1.4e-05
2010	млн штук	Замбия	8.2e-05
2010	млн штук	Южная Африка	4e-05
2010	млн штук	Антигуа и Барбуда	9.8e-05
2010	млн штук	Шри-Ланка	0.00238493388570338
2010	млн штук	Маврикий	7.6e-05
2010	млн штук	Мадагаскар	2.6e-05
2010	млн штук	Гайана	1.5e-05
2010	млн штук	Боливия (Многонациональное Государство)	5e-05
2010	млн штук	Бенин	4.7e-05
2010	млн штук	Белиз	8e-06
2010	млн штук	Ботсвана	1.22352970441436e-05
2010	млн штук	Барбадос	3.7e-05
2010	млн штук	Зимбабве	7.3e-05
2010	млн штук	Монтсеррат	4.33333333333333e-06
2010	млн штук	Китай, Специальный административный район Макао	0.0008625
2010	млн штук	Малави	2e-06
2010	млн штук	Объединенная Республика Танзания	9.2e-05
2010	млн штук	Суринам	3.5e-06
2010	млн штук	Эсватини	0.0142666404242474
2010	млн штук	Таиланд	0.000331
2010	млн штук	Тонга	2.5e-06
2010	млн штук	Тринидад и Тобаго	1.5e-05
2010	млн штук	Объединенные Арабские Эмираты	0.394752
2010	млн штук	Уганда	0.005135
2010	млн штук	Узбекистан	5.64553554109417e-06
2010	млн штук	Венесуэла (Боливарианская Республика)	8.86666666666667e-05
2010	млн штук	Йемен	0.002063
2010	млн штук	Мальдивские Острова	3e-06
2010	млн штук	Мали	5.1e-05
2010	млн штук	Кувейт	0.124548333333333
2010	млн штук	Кыргызстан	0.000212
2010	млн штук	Ливан	0.009239
2010	млн штук	Лесото	0.000337
2010	млн штук	Китайский Тайбэй	0.00078
2010	млн штук	Монголия	6e-06
2010	млн штук	Мозамбик	5e-06
2010	млн штук	Оман	0.0126973084285975
2010	млн штук	Черногория	2e-06
2010	млн штук	Судан	4.8e-05
2010	млн штук	Судан (до 2012)	3.5e-05
2010	млн штук	Новая Каледония	0.000121
2010	млн штук	Нигер	1.52e-05
2010	млн штук	Панама	0.000218
2010	млн штук	Тимор-Лешти	0.0004642
2010	млн штук	Катар	0.022714
2010	млн штук	Руанда	0.000265
2010	млн штук	Сент-Китс и Невис	6e-06
2010	млн штук	Сент-Люсия	4.1e-05
2010	млн штук	Сент-Винсент и Гренадины	1.6e-05
2010	млн штук	Сан-Томе и Принсипи	1.8e-06
2010	млн штук	Саудовская Аравия	0.047939
2010	млн штук	Сенегал	0.000447
2010	млн штук	Сейшельские Острова	6e-06
2010	млн штук	Сьерра-Леоне	8.30000000000002e-05
2010	млн штук	Багамские Острова	0.000296
2010	млн штук	Албания	2e-06
2010	млн штук	Ангола	2.4e-06
2010	млн штук	Соломоновы Острова	4e-06
2010	млн штук	Мьянма	5e-06
2010	млн штук	Бурунди	0.0002932
2010	млн штук	Колумбия	0.005428
2010	млн штук	Демократическая Республика Конго	1.65070669331587e-05
2010	млн штук	Куба	3.5e-05
2010	млн штук	Доминика	1e-06
2010	млн штук	Доминиканская Республика	-2.1500012119018e-05
2010	млн штук	Эфиопия	1.375e-05
2010	млн штук	Джибути	0.000712
2010	млн штук	Кабо-Верде	1.1e-05
2010	млн штук	Гондурас	4.8e-06
2010	млн штук	Китай, Специальный административный район Гонконг	0.034396
2010	млн штук	Ямайка	0.000243
2010	млн штук	Гвинея	4.04e-05
2010	млн штук	Гамбия	2.3e-05
2010	млн штук	Государство Палестина	1e-05
2011	млн штук	Соединенное Королевство Великобритании и Северной Ирландии	0.0739019244318886
2011	млн штук	Грузия	0.038125
2011	млн штук	Соединенные Штаты Америки	0.211148
2011	млн штук	Канада	0.029042
2011	млн штук	Испания	0.00745
2011	млн штук	Италия	0.000354
2011	млн штук	Бахрейн	0.00833
2011	млн штук	Новая Зеландия	0.0027545
2011	млн штук	Намибия	0.00299669205934066
2011	млн штук	Иордания	3.2e-05
2011	млн штук	Пакистан	5.5e-05
2011	млн штук	Люксембург	0.00025
2011	млн штук	Гана	0.000241
2011	млн штук	Армения	1.3e-05
2011	млн штук	Республика Молдова	9.9e-05
2011	млн штук	Эстония	0.0165488888888889
2011	млн штук	Кипр	0.000583
2011	млн штук	Кения	0.0002136
2011	млн штук	Фиджи	3.8e-05
2011	млн штук	Того	0.000182
2011	млн штук	Буркина-Фасо	5.32000000044338e-05
2011	млн штук	Гренада	6.6e-05
2011	млн штук	Замбия	4e-05
2011	млн штук	Южная Африка	0.000948
2011	млн штук	Антигуа и Барбуда	3.3e-05
2011	млн штук	Шри-Ланка	0.0021687315434678
2011	млн штук	Маврикий	5.6e-05
2011	млн штук	Мадагаскар	6e-05
2011	млн штук	Гайана	1.1e-05
2011	млн штук	Боливия (Многонациональное Государство)	2.3e-05
2011	млн штук	Бенин	0.000175
2011	млн штук	Белиз	1e-05
2011	млн штук	Ботсвана	8e-06
2011	млн штук	Барбадос	3.4e-05
2011	млн штук	Зимбабве	0.00011
2011	млн штук	Монтсеррат	2.66666666666667e-06
2011	млн штук	Китай, Специальный административный район Макао	0.0009218
2011	млн штук	Малави	2e-06
2011	млн штук	Объединенная Республика Танзания	0.000111777777777778
2011	млн штук	Суринам	4e-06
2011	млн штук	Эсватини	0.0142666404242474
2011	млн штук	Таиланд	0.000331
2011	млн штук	Тонга	2.25e-06
2011	млн штук	Тринидад и Тобаго	1.8e-05
2011	млн штук	Объединенные Арабские Эмираты	0.347975
2011	млн штук	Уганда	0.005382
2011	млн штук	Узбекистан	5.64553554109417e-06
2011	млн штук	Венесуэла (Боливарианская Республика)	4.53333333333333e-05
2011	млн штук	Йемен	0.000208
2011	млн штук	Мальдивские Острова	3e-06
2011	млн штук	Мали	6.1e-05
2011	млн штук	Кувейт	0.1168795
2011	млн штук	Кыргызстан	0.000881
2011	млн штук	Ливан	0.008745
2011	млн штук	Лесото	0.000297
2011	млн штук	Китайский Тайбэй	0.000459
2011	млн штук	Монголия	6e-06
2011	млн штук	Мозамбик	5e-06
2011	млн штук	Оман	0.0126973084285975
2011	млн штук	Черногория	4e-06
2011	млн штук	Судан	4.8e-05
2011	млн штук	Судан (до 2012)	0.000135
2011	млн штук	Новая Каледония	0.000121
2011	млн штук	Нигер	1.6e-05
2011	млн штук	Панама	0.000405
2011	млн штук	Тимор-Лешти	0.0004642
2011	млн штук	Катар	0.022714
2011	млн штук	Руанда	0.000519
2011	млн штук	Сент-Китс и Невис	2.3e-05
2011	млн штук	Сент-Люсия	3e-05
2011	млн штук	Сент-Винсент и Гренадины	3.4e-05
2011	млн штук	Сан-Томе и Принсипи	1.73333333333333e-06
2011	млн штук	Саудовская Аравия	0.054325
2011	млн штук	Сенегал	0.000447
2011	млн штук	Сейшельские Острова	5e-06
2011	млн штук	Сьерра-Леоне	8.30000000000002e-05
2011	млн штук	Багамские Острова	0.011236
2011	млн штук	Албания	2e-06
2011	млн штук	Ангола	2.4e-06
2011	млн штук	Соломоновы Острова	4e-06
2011	млн штук	Мьянма	5e-06
2011	млн штук	Бурунди	0.000204
2011	млн штук	Колумбия	0.009098
2011	млн штук	Демократическая Республика Конго	1.65070669331587e-05
2011	млн штук	Куба	3.5e-05
2011	млн штук	Доминика	1e-06
2011	млн штук	Доминиканская Республика	-1.900001084486e-05
2011	млн штук	Эфиопия	5e-06
2011	млн штук	Джибути	0.000712
2011	млн штук	Кабо-Верде	4e-06
2011	млн штук	Гондурас	4.8e-06
2011	млн штук	Китай, Специальный административный район Гонконг	0.031838
2011	млн штук	Ямайка	0.000139
2011	млн штук	Гвинея	4.04e-05
2011	млн штук	Гамбия	0.000106
2011	млн штук	Государство Палестина	2e-05
2012	млн штук	Соединенное Королевство Великобритании и Северной Ирландии	0.061037
2012	млн штук	Грузия	0.056342
2012	млн штук	Соединенные Штаты Америки	0.218291
2012	млн штук	Канада	0.0310986666666667
2012	млн штук	Испания	0.003012
2012	млн штук	Италия	0.000172
2012	млн штук	Бахрейн	0.010485
2012	млн штук	Новая Зеландия	0.0023
2012	млн штук	Намибия	0.003162
2012	млн штук	Иордания	7e-06
2012	млн штук	Пакистан	0.001454
2012	млн штук	Люксембург	0.000165
2012	млн штук	Гана	0.000241
2012	млн штук	Армения	1e-05
2012	млн штук	Республика Молдова	8.5e-05
2012	млн штук	Эстония	0.0144253333333333
2012	млн штук	Кипр	0.000545
2012	млн штук	Кения	0.0001808
2012	млн штук	Фиджи	2.8e-05
2012	млн штук	Того	0.000227
2012	млн штук	Буркина-Фасо	5.32000000044338e-05
2012	млн штук	Гренада	1.1e-05
2012	млн штук	Замбия	2.8e-05
2012	млн штук	Южная Африка	0.000438
2012	млн штук	Антигуа и Барбуда	6.8e-05
2012	млн штук	Шри-Ланка	4.3e-05
2012	млн штук	Маврикий	8e-05
2012	млн штук	Мадагаскар	3.4e-05
2012	млн штук	Гайана	1.1e-05
2012	млн штук	Боливия (Многонациональное Государство)	2.7e-05
2012	млн штук	Бенин	3.4e-05
2012	млн штук	Белиз	1.2e-05
2012	млн штук	Ботсвана	5e-06
2012	млн штук	Барбадос	8e-05
2012	млн штук	Зимбабве	9.7e-05
2012	млн штук	Монтсеррат	1e-06
2012	млн штук	Китай, Специальный административный район Макао	0.0009811
2012	млн штук	Малави	2e-06
2012	млн штук	Объединенная Республика Танзания	0.000131555555555556
2012	млн штук	Суринам	1e-06
2012	млн штук	Эсватини	0.0142666404242474
2012	млн штук	Таиланд	0.000331
2012	млн штук	Тонга	2e-06
2012	млн штук	Тринидад и Тобаго	1.8e-05
2012	млн штук	Объединенные Арабские Эмираты	0.301198
2012	млн штук	Уганда	0.005629
2012	млн штук	Узбекистан	5.64553554109417e-06
2012	млн штук	Венесуэла (Боливарианская Республика)	2e-06
2012	млн штук	Йемен	0.00016
2012	млн штук	Мальдивские Острова	3e-06
2012	млн штук	Мали	0.000123
2012	млн штук	Кувейт	0.109210666666667
2012	млн штук	Кыргызстан	0.000555
2012	млн штук	Ливан	0.008251
2012	млн штук	Лесото	0.0002735
2012	млн штук	Китайский Тайбэй	4.3e-05
2012	млн штук	Монголия	6e-06
2012	млн штук	Мозамбик	5e-06
2012	млн штук	Оман	0.0126973084285975
2012	млн штук	Черногория	6e-06
2012	млн штук	Судан	4.8e-05
2012	млн штук	Судан (до 2012)	6.66260207134905e-05
2012	млн штук	Новая Каледония	0.000121
2012	млн штук	Нигер	1.5e-05
2012	млн штук	Панама	0.000318
2012	млн штук	Тимор-Лешти	0.0004642
2012	млн штук	Катар	0.022714
2012	млн штук	Руанда	0.000696
2012	млн штук	Сент-Китс и Невис	4e-06
2012	млн штук	Сент-Люсия	1.9e-05
2012	млн штук	Сент-Винсент и Гренадины	1.3e-05
2012	млн штук	Сан-Томе и Принсипи	1.66666666666667e-06
2012	млн штук	Саудовская Аравия	0.045076
2012	млн штук	Сенегал	0.000447
2012	млн штук	Сейшельские Острова	4e-06
2012	млн штук	Сьерра-Леоне	8.30000000000002e-05
2012	млн штук	Багамские Острова	0.006909
2012	млн штук	Албания	2e-06
2012	млн штук	Ангола	2.4e-06
2012	млн штук	Соломоновы Острова	4e-06
2012	млн штук	Мьянма	5e-06
2012	млн штук	Бурунди	9.1e-05
2012	млн штук	Колумбия	0.0127680024436337
2012	млн штук	Демократическая Республика Конго	1.65070669331587e-05
2012	млн штук	Куба	3.5e-05
2012	млн штук	Доминика	1e-06
2012	млн штук	Доминиканская Республика	-1.65000095707021e-05
2012	млн штук	Эфиопия	6.5e-05
2012	млн штук	Джибути	0.000712
2012	млн штук	Кабо-Верде	8e-06
2012	млн штук	Гондурас	4.8e-06
2012	млн штук	Китай, Специальный административный район Гонконг	0.030551
2012	млн штук	Ямайка	0.00018
2012	млн штук	Гвинея	4.04e-05
2012	млн штук	Гамбия	0.000121
2012	млн штук	Государство Палестина	1.3e-05
2013	млн штук	Соединенное Королевство Великобритании и Северной Ирландии	0.116938
2013	млн штук	Грузия	7.2e-05
2013	млн штук	Соединенные Штаты Америки	0.204433
2013	млн штук	Канада	0.0331553333333333
2013	млн штук	Испания	0.040252
2013	млн штук	Италия	0.000188
2013	млн штук	Бахрейн	0.045098
2013	млн штук	Новая Зеландия	0.002198
2013	млн штук	Намибия	0.00234
2013	млн штук	Иордания	0.001514
2013	млн штук	Пакистан	4e-06
2013	млн штук	Люксембург	0.000162
2013	млн штук	Гана	0.000241
2013	млн штук	Армения	8e-06
2013	млн штук	Республика Молдова	0.000116
2013	млн штук	Эстония	0.0123017777777778
2013	млн штук	Кипр	0.000614
2013	млн штук	Кения	0.000148
2013	млн штук	Фиджи	1.8e-05
2013	млн штук	Того	0.000174
2013	млн штук	Буркина-Фасо	5.32000000044338e-05
2013	млн штук	Гренада	2e-05
2013	млн штук	Замбия	3.3e-05
2013	млн штук	Южная Африка	0.000319
2013	млн штук	Антигуа и Барбуда	3.9e-05
2013	млн штук	Шри-Ланка	3.45e-05
2013	млн штук	Маврикий	6.5e-05
2013	млн штук	Мадагаскар	8e-06
2013	млн штук	Гайана	9e-06
2013	млн штук	Боливия (Многонациональное Государство)	2.3e-05
2013	млн штук	Бенин	6.4e-05
2013	млн штук	Белиз	2.1e-05
2013	млн штук	Ботсвана	3e-06
2013	млн штук	Барбадос	7e-06
2013	млн штук	Зимбабве	9.7e-05
2013	млн штук	Монтсеррат	2e-06
2013	млн штук	Китай, Специальный административный район Макао	0.0010404
2013	млн штук	Малави	2e-06
2013	млн штук	Объединенная Республика Танзания	0.000151333333333333
2013	млн штук	Суринам	1e-06
2013	млн штук	Эсватини	0.0142666404242474
2013	млн штук	Таиланд	6.8e-05
2013	млн штук	Тонга	3e-06
2013	млн штук	Тринидад и Тобаго	0.000157
2013	млн штук	Объединенные Арабские Эмираты	0.46094
2013	млн штук	Уганда	0.005876
2013	млн штук	Узбекистан	5.64553554109417e-06
2013	млн штук	Венесуэла (Боливарианская Республика)	-4.15662888291941e-05
2013	млн штук	Йемен	0.333632
2013	млн штук	Мальдивские Острова	3e-06
2013	млн штук	Мали	0.00012125
2013	млн штук	Кувейт	0.101541833333333
2013	млн штук	Кыргызстан	0.000177
2013	млн штук	Ливан	0.007757
2013	млн штук	Лесото	0.00025
2013	млн штук	Китайский Тайбэй	0.000315
2013	млн штук	Монголия	6e-06
2013	млн штук	Мозамбик	5e-06
2013	млн штук	Оман	0.0126973084285975
2013	млн штук	Черногория	8e-06
2013	млн штук	Судан	4.8e-05
2013	млн штук	Судан (до 2012)	6.66260207134905e-05
2013	млн штук	Новая Каледония	0.000121
2013	млн штук	Нигер	1.58e-05
2013	млн штук	Панама	0.000239
2013	млн штук	Тимор-Лешти	0.0004642
2013	млн штук	Катар	0.022714
2013	млн штук	Руанда	0.000647
2013	млн штук	Сент-Китс и Невис	1.2e-05
2013	млн штук	Сент-Люсия	0.000137
2013	млн штук	Сент-Винсент и Гренадины	3.3e-05
2013	млн штук	Сан-Томе и Принсипи	1.6e-06
2013	млн штук	Саудовская Аравия	0.065943
2013	млн штук	Сенегал	0.000447
2013	млн штук	Сейшельские Острова	3e-06
2013	млн штук	Сьерра-Леоне	8.30000000000002e-05
2013	млн штук	Багамские Острова	0.016168
2013	млн штук	Албания	2e-06
2013	млн штук	Ангола	2.4e-06
2013	млн штук	Соломоновы Острова	4e-06
2013	млн штук	Мьянма	5e-06
2013	млн штук	Бурунди	5.85e-05
2013	млн штук	Колумбия	0.0164380046677663
2013	млн штук	Демократическая Республика Конго	1.65070669331587e-05
2013	млн штук	Куба	3.5e-05
2013	млн штук	Доминика	1.09388484617053e-06
2013	млн штук	Доминиканская Республика	-1.40000082965441e-05
2013	млн штук	Эфиопия	4.2e-05
2013	млн штук	Джибути	0.000712
2013	млн штук	Кабо-Верде	8.25044129147401e-06
2013	млн штук	Гондурас	4.8e-06
2013	млн штук	Китай, Специальный административный район Гонконг	0.03594
2013	млн штук	Ямайка	0.000549
2013	млн штук	Гвинея	0.000102
2013	млн штук	Гамбия	0.000111
2013	млн штук	Государство Палестина	4.4e-05
2014	млн штук	Соединенное Королевство Великобритании и Северной Ирландии	0.073309
2014	млн штук	Грузия	0.044219
2014	млн штук	Соединенные Штаты Америки	0.151269
2014	млн штук	Канада	0.035212
2014	млн штук	Испания	0.115677
2014	млн штук	Италия	0.000602
2014	млн штук	Бахрейн	0.015889
2014	млн штук	Новая Зеландия	0.001907
2014	млн штук	Намибия	0.002193
2014	млн штук	Иордания	0.001546
2014	млн штук	Пакистан	3.2e-05
2014	млн штук	Люксембург	0.00019
2014	млн штук	Гана	0.000241
2014	млн штук	Армения	1.2e-05
2014	млн штук	Республика Молдова	8e-05
2014	млн штук	Эстония	0.0101782222222222
2014	млн штук	Кипр	0.000466
2014	млн штук	Кения	0.0001562
2014	млн штук	Фиджи	0.000646
2014	млн штук	Того	0.00024
2014	млн штук	Буркина-Фасо	5.32000000044338e-05
2014	млн штук	Гренада	8e-06
2014	млн штук	Замбия	0.000143
2014	млн штук	Южная Африка	0.000451
2014	млн штук	Антигуа и Барбуда	1.6e-05
2014	млн штук	Шри-Ланка	2.6e-05
2014	млн штук	Маврикий	0.000132
2014	млн штук	Мадагаскар	1.5e-05
2014	млн штук	Гайана	6e-06
2014	млн штук	Боливия (Многонациональное Государство)	2e-05
2014	млн штук	Бенин	6.9e-05
2014	млн штук	Белиз	2.1e-05
2014	млн штук	Ботсвана	1e-06
2014	млн штук	Барбадос	0.000142
2014	млн штук	Зимбабве	0.000211
2014	млн штук	Монтсеррат	1e-06
2014	млн штук	Китай, Специальный административный район Макао	0.0010997
2014	млн штук	Малави	1e-06
2014	млн штук	Объединенная Республика Танзания	0.000171111111111111
2014	млн штук	Суринам	7e-06
2014	млн штук	Эсватини	0.0142666404242474
2014	млн штук	Таиланд	0.000161
2014	млн штук	Тонга	0.002002
2014	млн штук	Тринидад и Тобаго	1.2e-05
2014	млн штук	Объединенные Арабские Эмираты	0.632108
2014	млн штук	Уганда	0.334972
2014	млн штук	Узбекистан	5.64553554109417e-06
2014	млн штук	Венесуэла (Боливарианская Республика)	-8.41180511751053e-05
2014	млн штук	Йемен	0.667104
2014	млн штук	Мальдивские Острова	3e-06
2014	млн штук	Мали	0.0001195
2014	млн штук	Кувейт	0.093873
2014	млн штук	Кыргызстан	0.000847
2014	млн штук	Ливан	0.007263
2014	млн штук	Лесото	5.7e-05
2014	млн штук	Китайский Тайбэй	0.000302
2014	млн штук	Монголия	6e-06
2014	млн штук	Мозамбик	5e-06
2014	млн штук	Оман	0.0126973084285975
2014	млн штук	Черногория	1e-05
2014	млн штук	Судан	4.8e-05
2014	млн штук	Судан (до 2012)	6.66260207134905e-05
2014	млн штук	Новая Каледония	0.000121
2014	млн штук	Нигер	1.58e-05
2014	млн штук	Панама	0.000513
2014	млн штук	Тимор-Лешти	0.0004642
2014	млн штук	Катар	0.022714
2014	млн штук	Руанда	0.000619
2014	млн штук	Сент-Китс и Невис	7e-06
2014	млн штук	Сент-Люсия	2.8e-05
2014	млн штук	Сент-Винсент и Гренадины	1.9e-05
2014	млн штук	Сан-Томе и Принсипи	1.53333333333333e-06
2014	млн штук	Саудовская Аравия	0.054308
2014	млн штук	Сенегал	0.000447
2014	млн штук	Сейшельские Острова	2e-06
2014	млн штук	Сьерра-Леоне	8.30000000000002e-05
2014	млн штук	Багамские Острова	0.018963
2014	млн штук	Албания	2e-06
2014	млн штук	Ангола	2.4e-06
2014	млн штук	Соломоновы Острова	4e-06
2014	млн штук	Мьянма	5e-06
2014	млн штук	Бурунди	2.6e-05
2014	млн штук	Колумбия	0.0201080068918988
2014	млн штук	Демократическая Республика Конго	1.65070669331587e-05
2014	млн штук	Куба	3.5e-05
2014	млн штук	Доминика	1.09388484617053e-06
2014	млн штук	Доминиканская Республика	-1.15000070223861e-05
2014	млн штук	Эфиопия	3.3e-05
2014	млн штук	Джибути	0.000712
2014	млн штук	Кабо-Верде	8.25044129147401e-06
2014	млн штук	Гондурас	4.8e-06
2014	млн штук	Китай, Специальный административный район Гонконг	0.021554
2014	млн штук	Ямайка	0.001574
2014	млн штук	Гвинея	2.5e-05
2014	млн штук	Гамбия	4e-05
2014	млн штук	Государство Палестина	2e-06
2015	млн штук	Соединенное Королевство Великобритании и Северной Ирландии	0.0489176666666667
2015	млн штук	Грузия	0.01813
2015	млн штук	Соединенные Штаты Америки	0.131503
2015	млн штук	Канада	0.04604
2015	млн штук	Испания	0.08895
2015	млн штук	Италия	0.139831
2015	млн штук	Бахрейн	0.0097285
2015	млн штук	Новая Зеландия	0.002386
2015	млн штук	Намибия	0.002046
2015	млн штук	Иордания	0.00162
2015	млн штук	Пакистан	2.1e-05
2015	млн штук	Люксембург	0.000289
2015	млн штук	Гана	0.000241
2015	млн штук	Армения	0.000135
2015	млн штук	Республика Молдова	7.2e-05
2015	млн штук	Эстония	0.00805466666666667
2015	млн штук	Кипр	0.001513
2015	млн штук	Кения	0.0001644
2015	млн штук	Фиджи	2.3e-05
2015	млн штук	Того	0.000222
2015	млн штук	Буркина-Фасо	5.32000000044338e-05
2015	млн штук	Гренада	8e-06
2015	млн штук	Замбия	2.4e-05
2015	млн штук	Южная Африка	0.000307
2015	млн штук	Антигуа и Барбуда	2.4e-05
2015	млн штук	Шри-Ланка	0.00537
2015	млн штук	Маврикий	2.9e-05
2015	млн штук	Мадагаскар	1.9e-05
2015	млн штук	Гайана	1e-05
2015	млн штук	Боливия (Многонациональное Государство)	4.3e-05
2015	млн штук	Бенин	7.9e-05
2015	млн штук	Белиз	9e-06
2015	млн штук	Ботсвана	1.1e-05
2015	млн штук	Барбадос	0.000414
2015	млн штук	Зимбабве	8.4e-05
2015	млн штук	Монтсеррат	1e-06
2015	млн штук	Китай, Специальный административный район Макао	0.001159
2015	млн штук	Малави	1e-06
2015	млн штук	Объединенная Республика Танзания	0.000190888888888889
2015	млн штук	Суринам	5.66666666666667e-06
2015	млн штук	Эсватини	0.0142666404242474
2015	млн штук	Таиланд	0.000277
2015	млн штук	Тонга	0.000287854375532562
2015	млн штук	Тринидад и Тобаго	2.1e-05
2015	млн штук	Объединенные Арабские Эмираты	0.569191
2015	млн штук	Уганда	0.005184
2015	млн штук	Узбекистан	5.64553554109417e-06
2015	млн штук	Венесуэла (Боливарианская Республика)	-0.000126669813521016
2015	млн штук	Йемен	0.286674
2015	млн штук	Мальдивские Острова	3e-06
2015	млн штук	Мали	0.00011775
2015	млн штук	Кувейт	0.033925
2015	млн штук	Кыргызстан	0.000726428571428571
2015	млн штук	Ливан	0.006769
2015	млн штук	Лесото	9.4e-05
2015	млн штук	Китайский Тайбэй	0.000338504341283108
2015	млн штук	Монголия	1.4e-05
2015	млн штук	Мозамбик	5e-06
2015	млн штук	Оман	0.0126973084285975
2015	млн штук	Черногория	1.2e-05
2015	млн штук	Судан	4.8e-05
2015	млн штук	Судан (до 2012)	6.66260207134905e-05
2015	млн штук	Новая Каледония	0.000121
2015	млн штук	Нигер	1.58e-05
2015	млн штук	Панама	0.000285
2015	млн штук	Тимор-Лешти	0.0004642
2015	млн штук	Катар	0.022714
2015	млн штук	Руанда	0.000532
2015	млн штук	Сент-Китс и Невис	6.7e-05
2015	млн штук	Сент-Люсия	3.2e-05
2015	млн штук	Сент-Винсент и Гренадины	2.3e-05
2015	млн штук	Сан-Томе и Принсипи	1.46666666666667e-06
2015	млн штук	Саудовская Аравия	0.066971
2015	млн штук	Сенегал	0.000447
2015	млн штук	Сейшельские Острова	1e-06
2015	млн штук	Сьерра-Леоне	8.3e-05
2015	млн штук	Багамские Острова	0.028221
2015	млн штук	Албания	2e-06
2015	млн штук	Ангола	2.4e-06
2015	млн штук	Соломоновы Острова	2e-06
2015	млн штук	Мьянма	5e-06
2015	млн штук	Бурунди	0.001211
2015	млн штук	Колумбия	0.0237780091160314
2015	млн штук	Демократическая Республика Конго	1.6e-05
2015	млн штук	Куба	3.5e-05
2015	млн штук	Доминика	1.09388484617053e-06
2015	млн штук	Доминиканская Республика	-9.00000574822815e-06
2015	млн штук	Эфиопия	3.6e-05
2015	млн штук	Джибути	0.000712
2015	млн штук	Кабо-Верде	8.25044129147401e-06
2015	млн штук	Гондурас	4.8e-06
2015	млн штук	Китай, Специальный административный район Гонконг	0.018323
2015	млн штук	Ямайка	4e-05
2015	млн штук	Гвинея	-2.37795437967501e-05
2015	млн штук	Гамбия	2.2e-05
2015	млн штук	Государство Палестина	2.78110611325826e-05
2016	млн штук	Соединенное Королевство Великобритании и Северной Ирландии	0.0245263333333333
2016	млн штук	Грузия	0.015566
2016	млн штук	Соединенные Штаты Америки	0.131503
2016	млн штук	Канада	0.06093
2016	млн штук	Испания	0.072779
2016	млн штук	Италия	0.133205
2016	млн штук	Бахрейн	0.003568
2016	млн штук	Новая Зеландия	0.037042
2016	млн штук	Намибия	0.00143
2016	млн штук	Иордания	0.001398
2016	млн штук	Пакистан	5.1e-05
2016	млн штук	Люксембург	0.000523
2016	млн штук	Гана	0.000241
2016	млн штук	Армения	0.000147
2016	млн штук	Республика Молдова	0.000168
2016	млн штук	Эстония	0.00593111111111111
2016	млн штук	Кипр	0.001082
2016	млн штук	Кения	0.0001726
2016	млн штук	Фиджи	1.9e-05
2016	млн штук	Того	0.000339
2016	млн штук	Буркина-Фасо	5.32000000044338e-05
2016	млн штук	Гренада	4e-06
2016	млн штук	Замбия	2.4e-05
2016	млн штук	Южная Африка	0.00024
2016	млн штук	Антигуа и Барбуда	1.8e-05
2016	млн штук	Шри-Ланка	4.3e-05
2016	млн штук	Маврикий	7.2e-05
2016	млн штук	Мадагаскар	2.6e-05
2016	млн штук	Гайана	1.1e-05
2016	млн штук	Боливия (Многонациональное Государство)	9e-06
2016	млн штук	Бенин	8.4e-05
2016	млн штук	Белиз	3.1e-05
2016	млн штук	Ботсвана	4e-05
2016	млн штук	Барбадос	5.9e-05
2016	млн штук	Зимбабве	1.6e-05
2016	млн штук	Монтсеррат	1e-06
2016	млн штук	Китай, Специальный административный район Макао	0.000421
2016	млн штук	Малави	2e-06
2016	млн штук	Объединенная Республика Танзания	0.000210666666666667
2016	млн штук	Суринам	4.33333333333333e-06
2016	млн штук	Эсватини	0.0142666404242474
2016	млн штук	Таиланд	0.000601
2016	млн штук	Тонга	0.000287854375532562
2016	млн штук	Тринидад и Тобаго	8.4e-05
2016	млн штук	Объединенные Арабские Эмираты	0.499205
2016	млн штук	Уганда	0.001965
2016	млн штук	Узбекистан	5.64553554109417e-06
2016	млн штук	Венесуэла (Боливарианская Республика)	-0.000169221575866928
2016	млн штук	Йемен	0.000143441853863674
2016	млн штук	Мальдивские Острова	3e-06
2016	млн штук	Мали	0.000116
2016	млн штук	Кувейт	0.03841625
2016	млн штук	Кыргызстан	0.000605857142857143
2016	млн штук	Ливан	0.006275
2016	млн штук	Лесото	0.000131
2016	млн штук	Китайский Тайбэй	0.000338504341283108
2016	млн штук	Монголия	5e-06
2016	млн штук	Мозамбик	5e-06
2016	млн штук	Оман	0.014024
2016	млн штук	Черногория	1.4e-05
2016	млн штук	Судан	4.8e-05
2016	млн штук	Судан (до 2012)	6.66260207134905e-05
2016	млн штук	Новая Каледония	0.000121
2016	млн штук	Нигер	1.58e-05
2016	млн штук	Панама	0.000224
2016	млн штук	Тимор-Лешти	0.0004642
2016	млн штук	Катар	0.022714
2016	млн штук	Руанда	0.000378
2016	млн штук	Сент-Китс и Невис	2.4e-05
2016	млн штук	Сент-Люсия	4.68267763617442e-05
2016	млн штук	Сент-Винсент и Гренадины	2.4e-05
2016	млн штук	Сан-Томе и Принсипи	1.4e-06
2016	млн штук	Саудовская Аравия	0.069549
2016	млн штук	Сенегал	0.000447
2016	млн штук	Сейшельские Острова	2e-06
2016	млн штук	Сьерра-Леоне	3.4e-05
2016	млн штук	Багамские Острова	0.0243137142857143
2016	млн штук	Албания	2e-06
2016	млн штук	Ангола	2.4e-06
2016	млн штук	Соломоновы Острова	1.5e-05
2016	млн штук	Мьянма	5e-06
2016	млн штук	Бурунди	2.5e-05
2016	млн штук	Колумбия	0.0274480113401639
2016	млн штук	Демократическая Республика Конго	2.2e-05
2016	млн штук	Куба	3.5e-05
2016	млн штук	Доминика	1.09388484617053e-06
2016	млн штук	Доминиканская Республика	-6.50000447407018e-06
2016	млн штук	Эфиопия	3.9e-05
2016	млн штук	Джибути	0.000712
2016	млн штук	Кабо-Верде	8.25044129147401e-06
2016	млн штук	Гондурас	4.8e-06
2016	млн штук	Китай, Специальный административный район Гонконг	0.0183233236258112
2016	млн штук	Ямайка	3.4e-05
2016	млн штук	Гвинея	-7.25590875424113e-05
2016	млн штук	Гамбия	2.15e-05
2016	млн штук	Государство Палестина	2.78110611325826e-05
2017	млн штук	Соединенное Королевство Великобритании и Северной Ирландии	0.000135
2017	млн штук	Грузия	0.029343
2017	млн штук	Соединенные Штаты Америки	0.134876
2017	млн штук	Канада	0.073824
2017	млн штук	Испания	0.086983
2017	млн штук	Италия	0.1140502
2017	млн штук	Бахрейн	0.009053
2017	млн штук	Новая Зеландия	0.004808
2017	млн штук	Намибия	0.004207
2017	млн штук	Иордания	0.001442
2017	млн штук	Пакистан	1.7e-05
2017	млн штук	Люксембург	0.001184
2017	млн штук	Гана	0.000241
2017	млн штук	Армения	0.000162
2017	млн штук	Республика Молдова	0.000204
2017	млн штук	Эстония	0.00380755555555555
2017	млн штук	Кипр	0.000365
2017	млн штук	Кения	0.0001808
2017	млн штук	Фиджи	4.1e-05
2017	млн штук	Того	0.0001935
2017	млн штук	Буркина-Фасо	5.32000000044338e-05
2017	млн штук	Гренада	2e-05
2017	млн штук	Замбия	1.8e-05
2017	млн штук	Южная Африка	0.000303
2017	млн штук	Антигуа и Барбуда	2.3e-05
2017	млн штук	Шри-Ланка	3.53333333333333e-05
2017	млн штук	Маврикий	6.3e-05
2017	млн штук	Мадагаскар	2.8e-05
2017	млн штук	Гайана	1.3e-05
2017	млн штук	Боливия (Многонациональное Государство)	2.6e-05
2017	млн штук	Бенин	5e-05
2017	млн штук	Белиз	1.1e-05
2017	млн штук	Ботсвана	6.9e-05
2017	млн штук	Барбадос	4.1e-05
2017	млн штук	Зимбабве	1.225e-05
2017	млн штук	Монтсеррат	6e-06
2017	млн штук	Китай, Специальный административный район Макао	0.000421077118986516
2017	млн штук	Малави	1e-06
2017	млн штук	Объединенная Республика Танзания	0.000230444444444444
2017	млн штук	Суринам	3e-06
2017	млн штук	Эсватини	0.0142666404242474
2017	млн штук	Таиланд	0.000366
2017	млн штук	Тонга	0.000287854375532562
2017	млн штук	Тринидад и Тобаго	0.000137
2017	млн штук	Объединенные Арабские Эмираты	0.325435
2017	млн штук	Уганда	0.119718
2017	млн штук	Узбекистан	2e-06
2017	млн штук	Венесуэла (Боливарианская Республика)	-0.000211773338212839
2017	млн штук	Йемен	0.000143441853863674
2017	млн штук	Мальдивские Острова	3e-06
2017	млн штук	Мали	0.000101325001601264
2017	млн штук	Кувейт	0.0429075
2017	млн штук	Кыргызстан	0.000485285714285714
2017	млн штук	Ливан	0.005781
2017	млн штук	Лесото	4e-06
2017	млн штук	Китайский Тайбэй	0.000338504341283108
2017	млн штук	Монголия	6e-06
2017	млн штук	Мозамбик	5e-06
2017	млн штук	Оман	0.014515
2017	млн штук	Черногория	1.6e-05
2017	млн штук	Судан	4.8e-05
2017	млн штук	Судан (до 2012)	6.66260207134905e-05
2017	млн штук	Новая Каледония	0.000121
2017	млн штук	Нигер	1.58e-05
2017	млн штук	Панама	0.00021
2017	млн штук	Тимор-Лешти	0.0004642
2017	млн штук	Катар	0.022714
2017	млн штук	Руанда	0.00039
2017	млн штук	Сент-Китс и Невис	1.61555146524712e-05
2017	млн штук	Сент-Люсия	4.68267763617442e-05
2017	млн штук	Сент-Винсент и Гренадины	3.4e-05
2017	млн штук	Сан-Томе и Принсипи	1.33333333333333e-06
2017	млн штук	Саудовская Аравия	0.137395
2017	млн штук	Сенегал	0.000447
2017	млн штук	Сейшельские Острова	1.45e-05
2017	млн штук	Сьерра-Леоне	8.9e-05
2017	млн штук	Багамские Острова	0.0204064285714286
2017	млн штук	Албания	2e-06
2017	млн штук	Ангола	2.4e-06
2017	млн штук	Соломоновы Острова	2e-06
2017	млн штук	Мьянма	5e-06
2017	млн штук	Бурунди	9e-06
2017	млн штук	Колумбия	0.0311180135642964
2017	млн штук	Демократическая Республика Конго	5e-06
2017	млн штук	Куба	3.5e-05
2017	млн штук	Доминика	1.09388484617053e-06
2017	млн штук	Доминиканская Республика	-4.00000319991221e-06
2017	млн штук	Эфиопия	0.00011
2017	млн штук	Джибути	0.000712
2017	млн штук	Кабо-Верде	8.25044129147401e-06
2017	млн штук	Гондурас	4.8e-06
2017	млн штук	Китай, Специальный административный район Гонконг	0.0183233236258112
2017	млн штук	Ямайка	8.2e-05
2017	млн штук	Гвинея	-0.000121338631288072
2017	млн штук	Гамбия	2.1e-05
2017	млн штук	Государство Палестина	2.78110611325826e-05
2018	млн штук	Соединенное Королевство Великобритании и Северной Ирландии	0.000724
2018	млн штук	Грузия	0.054493
2018	млн штук	Соединенные Штаты Америки	0.129654
2018	млн штук	Канада	0.062692
2018	млн штук	Испания	0.078262
2018	млн штук	Италия	0.0948954
2018	млн штук	Бахрейн	0.006592
2018	млн штук	Новая Зеландия	0.002931
2018	млн штук	Намибия	0.0049075
2018	млн штук	Иордания	0.001486
2018	млн штук	Пакистан	1.3e-05
2018	млн штук	Люксембург	0.000498
2018	млн штук	Гана	0.000241
2018	млн штук	Армения	0.000291
2018	млн штук	Республика Молдова	0.000156
2018	млн штук	Эстония	0.001684
2018	млн штук	Кипр	0.000246
2018	млн штук	Кения	0.000189
2018	млн штук	Фиджи	4.6e-05
2018	млн штук	Того	4.8e-05
2018	млн штук	Буркина-Фасо	5.32000000044338e-05
2018	млн штук	Гренада	7.3e-05
2018	млн штук	Замбия	1.6e-05
2018	млн штук	Южная Африка	0.00057
2018	млн штук	Антигуа и Барбуда	8.1e-05
2018	млн штук	Шри-Ланка	2.76666666666667e-05
2018	млн штук	Маврикий	5.4e-05
2018	млн штук	Мадагаскар	1.1e-05
2018	млн штук	Гайана	1.9e-05
2018	млн штук	Боливия (Многонациональное Государство)	2.6e-05
2018	млн штук	Бенин	4.8e-05
2018	млн штук	Белиз	7e-06
2018	млн штук	Ботсвана	2e-06
2018	млн штук	Барбадос	3.8e-05
2018	млн штук	Зимбабве	8.5e-06
2018	млн штук	Монтсеррат	8e-06
2018	млн штук	Китай, Специальный административный район Макао	0.000421077118986516
2018	млн штук	Малави	1e-06
2018	млн штук	Объединенная Республика Танзания	0.000250222222222222
2018	млн штук	Суринам	3e-06
2018	млн штук	Эсватини	0.0142666404242474
2018	млн штук	Таиланд	0.000331
2018	млн штук	Тонга	0.000287854375532562
2018	млн штук	Тринидад и Тобаго	5.2e-05
2018	млн штук	Объединенные Арабские Эмираты	0.247307
2018	млн штук	Уганда	0.032343216723733
2018	млн штук	Узбекистан	1e-05
2018	млн штук	Венесуэла (Боливарианская Республика)	-0.00025432510055875
2018	млн штук	Йемен	0.000143441853863674
2018	млн штук	Мальдивские Острова	3e-06
2018	млн штук	Мали	0.000101325001601264
2018	млн штук	Кувейт	0.04739875
2018	млн штук	Кыргызстан	0.000364714285714286
2018	млн штук	Ливан	0.005287
2018	млн штук	Лесото	3e-06
2018	млн штук	Китайский Тайбэй	0.000338504341283108
2018	млн штук	Монголия	6e-06
2018	млн штук	Мозамбик	5e-06
2018	млн штук	Оман	0.015006
2018	млн штук	Черногория	1.8e-05
2018	млн штук	Судан	4.8e-05
2018	млн штук	Судан (до 2012)	6.66260207134905e-05
2018	млн штук	Новая Каледония	0.000121
2018	млн штук	Нигер	1.58e-05
2018	млн штук	Панама	0.000227
2018	млн штук	Тимор-Лешти	0.0004642
2018	млн штук	Катар	0.022714
2018	млн штук	Руанда	0.00094
2018	млн штук	Сент-Китс и Невис	1.61555146524712e-05
2018	млн штук	Сент-Люсия	4.68267763617442e-05
2018	млн штук	Сент-Винсент и Гренадины	9.6e-05
2018	млн штук	Сан-Томе и Принсипи	1.26666666666667e-06
2018	млн штук	Саудовская Аравия	0.125418
2018	млн штук	Сенегал	0.000447
2018	млн штук	Сейшельские Острова	2.7e-05
2018	млн штук	Сьерра-Леоне	8.3e-05
2018	млн штук	Багамские Острова	0.0164991428571429
2018	млн штук	Албания	2e-06
2018	млн штук	Ангола	2.4e-06
2018	млн штук	Соломоновы Острова	4e-06
2018	млн штук	Мьянма	5e-06
2018	млн штук	Бурунди	4.2e-05
2018	млн штук	Колумбия	0.034788015788429
2018	млн штук	Демократическая Республика Конго	4e-06
2018	млн штук	Куба	3.5e-05
2018	млн штук	Доминика	1.09388484617053e-06
2018	млн штук	Доминиканская Республика	-1.50000192575423e-06
2018	млн штук	Эфиопия	6.4e-05
2018	млн штук	Джибути	0.000712
2018	млн штук	Кабо-Верде	8.25044129147401e-06
2018	млн штук	Гондурас	4.8e-06
2018	млн штук	Китай, Специальный административный район Гонконг	0.0183233236258112
2018	млн штук	Ямайка	1.1e-05
2018	млн штук	Гвинея	-0.000170118175033734
2018	млн штук	Гамбия	2.1e-05
2018	млн штук	Государство Палестина	2.78110611325826e-05
2019	млн штук	Соединенное Королевство Великобритании и Северной Ирландии	0.001313
2019	млн штук	Грузия	0.107265
2019	млн штук	Соединенные Штаты Америки	0.138613
2019	млн штук	Канада	0.066809
2019	млн штук	Испания	0.074081
2019	млн штук	Италия	0.0757406
2019	млн штук	Бахрейн	0.00634433333333333
2019	млн штук	Новая Зеландия	0.003764
2019	млн штук	Намибия	0.005608
2019	млн штук	Иордания	0.00153
2019	млн штук	Пакистан	9e-06
2019	млн штук	Люксембург	0.001106
2019	млн штук	Гана	0.000241
2019	млн штук	Армения	0.000449
2019	млн штук	Республика Молдова	0.000157
2019	млн штук	Эстония	0.000798
2019	млн штук	Кипр	0.000174
2019	млн штук	Кения	0.000177666666666667
2019	млн штук	Фиджи	3.2e-05
2019	млн штук	Того	0.000145
2019	млн штук	Буркина-Фасо	5.32000000044338e-05
2019	млн штук	Гренада	1.1e-05
2019	млн штук	Замбия	4.9e-05
2019	млн штук	Южная Африка	0.000339
2019	млн штук	Антигуа и Барбуда	7e-05
2019	млн штук	Шри-Ланка	2e-05
2019	млн штук	Маврикий	4.5e-05
2019	млн штук	Мадагаскар	1e-05
2019	млн штук	Гайана	1.6e-05
2019	млн штук	Боливия (Многонациональное Государство)	2.2e-05
2019	млн штук	Бенин	4.2e-05
2019	млн штук	Белиз	1.2e-05
2019	млн штук	Ботсвана	2e-06
2019	млн штук	Барбадос	2.7e-05
2019	млн штук	Зимбабве	4.75e-06
2019	млн штук	Монтсеррат	4.5e-06
2019	млн штук	Китай, Специальный административный район Макао	0.000421077118986516
2019	млн штук	Малави	3e-06
2019	млн штук	Объединенная Республика Танзания	0.00027
2019	млн штук	Суринам	3e-06
2019	млн штук	Эсватини	0.0142666404242474
2019	млн штук	Таиланд	0.000610929211904248
2019	млн штук	Тонга	0.000287854375532562
2019	млн штук	Тринидад и Тобаго	0.000129
2019	млн штук	Объединенные Арабские Эмираты	0.238416
2019	млн штук	Уганда	0.032343216723733
2019	млн штук	Узбекистан	9e-06
2019	млн штук	Венесуэла (Боливарианская Республика)	-0.000296876862904661
2019	млн штук	Йемен	0.000143441853863674
2019	млн штук	Мальдивские Острова	3e-06
2019	млн штук	Мали	0.000101325001601264
2019	млн штук	Кувейт	0.05189
2019	млн штук	Кыргызстан	0.000244142857142857
2019	млн штук	Ливан	0.004793
2019	млн штук	Лесото	2e-06
2019	млн штук	Китайский Тайбэй	0.000338504341283108
2019	млн штук	Монголия	6e-06
2019	млн штук	Мозамбик	5e-06
2019	млн штук	Оман	0.012201
2019	млн штук	Черногория	2e-05
2019	млн штук	Судан	4.8e-05
2019	млн штук	Судан (до 2012)	6.66260207134905e-05
2019	млн штук	Новая Каледония	0.000121
2019	млн штук	Нигер	1.58e-05
2019	млн штук	Панама	0.000261
2019	млн штук	Тимор-Лешти	0.0004642
2019	млн штук	Катар	0.022714
2019	млн штук	Руанда	0.000277
2019	млн штук	Сент-Китс и Невис	1.61555146524712e-05
2019	млн штук	Сент-Люсия	4.68267763617442e-05
2019	млн штук	Сент-Винсент и Гренадины	4.85e-05
2019	млн штук	Сан-Томе и Принсипи	1.2e-06
2019	млн штук	Саудовская Аравия	0.097446
2019	млн штук	Сенегал	0.000447
2019	млн штук	Сейшельские Острова	2e-06
2019	млн штук	Сьерра-Леоне	8.3e-05
2019	млн штук	Багамские Острова	0.0125918571428571
2019	млн штук	Албания	2e-06
2019	млн штук	Ангола	2.4e-06
2019	млн штук	Соломоновы Острова	2.96506995712674e-06
2019	млн штук	Мьянма	5e-06
2019	млн штук	Бурунди	4.6e-05
2019	млн штук	Колумбия	0.0384580180125615
2019	млн штук	Демократическая Республика Конго	1e-06
2019	млн штук	Куба	3.5e-05
2019	млн штук	Доминика	1.09388484617053e-06
2019	млн штук	Доминиканская Республика	1e-06
2019	млн штук	Эфиопия	6.03690691321803e-05
2019	млн штук	Джибути	0.000712
2019	млн штук	Кабо-Верде	8.25044129147401e-06
2019	млн штук	Гондурас	4.8e-06
2019	млн штук	Китай, Специальный административный район Гонконг	0.0183233236258112
2019	млн штук	Ямайка	0.000581
2019	млн штук	Гвинея	-0.000218897718779395
2019	млн штук	Гамбия	1.9e-05
2019	млн штук	Государство Палестина	2.78110611325826e-05
2020	млн штук	Соединенное Королевство Великобритании и Северной Ирландии	0.29076
2020	млн штук	Грузия	0.040711
2020	млн штук	Соединенные Штаты Америки	0.08105
2020	млн штук	Канада	0.065836
2020	млн штук	Испания	0.051378
2020	млн штук	Италия	0.0565858
2020	млн штук	Бахрейн	0.00609666666666667
2020	млн штук	Новая Зеландия	0.003001
2020	млн штук	Намибия	0.003665
2020	млн штук	Иордания	0.001574
2020	млн штук	Пакистан	5e-06
2020	млн штук	Люксембург	0.000265
2020	млн штук	Гана	0.000241
2020	млн штук	Армения	8.5e-05
2020	млн штук	Республика Молдова	0.000171
2020	млн штук	Эстония	0.000709
2020	млн штук	Кипр	0.000166
2020	млн штук	Кения	0.000166333333333333
2020	млн штук	Фиджи	9.4e-05
2020	млн штук	Того	8e-05
2020	млн штук	Буркина-Фасо	5.32000000044338e-05
2020	млн штук	Гренада	2e-06
2020	млн штук	Замбия	7.6e-05
2020	млн штук	Южная Африка	0.000108
2020	млн штук	Антигуа и Барбуда	5.35e-05
2020	млн штук	Шри-Ланка	1.35e-05
2020	млн штук	Маврикий	3.6e-05
2020	млн штук	Мадагаскар	1.4e-05
2020	млн штук	Гайана	3.2e-05
2020	млн штук	Боливия (Многонациональное Государство)	1.8e-05
2020	млн штук	Бенин	8.6e-05
2020	млн штук	Белиз	6e-06
2020	млн штук	Ботсвана	3e-06
2020	млн штук	Барбадос	1.6e-05
2020	млн штук	Зимбабве	1e-06
2020	млн штук	Монтсеррат	1e-06
2020	млн штук	Китай, Специальный административный район Макао	0.000421077118986516
2020	млн штук	Малави	2e-06
2020	млн штук	Объединенная Республика Танзания	0.000503
2020	млн штук	Суринам	3e-06
2020	млн штук	Эсватини	0.0142666404242474
2020	млн штук	Таиланд	0.000673995472252264
2020	млн штук	Тонга	0.000287854375532562
2020	млн штук	Тринидад и Тобаго	2.7e-05
2020	млн штук	Объединенные Арабские Эмираты	0.196612
2020	млн штук	Уганда	0.032343216723733
2020	млн штук	Узбекистан	4e-06
2020	млн штук	Венесуэла (Боливарианская Республика)	-0.000339428625250572
2020	млн штук	Йемен	0.000143441853863674
2020	млн штук	Мальдивские Острова	3e-06
2020	млн штук	Мали	0.000101325001601264
2020	млн штук	Кувейт	0.045541
2020	млн штук	Кыргызстан	0.000123571428571429
2020	млн штук	Ливан	0.004671
2020	млн штук	Лесото	5e-06
2020	млн штук	Китайский Тайбэй	0.000338504341283108
2020	млн штук	Монголия	6e-06
2020	млн штук	Мозамбик	5e-06
2020	млн штук	Оман	0.012359
2020	млн штук	Черногория	2.2e-05
2020	млн штук	Судан	4.8e-05
2020	млн штук	Судан (до 2012)	6.66260207134905e-05
2020	млн штук	Новая Каледония	0.000121
2020	млн штук	Нигер	1.58e-05
2020	млн штук	Панама	0.000277
2020	млн штук	Тимор-Лешти	0.0004642
2020	млн штук	Катар	0.022714
2020	млн штук	Руанда	0.00013
2020	млн штук	Сент-Китс и Невис	1.61555146524712e-05
2020	млн штук	Сент-Люсия	4.68267763617442e-05
2020	млн штук	Сент-Винсент и Гренадины	1e-06
2020	млн штук	Сан-Томе и Принсипи	1.13333333333333e-06
2020	млн штук	Саудовская Аравия	0.069474
2020	млн штук	Сенегал	0.000447
2020	млн штук	Сейшельские Острова	4e-06
2020	млн штук	Сьерра-Леоне	8.3e-05
2020	млн штук	Багамские Острова	0.00868457142857143
2020	млн штук	Албания	2e-06
2020	млн штук	Ангола	2.4e-06
2020	млн штук	Соломоновы Острова	2.96506995712674e-06
2020	млн штук	Мьянма	5e-06
2020	млн штук	Бурунди	3.1e-05
2020	млн штук	Колумбия	0.0421280202366941
2020	млн штук	Демократическая Республика Конго	1.33333333333333e-06
2020	млн штук	Куба	3.5e-05
2020	млн штук	Доминика	1.09388484617053e-06
2020	млн штук	Доминиканская Республика	3.5e-06
2020	млн штук	Эфиопия	6.32356418297729e-05
2020	млн штук	Джибути	0.000712
2020	млн штук	Кабо-Верде	8.25044129147401e-06
2020	млн штук	Гондурас	4.8e-06
2020	млн штук	Китай, Специальный административный район Гонконг	0.0183233236258112
2020	млн штук	Ямайка	7.8e-05
2020	млн штук	Гвинея	-0.000267677262525056
2020	млн штук	Гамбия	2.3e-05
2020	млн штук	Государство Палестина	2.78110611325826e-05
2021	млн штук	Соединенное Королевство Великобритании и Северной Ирландии	0.183
2021	млн штук	Грузия	0.06386
2021	млн штук	Соединенные Штаты Америки	0.090449
2021	млн штук	Канада	0.094877
2021	млн штук	Испания	0.060961
2021	млн штук	Италия	0.037431
2021	млн штук	Бахрейн	0.005849
2021	млн штук	Новая Зеландия	0.002847
2021	млн штук	Намибия	0.006108
2021	млн штук	Иордания	0.001618
2021	млн штук	Пакистан	3.2e-05
2021	млн штук	Люксембург	0.000432
2021	млн штук	Гана	0.000241
2021	млн штук	Армения	9.5e-05
2021	млн штук	Республика Молдова	0.000348
2021	млн штук	Эстония	0.000574
2021	млн штук	Кипр	0.000388
2021	млн штук	Кения	0.000155
2021	млн штук	Фиджи	5.4e-05
2021	млн штук	Того	0.000105
2021	млн штук	Буркина-Фасо	5.32000000044338e-05
2021	млн штук	Гренада	8e-06
2021	млн штук	Замбия	1.9e-05
2021	млн штук	Южная Африка	2.2e-05
2021	млн штук	Антигуа и Барбуда	3.7e-05
2021	млн штук	Шри-Ланка	7e-06
2021	млн штук	Маврикий	2.7e-05
2021	млн штук	Мадагаскар	1e-05
2021	млн штук	Гайана	6e-06
2021	млн штук	Боливия (Многонациональное Государство)	1.4e-05
2021	млн штук	Бенин	4e-05
2021	млн штук	Белиз	1.2e-05
2021	млн штук	Ботсвана	4e-06
2021	млн штук	Барбадос	1.1e-05
2021	млн штук	Зимбабве	4e-06
2021	млн штук	Монтсеррат	1e-06
2021	млн штук	Китай, Специальный административный район Макао	0.000421077118986516
2021	млн штук	Малави	7e-06
2021	млн штук	Объединенная Республика Танзания	0.000736
2021	млн штук	Суринам	3e-06
2021	млн штук	Эсватини	0.0142666404242474
2021	млн штук	Таиланд	0.000737061732600279
2021	млн штук	Тонга	0.000287854375532562
2021	млн штук	Тринидад и Тобаго	6e-06
2021	млн штук	Объединенные Арабские Эмираты	0.215945
2021	млн штук	Уганда	0.032343216723733
2021	млн штук	Узбекистан	8e-06
2021	млн штук	Венесуэла (Боливарианская Республика)	-0.000381980387596483
2021	млн штук	Йемен	0.000143441853863674
2021	млн штук	Мальдивские Острова	3e-06
2021	млн штук	Мали	0.000101325001601264
2021	млн штук	Кувейт	0.051041
2021	млн штук	Кыргызстан	3e-06
2021	млн штук	Ливан	0.003311
2021	млн штук	Лесото	1.4e-05
2021	млн штук	Китайский Тайбэй	0.000338504341283108
2021	млн штук	Монголия	6e-06
2021	млн штук	Мозамбик	5e-06
2021	млн штук	Оман	0.013388
2021	млн штук	Черногория	2.4e-05
2021	млн штук	Судан	4.8e-05
2021	млн штук	Судан (до 2012)	6.66260207134905e-05
2021	млн штук	Новая Каледония	0.000121
2021	млн штук	Нигер	1.58e-05
2021	млн штук	Панама	0.000276662282380197
2021	млн штук	Тимор-Лешти	0.0004642
2021	млн штук	Катар	0.022714
2021	млн штук	Руанда	0.000114
2021	млн штук	Сент-Китс и Невис	1.61555146524712e-05
2021	млн штук	Сент-Люсия	4.68267763617442e-05
2021	млн штук	Сент-Винсент и Гренадины	1e-06
2021	млн штук	Сан-Томе и Принсипи	1.06666666666667e-06
2021	млн штук	Саудовская Аравия	0.069862
2021	млн штук	Сенегал	0.000447
2021	млн штук	Сейшельские Острова	2.5e-06
2021	млн штук	Сьерра-Леоне	8.3e-05
2021	млн штук	Багамские Острова	0.00477728571428572
2021	млн штук	Албания	2e-06
2021	млн штук	Ангола	4e-06
2021	млн штук	Соломоновы Острова	2.96506995712674e-06
2021	млн штук	Мьянма	5e-06
2021	млн штук	Бурунди	3.8e-05
2021	млн штук	Колумбия	0.0457980224608266
2021	млн штук	Демократическая Республика Конго	1.66666666666667e-06
2021	млн штук	Куба	3.5e-05
2021	млн штук	Доминика	1.09388484617053e-06
2021	млн штук	Доминиканская Республика	6e-06
2021	млн штук	Эфиопия	6.61022145273654e-05
2021	млн штук	Джибути	0.000712
2021	млн штук	Кабо-Верде	8.25044129147401e-06
2021	млн штук	Гондурас	4.8e-06
2021	млн штук	Китай, Специальный административный район Гонконг	0.0183233236258112
2021	млн штук	Ямайка	7.8e-05
2021	млн штук	Гвинея	-0.000316456806270717
2021	млн штук	Гамбия	2.29995981921904e-05
2021	млн штук	Государство Палестина	2.78110611325826e-05
2022	млн штук	Соединенное Королевство Великобритании и Северной Ирландии	0.475708
2022	млн штук	Грузия	0.079887
2022	млн штук	Соединенные Штаты Америки	0.099538
2022	млн штук	Канада	0.081954
2022	млн штук	Испания	0.053407
2022	млн штук	Италия	0.020548
2022	млн штук	Бахрейн	0.002946
2022	млн штук	Новая Зеландия	0.00393
2022	млн штук	Намибия	0.004381
2022	млн штук	Иордания	0.002043
2022	млн штук	Пакистан	1.2e-05
2022	млн штук	Люксембург	0.000476
2022	млн штук	Гана	0.000285
2022	млн штук	Армения	0.000271
2022	млн штук	Республика Молдова	0.000632
2022	млн штук	Эстония	0.000345
2022	млн штук	Кипр	0.000282
2022	млн штук	Кения	0.000253
2022	млн штук	Фиджи	5.6e-05
2022	млн штук	Того	2.3e-05
2022	млн штук	Буркина-Фасо	7.4e-05
2022	млн штук	Гренада	1.7e-05
2022	млн штук	Замбия	2e-05
2022	млн штук	Южная Африка	5.8e-05
2022	млн штук	Антигуа и Барбуда	2.6e-05
2022	млн штук	Шри-Ланка	5e-06
2022	млн штук	Маврикий	1.5e-05
2022	млн штук	Мадагаскар	7e-06
2022	млн штук	Гайана	4.6e-05
2022	млн штук	Боливия (Многонациональное Государство)	1e-05
2022	млн штук	Бенин	2.9e-05
2022	млн штук	Белиз	2.4e-05
2022	млн штук	Ботсвана	5e-06
2022	млн штук	Барбадос	2.6e-05
2022	млн штук	Зимбабве	1e-06
2022	млн штук	Монтсеррат	1e-06
2022	млн штук	Китай, Специальный административный район Макао	0.000421077118986516
2022	млн штук	Малави	6.99949940095953e-06
2022	млн штук	Объединенная Республика Танзания	0.000143
2022	млн штук	Суринам	3.47225814168244e-06
2022	млн штук	Эсватини	0.0142666404242474
2022	млн штук	Таиланд	0.000800127992948295
2022	млн штук	Тонга	0.000287854375532562
2022	млн штук	Тринидад и Тобаго	4.81405580758219e-05
2022	млн штук	Объединенные Арабские Эмираты	0.21594304144471
2022	млн штук	Уганда	0.032343216723733
2022	млн штук	Узбекистан	1.2e-05
2022	млн штук	Венесуэла (Боливарианская Республика)	-0.000424532149942395
2022	млн штук	Йемен	0.000143441853863674
2022	млн штук	Мальдивские Острова	3e-06
2022	млн штук	Мали	0.000101325001601264
2022	млн штук	Кувейт	0.029359
2022	млн штук	Кыргызстан	8.97831096054497e-05
2022	млн штук	Ливан	0.002817
2022	млн штук	Лесото	1.39990998235939e-05
2022	млн штук	Китайский Тайбэй	0.000338504341283108
2022	млн штук	Монголия	6e-06
2022	млн штук	Мозамбик	5e-06
2022	млн штук	Оман	0.007388
2022	млн штук	Черногория	2.6e-05
2022	млн штук	Судан	4.8e-05
2022	млн штук	Судан (до 2012)	6.66260207134905e-05
2022	млн штук	Новая Каледония	0.000121
2022	млн штук	Нигер	1.58e-05
2022	млн штук	Панама	0.000276662282380197
2022	млн штук	Тимор-Лешти	0.0004642
2022	млн штук	Катар	0.022714
2022	млн штук	Руанда	0.000106
2022	млн штук	Сент-Китс и Невис	1.61555146524712e-05
2022	млн штук	Сент-Люсия	4.68267763617442e-05
2022	млн штук	Сент-Винсент и Гренадины	1.0000004758836e-06
2022	млн штук	Сан-Томе и Принсипи	1e-06
2022	млн штук	Саудовская Аравия	0.0698619610380981
2022	млн штук	Сенегал	0.000447
2022	млн штук	Сейшельские Острова	1e-06
2022	млн штук	Сьерра-Леоне	8.3e-05
2022	млн штук	Багамские Острова	0.00087
2022	млн штук	Албания	2e-06
2022	млн штук	Ангола	2e-06
2022	млн штук	Соломоновы Острова	2.96506995712674e-06
2022	млн штук	Мьянма	5e-06
2022	млн штук	Бурунди	7.2e-05
2022	млн штук	Колумбия	0.0494680246849592
2022	млн штук	Демократическая Республика Конго	2e-06
2022	млн штук	Куба	3.5e-05
2022	млн штук	Доминика	1.09388484617053e-06
2022	млн штук	Доминиканская Республика	1e-05
2022	млн штук	Эфиопия	6.89687872249581e-05
2022	млн штук	Джибути	0.000712
2022	млн штук	Кабо-Верде	8.25044129147401e-06
2022	млн штук	Гондурас	4.8e-06
2022	млн штук	Китай, Специальный административный район Гонконг	0.0183233236258112
2022	млн штук	Ямайка	3.8e-05
2022	млн штук	Гвинея	-0.000365236350016378
2022	млн штук	Гамбия	2.29995981921904e-05
2022	млн штук	Государство Палестина	2.78110611325826e-05
2023	млн штук	Соединенное Королевство Великобритании и Северной Ирландии	0.933554
2023	млн штук	Грузия	0.107898
2023	млн штук	Соединенные Штаты Америки	0.102622
2023	млн штук	Канада	0.070835
2023	млн штук	Испания	0.057415
2023	млн штук	Италия	0.050958
2023	млн штук	Бахрейн	0.00478
2023	млн штук	Новая Зеландия	0.004416
2023	млн штук	Намибия	0.003587
2023	млн штук	Иордания	0.001692
2023	млн штук	Пакистан	0.001134
2023	млн штук	Люксембург	0.000807
2023	млн штук	Гана	0.000656
2023	млн штук	Армения	0.000523
2023	млн штук	Республика Молдова	0.000382
2023	млн штук	Эстония	0.000266
2023	млн штук	Кипр	0.000224
2023	млн штук	Кения	0.000157
2023	млн штук	Фиджи	6.2e-05
2023	млн штук	Того	4.8e-05
2023	млн штук	Буркина-Фасо	4.8e-05
2023	млн штук	Гренада	4.7e-05
2023	млн штук	Замбия	3.9e-05
2023	млн штук	Южная Африка	3.7e-05
2023	млн штук	Антигуа и Барбуда	3e-05
2023	млн штук	Шри-Ланка	2.4e-05
2023	млн штук	Маврикий	2.4e-05
2023	млн штук	Мадагаскар	2.1e-05
2023	млн штук	Гайана	2e-05
2023	млн штук	Боливия (Многонациональное Государство)	1.8e-05
2023	млн штук	Бенин	1.4e-05
2023	млн штук	Белиз	9e-06
2023	млн штук	Ботсвана	6e-06
2023	млн штук	Барбадос	5e-06
2023	млн штук	Зимбабве	1e-06
2023	млн штук	Монтсеррат	1e-06
2023	млн штук	Китай, Специальный административный район Макао	0.000421077118986516
2023	млн штук	Малави	6.99949940095953e-06
2023	млн штук	Объединенная Республика Танзания	0.000301571996498177
2023	млн штук	Суринам	3.47225814168244e-06
2023	млн штук	Эсватини	0.0142666404242474
2023	млн штук	Таиланд	0.00086319425329631
2023	млн штук	Тонга	0.000287854375532562
2023	млн штук	Тринидад и Тобаго	4.81405580758219e-05
2023	млн штук	Объединенные Арабские Эмираты	0.21594304144471
2023	млн штук	Уганда	0.032343216723733
2023	млн штук	Узбекистан	9.93346606858187e-06
2023	млн штук	Венесуэла (Боливарианская Республика)	-0.000467083912288306
2023	млн штук	Йемен	0.000143441853863674
2023	млн штук	Мальдивские Острова	3e-06
2023	млн штук	Мали	0.000101325001601264
2023	млн штук	Кувейт	0.0297587607594334
2023	млн штук	Кыргызстан	8.97831096054497e-05
2023	млн штук	Ливан	0.00214287335476505
2023	млн штук	Лесото	1.39990998235939e-05
2023	млн штук	Китайский Тайбэй	0.000338504341283108
2023	млн штук	Монголия	6e-06
2023	млн штук	Мозамбик	5e-06
2023	млн штук	Оман	0.0126965938198762
2023	млн штук	Черногория	2.8e-05
2023	млн штук	Судан	4.8e-05
2023	млн штук	Судан (до 2012)	6.66260207134905e-05
2023	млн штук	Новая Каледония	0.000121
2023	млн штук	Нигер	1.58e-05
2023	млн штук	Панама	0.000276662282380197
2023	млн штук	Тимор-Лешти	0.0004642
2023	млн штук	Катар	0.022714
2023	млн штук	Руанда	0.000107293523821172
2023	млн штук	Сент-Китс и Невис	1.61555146524712e-05
2023	млн штук	Сент-Люсия	4.68267763617442e-05
2023	млн штук	Сент-Винсент и Гренадины	1.0000004758836e-06
2023	млн штук	Сан-Томе и Принсипи	9.33333333333333e-07
2023	млн штук	Саудовская Аравия	0.0698619610380981
2023	млн штук	Сенегал	0.000447
2023	млн штук	Сейшельские Острова	6.60958450688244e-06
2023	млн штук	Сьерра-Леоне	8.3e-05
2023	млн штук	Багамские Острова	0.00187238918957812
2023	млн штук	Албания	2e-06
2023	млн штук	Ангола	3.6e-06
2023	млн штук	Соломоновы Острова	2.96506995712674e-06
2023	млн штук	Мьянма	5e-06
2023	млн штук	Бурунди	0.000247880202133053
2023	млн штук	Колумбия	0.0531380269090917
2023	млн штук	Демократическая Республика Конго	1.99996647276301e-06
2023	млн штук	Куба	3.5e-05
2023	млн штук	Доминика	1.09388484617053e-06
2023	млн штук	Доминиканская Республика	1.25e-05
2023	млн штук	Эфиопия	7.18353599225507e-05
2023	млн штук	Джибути	0.000712
2023	млн штук	Кабо-Верде	8.25044129147401e-06
2023	млн штук	Гондурас	4.8e-06
2023	млн штук	Китай, Специальный административный район Гонконг	0.0183233236258112
2023	млн штук	Ямайка	-4.94919064422471e-06
2023	млн штук	Гвинея	-0.00041401589376204
2023	млн штук	Гамбия	2.29995981921904e-05
2023	млн штук	Государство Палестина	2.78110611325826e-05
2024	млн штук	Соединенное Королевство Великобритании и Северной Ирландии	1.11822494467141
2024	млн штук	Грузия	0.0871056568071978
2024	млн штук	Соединенные Штаты Америки	0.101369954410551
2024	млн штук	Канада	0.0708361120572886
2024	млн штук	Испания	0.0574145983633177
2024	млн штук	Италия	0.0509549169315123
2024	млн штук	Бахрейн	0.00474601009464969
2024	млн штук	Новая Зеландия	0.00863374135214575
2024	млн штук	Намибия	0.00406504934869312
2024	млн штук	Иордания	0.00168997611306521
2024	млн штук	Пакистан	0.000382533809979454
2024	млн штук	Люксембург	0.000519900021090945
2024	млн штук	Гана	0.00102693891255159
2024	млн штук	Армения	0.000166066184517487
2024	млн штук	Республика Молдова	0.000501294815913828
2024	млн штук	Эстония	0.00026600791388706
2024	млн штук	Кипр	0.000224005809468794
2024	млн штук	Кения	0.000159160094555597
2024	млн штук	Фиджи	6.77135113064425e-05
2024	млн штук	Того	4.03403703205148e-06
2024	млн штук	Буркина-Фасо	5.39773841843083e-05
2024	млн штук	Гренада	2.51308987442029e-05
2024	млн штук	Замбия	4.43507320786063e-05
2024	млн штук	Южная Африка	-2.33512840685246e-05
2024	млн штук	Антигуа и Барбуда	3.56068741546977e-05
2024	млн штук	Шри-Ланка	-2.78270062546181e-06
2024	млн штук	Маврикий	2.27868464464732e-05
2024	млн штук	Мадагаскар	1.4828553746064e-05
2024	млн штук	Гайана	3.13679233033465e-05
2024	млн штук	Боливия (Многонациональное Государство)	9.95995137346743e-06
2024	млн штук	Бенин	1.46848229308202e-05
2024	млн штук	Белиз	1.6299512868659e-05
2024	млн штук	Ботсвана	9.39174482438152e-06
2024	млн штук	Барбадос	1.18833349252952e-05
2024	млн штук	Зимбабве	1.15461683344831e-06
2024	млн штук	Монтсеррат	1.01747525655622e-06
2024	млн штук	Китай, Специальный административный район Макао	0.000421077118986516
2024	млн штук	Малави	6.99949940095953e-06
2024	млн штук	Объединенная Республика Танзания	0.00029619428892697
2024	млн штук	Суринам	3.47225455608138e-06
2024	млн штук	Эсватини	0.0142666404242474
2024	млн штук	Таиланд	0.000853195190996519
2024	млн штук	Тонга	0.00030487389924766
2024	млн штук	Тринидад и Тобаго	4.81166550634689e-05
2024	млн штук	Объединенные Арабские Эмираты	0.21594304144471
2024	млн штук	Уганда	0.032343216723733
2024	млн штук	Узбекистан	7.78667975752722e-06
2024	млн штук	Венесуэла (Боливарианская Республика)	-0.000512956373986337
2024	млн штук	Йемен	-0.0193921578056985
2024	млн штук	Мальдивские Острова	3e-06
2024	млн штук	Мали	0.000101325001601264
2024	млн штук	Кувейт	0.0297660026646682
2024	млн штук	Кыргызстан	8.66646943279148e-05
2024	млн штук	Ливан	0.00171306696289451
2024	млн штук	Лесото	1.39990998235939e-05
2024	млн штук	Китайский Тайбэй	0.000338833252269681
2024	млн штук	Монголия	6.34983406487865e-06
2024	млн штук	Мозамбик	5e-06
2024	млн штук	Оман	0.0126969546905605
2024	млн штук	Черногория	3e-05
2024	млн штук	Судан	4.8e-05
2024	млн штук	Судан (до 2012)	6.66341135961057e-05
2024	млн штук	Новая Каледония	0.000121
2024	млн штук	Нигер	1.60087255222484e-05
2024	млн штук	Панама	0.000276532325702769
2024	млн штук	Тимор-Лешти	0.000455544742043306
2024	млн штук	Катар	0.0224583548035918
2024	млн штук	Руанда	0.000107289601112385
2024	млн штук	Сент-Китс и Невис	1.62111736159534e-05
2024	млн штук	Сент-Люсия	4.68333455510349e-05
2024	млн штук	Сент-Винсент и Гренадины	1.0000004758836e-06
2024	млн штук	Сан-Томе и Принсипи	8.66666666666667e-07
2024	млн штук	Саудовская Аравия	0.0698619610380981
2024	млн штук	Сенегал	0.000447
2024	млн штук	Сейшельские Острова	6.61178527988328e-06
2024	млн штук	Сьерра-Леоне	8.08501561976886e-05
2024	млн штук	Багамские Острова	0.00187238918957812
2024	млн штук	Албания	2e-06
2024	млн штук	Ангола	2.52097508981726e-06
2024	млн штук	Соломоновы Острова	4.09119612391205e-06
2024	млн штук	Мьянма	5e-06
2024	млн штук	Бурунди	0.000256889574776825
2024	млн штук	Колумбия	0.0568322271196028
2024	млн штук	Демократическая Республика Конго	1.9999343120042e-06
2024	млн штук	Куба	3.25927681298861e-05
2024	млн штук	Доминика	1.09388513941832e-06
2024	млн штук	Доминиканская Республика	1.54515820372588e-05
2024	млн штук	Эфиопия	7.52379307906935e-05
2024	млн штук	Джибути	0.000712
2024	млн штук	Кабо-Верде	8.24571910320787e-06
2024	млн штук	Гондурас	4.77000657274174e-06
2024	млн штук	Китай, Специальный административный район Гонконг	0.0183233236258112
2024	млн штук	Ямайка	0.000138283962371252
2024	млн штук	Гвинея	-0.000462713600431744
2024	млн штук	Гамбия	2.19954305792726e-05
2024	млн штук	Государство Палестина	2.74368855665813e-05
