Экспортеры	2004-Объемы экспорта	2004-Единица	2005-Объемы экспорта	2005-Единица	2006-Объемы экспорта	2006-Единица	2007-Объемы экспорта	2007-Единица	2008-Объемы экспорта	2008-Единица	2009-Объемы экспорта	2009-Единица	2010-Объемы экспорта	2010-Единица	2011-Объемы экспорта	2011-Единица	2012-Объемы экспорта	2012-Единица	2013-Объемы экспорта	2013-Единица	2014-Объемы экспорта	2014-Единица	2015-Объемы экспорта	2015-Единица	2016-Объемы экспорта	2016-Единица	2017-Объемы экспорта	2017-Единица	2018-Объемы экспорта	2018-Единица	2019-Объемы экспорта	2019-Единица	2020-Объемы экспорта	2020-Единица	2021-Объемы экспорта	2021-Единица	2022-Объемы экспорта	2022-Единица	2023-Объемы экспорта	2023-Единица	
"Весь Мир"	Нет объемов	Нет объемов	Нет объемов	Нет объемов	Нет объемов	Нет объемов	Нет объемов	Нет объемов	Нет объемов	Нет объемов	Нет объемов	Нет объемов	Нет объемов	Нет объемов	Нет объемов	Нет объемов	Нет объемов	Нет объемов	Нет объемов	Нет объемов	Нет объемов	Нет объемов	Нет объемов	Нет объемов	Нет объемов	Нет объемов	Нет объемов	Нет объемов	Нет объемов	Нет объемов	Нет объемов	Нет объемов	Нет объемов	Нет объемов	Нет объемов	Нет объемов	Нет объемов	Нет объемов	Нет объемов	Нет объемов	
"Джибути"											728	Единицы																							25259528	Тонны	38603342	Тонны	32235813	Тонны	
"Германия"	5870228	Единицы	6436651	Единицы	6854806	Единицы	7579371	Единицы	7275260	Тонны	5779331	Тонны	7163701	Тонны	7855561	Тонны	5043331	Единицы	7785732	Тонны	5097714	Единицы	5332612	Единицы	5272713	Единицы	5295488	Единицы	4855832	Единицы	7527276	Тонны	3565326	Единицы	3525326	Единицы	3769911	Единицы	7492106	Тонны	
"Китай"	339125	Единицы	307336	Единицы	1431885	Единицы	1617350	Единицы	1106574	Единицы	634858	Единицы	795665	Единицы	1005301	Единицы	1114224	Единицы	1102580	Единицы	1069287	Единицы	958476	Единицы	1074723	Единицы	1415394	Единицы	1501481	Единицы	1517560	Единицы	1718743	Единицы	3037042	Единицы	3641501	Единицы	5389020	Единицы	
"Япония"	5210906	Единицы	5595420	Единицы	6590789	Единицы	7210028	Единицы	7210669	Единицы	3765632	Единицы	5000985	Единицы	4646731	Единицы	5030530	Единицы	4967486	Единицы	4851780	Единицы	4987637	Единицы	5048372	Единицы	5230030	Единицы	5400939	Единицы	5409031	Единицы	4288109	Единицы	4376353	Единицы	4367198	Единицы	5274938	Единицы	
"Республика Корея"	1805709	Единицы	2026389	Единицы	2262262	Единицы	2425351	Единицы	3865656	Тонны	2941807	Тонны	2040864	Единицы	4509326	Тонны	4592775	Тонны	3240599	Единицы	3189759	Единицы	3092185	Единицы	2798725	Единицы	2759517	Единицы	2775015	Единицы	2829099	Единицы	2280741	Единицы	2464915	Единицы	2633388	Единицы	3997082	Единицы	
"Испания"	2296422	Единицы	2033269	Единицы	1998806	Единицы	Нет объемов	Нет объемов	2489284	Тонны	1899093	Единицы	Нет объемов	Нет объемов	2088994	Единицы	1790963	Единицы	1875743	Единицы	2651548	Тонны	2300133	Единицы	Нет объемов	Нет объемов	3293202	Тонны	3410614	Тонны	3201274	Тонны	2617010	Тонны	2550215	Тонны	2589454	Тонны	2900713	Тонны	
"Соединенные Штаты Америки"	1831077	Единицы	2239879	Единицы	2064372	Единицы	2475123	Единицы	2807786	Единицы	1684655	Единицы	2138812	Единицы	2477097	Единицы	2726172	Единицы	2822521	Единицы	2814062	Единицы	Нет объемов	Нет объемов	Нет объемов	Нет объемов	2424594	Единицы	2441292	Единицы	2700462	Единицы	2078909	Единицы	2421410	Единицы	2366587	Единицы	2519018	Единицы	
"Словакия"	170344	Единицы	174455	Единицы	406437	Единицы	508174	Единицы	795696	Тонны	614844	Тонны	502235	Единицы	567273	Единицы	829639	Единицы	1178858	Тонны	974797	Единицы	1038195	Единицы	1092858	Единицы	1076427	Единицы	1195031	Единицы	1163929	Единицы	1026935	Единицы	1045388	Единицы	1043551	Единицы	1919448	Тонны	
"Соединенное Королевство Великобритании и Северной Ирландии"	1220618	Единицы	1233116	Единицы	1181409	Единицы	1470677	Единицы	1492625	Единицы	1091940	Единицы	1378736	Единицы	1993033	Единицы	1434947	Единицы	1450627	Единицы	1431761	Единицы	1468691	Единицы	1730233	Единицы	2376883	Тонны	1474699	Единицы	1328368	Единицы	1342987	Единицы	1147154	Единицы	1103852	Единицы	1745037	Единицы	
"Бельгия"	1766757	Единицы	1737272	Единицы	1837080	Единицы	1768974	Единицы	1633984	Единицы	1415654	Единицы	1328240	Единицы	1492388	Единицы	1724873	Единицы	1779799	Единицы	1770219	Единицы	1691868	Единицы	1792912	Единицы	1998035	Единицы	1849603	Единицы	1961365	Единицы	1521524	Единицы	9192457	Единицы	1530387	Единицы	1740949	Единицы	
"Канада"	2138328	Единицы	2087628	Единицы	2064781	Единицы	2013062	Единицы	Нет объемов	Нет объемов	1254850	Единицы	1842607	Единицы	1952327	Единицы	2231841	Единицы	2153454	Единицы	2165321	Единицы	2129034	Единицы	2215979	Единицы	2036482	Единицы	1863178	Единицы	1808014	Единицы	1446014	Единицы	1252788	Единицы	1213350	Единицы	1445686	Единицы	
"Чехия"	367899	Единицы	543849	Единицы	747888	Единицы	838969	Единицы	812158	Единицы	860343	Единицы	956031	Единицы	1059296	Единицы	1050368	Единицы	1023329	Единицы	1135747	Единицы	1211000	Единицы	1271218	Единицы	1907712	Тонны	1956932	Тонны	1373892	Единицы	1141769	Единицы	1114428	Единицы	1842164	Тонны	1422419	Единицы	
"Франция"	2867787	Единицы	2746030	Единицы	2438379	Единицы	2244378	Единицы	2112606	Единицы	1709241	Единицы	1566588	Единицы	1834004	Тонны	1469789	Единицы	1310893	Единицы	1311585	Единицы	1392509	Единицы	1435704	Единицы	1596296	Единицы	1618908	Единицы	1552766	Единицы	1046759	Единицы	1175426	Единицы	1346054	Единицы	1300752	Единицы	
"Индия"	182414	Единицы	238912	Единицы	285629	Единицы	320100	Единицы	441840	Единицы	621901	Единицы	515297	Единицы	821756	Единицы	2064648	Единицы	1011472	Единицы	1041432	Единицы	1049809	Единицы	1052343	Единицы	1069381	Единицы	1242968	Единицы	1223288	Единицы	816056	Единицы	1050392	Единицы	1067306	Единицы	947728	Единицы	
"Таиланд"	144086	Единицы	208247	Единицы	386985	Единицы	729872	Единицы	0	Смешанный	1324369	Единицы	426579	Единицы	573656	Тонны	403087	Единицы	468229	Единицы	473327	Единицы	4568746	Единицы	4256785	Единицы	4591636	Единицы	3049422	Единицы	3184781	Единицы	2148677	Единицы	819778	Единицы	673142	Единицы	732737	Единицы	
"Турция"	320505	Единицы	340066	Единицы	441231	Единицы	503271	Единицы	534437	Единицы	457497	Единицы	485721	Единицы	499083	Единицы	487434	Единицы	570657	Единицы	623526	Единицы	670644	Единицы	773829	Единицы	972265	Единицы	951881	Единицы	918129	Единицы	663664	Единицы	612985	Единицы	633866	Единицы	727757	Единицы	
"Польша"	484563	Единицы	541986	Единицы	690696	Единицы	762268	Единицы	813430	Единицы	874307	Единицы	821443	Единицы	779723	Единицы	571279	Единицы	552663	Единицы	520174	Единицы	585055	Единицы	657085	Единицы	625418	Единицы	574476	Единицы	614834	Единицы	362495	Единицы	264593	Единицы	620146	Единицы	642812	Единицы	
"Индонезия"	13090	Единицы	19467	Единицы	33437	Единицы	70580	Единицы	176370	Тонны	85705	Тонны	76340	Единицы	150774	Тонны	162101	Единицы	142203	Единицы	178556	Единицы	270354	Тонны	283159	Тонны	345894	Тонны	371694	Тонны	448782	Тонны	303953	Тонны	376526	Тонны	578959	Тонны	601212	Тонны	
"Марокко"	129	Единицы	111	Единицы	169	Тонны	6920	Тонны	4744	Единицы	3641	Единицы	4441	Единицы	25261	Тонны	53367	Единицы	160884	Тонны	168228	Единицы	279474	Тонны	343079	Тонны	383760	Тонны	405796	Тонны	421877	Тонны	350466	Тонны	412795	Тонны	487129	Тонны	579966	Тонны	
"Румыния"	18825	Единицы	57356	Единицы	82272	Единицы	122474	Единицы	164130	Единицы	270595	Единицы	306687	Единицы	299465	Единицы	317972	Единицы	408170	Единицы	385984	Единицы	373396	Единицы	346315	Единицы	349513	Единицы	462661	Единицы	479670	Единицы	431324	Единицы	411519	Единицы	501916	Единицы	515250	Единицы	
"Италия"	583166	Единицы	539823	Единицы	692152	Единицы	648112	Единицы	521630	Единицы	444211	Единицы	450208	Единицы	430918	Единицы	463581	Единицы	434727	Единицы	435550	Единицы	641579	Единицы	708335	Единицы	Нет объемов	Нет объемов	Нет объемов	Нет объемов	Нет объемов	Нет объемов	555667	Единицы	486569	Единицы	415537	Единицы	513833	Единицы	
"Нидерланды"	263714	Единицы	208548	Единицы	193291	Единицы	136469	Единицы	162163	Единицы	219895	Тонны	185171	Единицы	Нет объемов	Нет объемов	365306	Единицы	249350	Единицы	263006	Единицы	193199	Единицы	226951	Единицы	308850	Единицы	388365	Единицы	372409	Единицы	299132	Единицы	309265	Единицы	363147	Единицы	512141	Единицы	
"Швеция"	311850	Единицы	298775	Единицы	336131	Единицы	354527	Единицы	282452	Единицы	168002	Единицы	186682	Единицы	214009	Единицы	183014	Единицы	195203	Единицы	195511	Единицы	218345	Единицы	441003	Тонны	290308	Единицы	671511	Тонны	384116	Единицы	347810	Единицы	664156	Тонны	677086	Тонны	405541	Единицы	
"Бразилия"	543446	Единицы	653625	Единицы	605081	Тонны	567550	Тонны	518344	Тонны	341079	Тонны	458025	Тонны	467888	Тонны	348571	Единицы	Нет объемов	Нет объемов	278360	Единицы	299040	Единицы	431612	Единицы	632087	Единицы	506561	Единицы	365034	Единицы	267169	Единицы	304950	Единицы	382650	Единицы	312470	Единицы	
"Португалия"	178011	Единицы	200164	Единицы	204158	Единицы	130069	Единицы	137296	Единицы	110493	Единицы	119527	Единицы	230360	Тонны	146443	Единицы	117001	Единицы	122985	Единицы	129550	Единицы	108216	Единицы	122584	Единицы	264530	Единицы	Нет объемов	Нет объемов	220031	Единицы	233769	Единицы	249991	Единицы	246928	Единицы	
"Южная Африка"	1173346	Единицы	930366	Единицы	240784	Единицы	143287	Единицы	282939	Единицы	155439	Единицы	3082050	Единицы	Нет объемов	Нет объемов	414865	Единицы	170300	Единицы	187048	Единицы	258760	Единицы	257469	Единицы	242631	Единицы	238456	Единицы	274617	Единицы	197217	Единицы	200577	Единицы	229063	Единицы	213975	Единицы	
"Швейцария"	109058	Единицы	91092	Единицы	106940	Единицы	131743	Единицы	108295	Единицы	83081	Единицы	92102	Единицы	96731	Единицы	128086	Единицы	125464	Единицы	121237	Единицы	116910	Единицы	189250	Тонны	225593	Тонны	246805	Тонны	164018	Единицы	209784	Тонны	244018	Тонны	194440	Тонны	204299	Тонны	
"Австрия"	271085	Единицы	408411	Единицы	298731	Единицы	274755	Единицы	204238	Единицы	121821	Единицы	153253	Единицы	201995	Единицы	244381	Единицы	287172	Единицы	258490	Единицы	219819	Единицы	199042	Единицы	223622	Единицы	303155	Единицы	296058	Единицы	228122	Единицы	245343	Единицы	214093	Единицы	180927	Единицы	
"Китайский Тайбэй"	282133	Единицы	268345	Единицы	181954	Единицы	163472	Единицы	151964	Единицы	98268	Единицы	139794	Единицы	164797	Единицы	189861	Единицы	182131	Единицы	200419	Единицы	190846	Единицы	162931	Единицы	138641	Единицы	121677	Единицы	130152	Единицы	160107	Единицы	217931	Единицы	213935	Единицы	160711	Единицы	
"Словения"	146512	Единицы	201283	Единицы	11138810	Единицы	291780	Единицы	276813	Единицы	272361	Единицы	257589	Единицы	231674	Единицы	192471	Единицы	179963	Единицы	211737	Единицы	235806	Единицы	258419	Единицы	305623	Единицы	358906	Единицы	349092	Единицы	327175	Единицы	237158	Единицы	319900	Единицы	149300	Единицы	
"Аргентина"	93547	Единицы	97648	Единицы	137006	Единицы	205175	Единицы	242753	Единицы	243215	Единицы	323702	Единицы	354957	Единицы	266131	Единицы	280976	Единицы	208387	Единицы	150110	Тонны	117108	Тонны	108313	Тонны	41784	Тонны	16467	Тонны	28803	Тонны	82482	Тонны	103777	Тонны	126787	Тонны	
"Дания"	36924	Единицы	30086	Единицы	37272	Единицы	35678	Единицы	32737	Единицы	36180	Единицы	27062	Единицы	37191	Единицы	35452	Единицы	37039	Единицы	43289	Единицы	43827	Единицы	53199	Единицы	62004	Единицы	113251	Тонны	74933	Единицы	139267	Тонны	80749	Единицы	96585	Единицы	119776	Единицы	
"Литва"	132392	Единицы	190989	Единицы	301207	Единицы	352477	Единицы	252931	Единицы	158558	Единицы	152457	Единицы	208282	Единицы	131031	Единицы	146250	Единицы	99987	Единицы	31061	Единицы	27680	Единицы	36237	Единицы	38027	Единицы	68868	Единицы	70568	Единицы	73008	Единицы	84127	Единицы	81307	Единицы	
"Финляндия"	49687	Единицы	118451	Единицы	117338	Единицы	123575	Единицы	136790	Единицы	49497	Единицы	28993	Единицы	30067	Единицы	30193	Единицы	38305	Единицы	74066	Единицы	104905	Единицы	71575	Единицы	117026	Единицы	142715	Единицы	21786	Единицы	106891	Единицы	120022	Единицы	113928	Единицы	66467	Единицы	
"Хорватия"	211	Единицы	310	Единицы	255	Единицы	275	Единицы	228	Единицы	325	Единицы	289	Единицы	289	Единицы	206	Единицы	1746	Единицы	8464	Единицы	7065	Единицы	17646	Единицы	Нет объемов	Нет объемов	16317	Единицы	25659	Единицы	19255	Единицы	12282	Единицы	8840	Единицы	60886	Единицы	
"Сингапур"	102809	Единицы	81966	Единицы	78802	Единицы	63570	Единицы	66052	Единицы	38084	Единицы	21657	Единицы	18336	Единицы	15125	Единицы	17549	Единицы	20069	Единицы	25343	Единицы	34225	Единицы	137202	Единицы	183548	Единицы	113202	Единицы	41762	Единицы	40325	Единицы	34465	Единицы	58248	Единицы	
"Норвегия"	3016	Единицы	3210	Единицы	5736	Единицы	6397	Единицы	4775	Единицы	6584	Единицы	3794	Единицы	3945	Единицы	3810	Единицы	4376	Единицы	3256	Единицы	3270	Единицы	3795	Единицы	4023	Единицы	5344	Единицы	6278	Единицы	7296	Единицы	11067	Единицы	19843	Единицы	40449	Единицы	
"Уганда"	12359	Единицы	15147	Единицы	1752	Единицы	3534	Единицы	4527	Единицы	5017	Единицы	5147	Единицы	6691	Единицы	7446	Единицы	5887	Единицы	338909	Единицы	4471	Тонны	2025	Единицы	119723	Единицы	43738	Единицы	4509	Единицы	17948	Единицы	4232	Единицы	9129	Единицы	39022	Единицы	
"Эстония"	17195	Единицы	12714	Единицы	14695	Единицы	19284	Единицы	21579	Единицы	32439	Единицы	18939	Единицы	13523	Единицы	10642	Единицы	13130	Единицы	14374	Единицы	13289	Единицы	16191	Единицы	17976	Единицы	22276	Единицы	Нет объемов	Нет объемов	20740	Единицы	24327	Единицы	23870	Единицы	33677	Единицы	
"Люксембург"	28069	Единицы	45036	Единицы	26850	Единицы	32313	Единицы	25532	Единицы	29627	Единицы	49314	Единицы	31589	Единицы	27162	Единицы	29540	Единицы	29046	Единицы	57276	Единицы	41213	Единицы	35877	Единицы	35485	Единицы	92769	Тонны	34807	Единицы	34031	Единицы	27631	Единицы	32751	Единицы	
"Колумбия"	21640	Единицы	35060	Единицы	44345	Единицы	52852	Единицы	24813	Тонны	1541	Единицы	5500	Единицы	10550	Единицы	22197	Единицы	46174	Единицы	23562	Единицы	29376	Единицы	36927	Единицы	37767	Единицы	40614	Единицы	47194	Единицы	18035	Единицы	14409	Единицы	17856	Единицы	23094	Единицы	
"Армения"	29	Единицы	57	Единицы	32	Единицы	17	Единицы	10	Единицы	6	Единицы	7	Единицы	13	Единицы	10	Единицы	8	Единицы	12	Единицы	150	Единицы	187	Единицы	191	Единицы	425	Единицы	771	Единицы	129	Единицы	319	Единицы	10936	Единицы	20140	Единицы	
"Болгария"	289	Единицы	277	Единицы	466	Единицы	1359	Единицы	2751	Единицы	4667	Единицы	12531	Единицы	30075	Тонны	19864	Единицы	31221	Единицы	22413	Единицы	21857	Единицы	23117	Единицы	26290	Единицы	26263	Единицы	32688	Единицы	23883	Единицы	25383	Единицы	20086	Единицы	16508	Единицы	
"Малайзия"	14544	Единицы	15015	Единицы	20673	Единицы	20657	Единицы	27090	Единицы	21869	Единицы	33042	Единицы	24693	Единицы	26102	Единицы	23917	Единицы	17966	Единицы	14867	Единицы	13720	Единицы	13123	Единицы	19838	Единицы	18445	Единицы	11864	Единицы	13480	Единицы	25333	Единицы	15799	Единицы	
"Таджикистан"																					330	Тонны	641	Тонны	384	Единицы	0	Смешанный	1	Тонны	879	Единицы	263	Единицы	186	Единицы	254	Единицы	13024	Единицы	
"Чили"	1288	Единицы	776	Единицы	914	Единицы	2119	Единицы	6452	Единицы	3719	Единицы	2541	Единицы	1354	Единицы	902	Единицы	0	Смешанный	0	Смешанный	5746	Единицы	3293	Единицы	3323	Единицы	0	Смешанный	12834	Единицы	8183	Единицы	10873	Единицы	9563	Единицы	12032	Единицы	
"Китай, Специальный административный район Гонконг"	34616	Единицы	33916	Единицы	26717	Единицы	29246	Единицы	36661	Единицы	38577	Единицы	34396	Единицы	31839	Единицы	30551	Единицы	35940	Единицы	21554	Единицы	18324	Единицы	Нет объемов	Нет объемов	13685	Единицы	13594	Единицы	11337	Единицы	8764	Единицы	8983	Единицы	8022	Единицы	11505	Единицы	
"Казахстан"	5338	Единицы	3174	Единицы	872	Единицы	619	Единицы	816	Единицы	556	Единицы	864	Единицы	1872	Единицы	323	Единицы	572	Единицы	704	Единицы	1522	Единицы	13680	Единицы	2032	Единицы	563	Единицы	2125	Единицы	7047	Единицы	11415	Единицы	10734	Единицы	10208	Единицы	
"Латвия"	1327	Единицы	4613	Единицы	8855	Единицы	13788	Единицы	11530	Единицы	12921	Единицы	13849	Единицы	16185	Единицы	11793	Единицы	7026	Единицы	12358	Единицы	11706	Единицы	12273	Единицы	11724	Единицы	12268	Единицы	13153	Единицы	9347	Единицы	10201	Единицы	10478	Единицы	9587	Единицы	
"Кыргызстан"	96	Единицы	755	Единицы	810	Единицы	1270	Единицы	146	Единицы	44	Единицы	1467	Единицы	2007	Единицы	817	Единицы	365	Единицы	293	Тонны	198	Тонны	77	Тонны	79	Тонны	83	Тонны	113	Тонны	39	Тонны	437	Тонны	1137	Единицы	8613	Единицы	
"Пакистан"	138	Единицы	178	Единицы	323	Единицы	393	Единицы	2864	Единицы	3772	Единицы	479	Единицы	372	Единицы	2049	Единицы	547	Единицы	17155	Единицы	375	Единицы	5019	Единицы	3552	Единицы	409	Единицы	311	Единицы	265	Единицы	271	Единицы	155	Единицы	8450	Единицы	
"Багамские Острова"	545	Единицы	0		315	Единицы	217	Единицы	17010	Единицы	4191	Единицы	296	Единицы	11236	Единицы	6909	Единицы	16168	Единицы	18963	Единицы	29721	Единицы	6675	Единицы	75164	Единицы	3275	Единицы	138	Единицы	4409	Единицы	53168	Единицы	233522	Единицы	7700	Единицы	
"Токелау"	2	Тонны	1	Единицы	12	Единицы	2	Единицы			2	Тонны	1	Единицы	1	Единицы	140	Единицы			Нет объемов	Нет объемов	Нет объемов	Нет объемов	Нет объемов	Нет объемов	Нет объемов	Нет объемов	5	Тонны	2	Тонны	42	Тонны	1	Единицы	21603	Единицы	7288	Единицы	
"Бахрейн"	1970	Единицы	4081	Единицы	2571	Единицы	3592	Единицы	7428	Единицы	11736	Единицы	5290	Единицы	8330	Единицы	10486	Единицы	45110	Единицы	15892	Единицы	13258	Единицы	3568	Единицы	9055	Единицы	6599	Единицы	8324	Единицы	7065	Единицы	5852	Единицы	2953	Единицы	4780	Единицы	
"Сербия"					865	Единицы	2041	Единицы	2238	Тонны	1073	Тонны	2910	Единицы	4338	Тонны	34497	Единицы	160943	Единицы	138117	Единицы	118985	Единицы	105984	Единицы	78817	Единицы	59490	Единицы	38372	Единицы	25884	Единицы	24593	Единицы	7872	Единицы	4711	Единицы	
"Намибия"	2137	Единицы	1542	Единицы	1887	Единицы	3020	Единицы	11742	Тонны	16333	Тонны	5112	Единицы	8863	Тонны	17076	Тонны	8163	Единицы	4557	Единицы	5701	Тонны	2975	Тонны	4281	Тонны	Нет объемов	Нет объемов	3849	Тонны	5797	Тонны	5998	Тонны	2470	Тонны	3587	Единицы	
"Ирландия"	15507	Единицы	3671	Единицы	3919	Тонны	91838	Единицы	1011	Единицы	9209	Единицы	1764	Единицы	1336	Единицы	1816	Единицы	6124	Единицы	3283	Единицы	4435	Единицы	2018	Единицы	2384	Единицы	4490	Единицы	5392	Единицы	2443	Единицы	875	Тонны	1573	Тонны	3112	Тонны	
"Азербайджан"	45	Единицы	13	Единицы	29	Единицы	42	Единицы	34	Единицы	12	Единицы	35	Единицы	39	Единицы	27	Единицы	53	Единицы	28	Единицы	26	Единицы	155	Единицы	96	Единицы	38	Единицы	55	Единицы	19	Единицы	41	Единицы	466	Единицы	2696	Единицы	
"Панама"	0		0		817	Единицы	944	Единицы	1798	Тонны	153	Единицы	1246	Тонны	767	Тонны	499	Тонны	672	Тонны	612	Тонны	356	Тонны	552	Тонны	376	Тонны	316	Тонны	340	Тонны	705	Тонны	727	Тонны	2400	Тонны	2204	Тонны	
"Ботсвана"	2825	Единицы	1092292	Единицы	1272734	Единицы	516	Единицы	4678	Единицы	30941	Единицы	8892	Единицы	19520	Тонны	19083	Тонны	1494	Единицы	10305	Единицы	8139	Тонны	6961	Тонны	5763	Тонны	7483	Тонны	7775	Тонны	30531	Единицы	23185	Единицы	3046	Тонны	1862	Единицы	
"Иордания"	3318	Единицы	2102	Единицы	2304	Единицы	4108	Единицы	2682	Тонны	3798	Единицы	3394	Единицы	32	Тонны	8	Тонны	1514	Единицы	1548	Единицы	1630	Единицы	1432	Единицы	Нет объемов	Нет объемов	Нет объемов	Нет объемов	Нет объемов	Нет объемов	Нет объемов	Нет объемов	1618	Единицы	2044	Единицы	1693	Единицы	
"Гватемала"	501	Единицы	486	Единицы	582	Единицы	461	Единицы	623	Тонны	382	Тонны	383	Единицы	580	Тонны	506	Единицы	516	Единицы	610	Единицы	798	Тонны	918	Тонны	699	Тонны	835	Тонны	953	Тонны	820	Тонны	1015	Тонны	1013	Тонны	1589	Тонны	
"Беларусь"	123	Единицы	34	Единицы	27	Единицы	40	Единицы	527	Единицы	8	Единицы	70	Единицы	2354	Единицы	777	Единицы	1526	Единицы	4759	Единицы	7932	Единицы	11680	Единицы	Нет объемов	Нет объемов	Нет объемов	Нет объемов	Нет объемов	Нет объемов	Нет объемов	Нет объемов	58523	Единицы	300	Единицы	1020	Тонны	
"Украина"	6096	Единицы	7476	Единицы	38897	Единицы	68611	Единицы	73324	Единицы	18080	Единицы	32713	Единицы	39892	Единицы	27174	Единицы	6038	Единицы	2147	Единицы	302	Единицы	161	Единицы	130	Единицы	186	Единицы	248	Единицы	211	Единицы	751	Единицы	844	Единицы	988	Тонны	
"Филиппины"	11858	Единицы	13052	Единицы	6856	Единицы	182875	Единицы	7693	Единицы	7731	Единицы	8363	Единицы	57476	Единицы	350816	Единицы	2449811	Единицы	4001411	Единицы	195756	Единицы	30318	Единицы	180191	Единицы	1924194	Единицы	587	Тонны	282	Тонны	307	Тонны	845	Тонны	968	Тонны	
"Монголия"	26	Единицы	98	Единицы	419	Единицы	96	Единицы					27	Единицы	22	Единицы	61	Единицы	28	Единицы	20	Единицы	675582	Единицы	33	Единицы	22	Единицы	18	Единицы	105	Единицы	11	Единицы	3	Единицы	202	Единицы	959	Единицы	
"Израиль"	685	Единицы	309	Единицы	400	Единицы	228	Единицы	Нет объемов	Нет объемов	501	Единицы	775	Единицы	133	Единицы	789	Единицы	312	Единицы	813	Единицы	1010	Единицы	420	Единицы	Нет объемов	Нет объемов	726	Единицы	572	Единицы	738	Единицы	Нет объемов	Нет объемов	1319	Единицы	892	Единицы	
"Андорра"	1335	Единицы			1109	Единицы	1893	Тонны	515	Единицы	518	Единицы	542	Единицы	851	Единицы	501	Единицы	618	Единицы	665	Единицы	554	Единицы	608	Единицы	786	Единицы	691	Единицы	532	Единицы	621	Единицы	882	Единицы	615	Единицы	832	Единицы	
"Тунис"	488	Единицы	813	Единицы	803	Единицы	677	Единицы	845	Единицы	449	Единицы	9330	Единицы	6387	Единицы	4284	Единицы	4294	Единицы	35028	Единицы	3580	Единицы	295	Единицы	776	Тонны	746	Единицы	667	Тонны	967	Тонны	386	Тонны	746	Тонны	756	Тонны	
"Сейшельские Острова"	0		15	Единицы	0				3	Тонны	Нет объемов	Нет объемов	0	Тонны	12	Единицы	11	Единицы	4	Единицы	8	Единицы	6	Единицы	10	Единицы	23	Единицы	60	Единицы	49	Единицы	6	Тонны	33	Тонны	28	Тонны	704	Тонны	
"Гана"	136	Тонны	66	Единицы	38	Единицы	141	Единицы	320	Тонны	503	Единицы	79	Единицы	146	Тонны	42	Единицы	42	Единицы	163	Тонны	19771	Тонны	120	Единицы	14	Единицы	17	Единицы	11	Тонны			243	Единицы	289	Единицы	657	Единицы	
"Исландия"	3621	Единицы	732	Единицы	147	Единицы	186	Единицы	1220	Единицы	2976	Тонны	475	Единицы	476	Единицы	18163	Единицы	9400	Единицы	135	Единицы	162	Тонны	99	Тонны	121	Тонны	78	Тонны	246	Тонны	391	Тонны	1323	Тонны	809	Тонны	633	Тонны	
"Гибралтар"	1529	Единицы	303	Единицы	586	Единицы	Нет объемов	Нет объемов	629	Тонны	2088	Единицы	Нет объемов	Нет объемов	411	Тонны	110	Единицы	561	Тонны	300	Тонны	Нет объемов	Нет объемов	Нет объемов	Нет объемов	1109	Тонны	1300	Тонны	Нет объемов	Нет объемов	Нет объемов	Нет объемов	Нет объемов	Нет объемов	Нет объемов	Нет объемов	581	Тонны	
"Республика Молдова"	197	Единицы	51	Единицы	118	Единицы	1035	Единицы	171	Единицы	28	Единицы	43	Единицы	103	Единицы	98	Единицы	120	Единицы	83	Единицы	80	Единицы	199	Единицы	233	Единицы	163	Единицы	169	Единицы	177	Единицы	366	Единицы	873	Единицы	504	Единицы	
"Босния и Герцеговина"	287	Единицы	245	Единицы	249	Единицы	150	Единицы	335	Тонны	143	Единицы	133	Единицы	135	Единицы	307	Тонны	80	Единицы	233	Единицы	391	Тонны	456	Тонны	360	Тонны	456	Тонны	541	Тонны	415	Тонны	412	Тонны	576	Тонны	444	Тонны	
"Сенегал"	249	Единицы	833	Единицы	505	Единицы	595	Единицы	1032	Тонны	606	Единицы	640	Единицы	968	Тонны	444	Единицы	239	Единицы	178	Единицы	238	Единицы	328	Единицы	644	Тонны	463	Тонны	362	Тонны	499	Тонны	206	Тонны	446	Тонны	382	Тонны	
"Египет"	243	Единицы	50	Единицы	3	Единицы	11	Единицы	1288	Единицы	1366	Единицы	325	Единицы	64	Единицы	228	Единицы	6570	Единицы	102	Единицы	6	Единицы	25	Единицы	61	Единицы	211	Единицы	20	Единицы	Нет объемов	Нет объемов	Нет объемов	Нет объемов	80	Единицы	339	Единицы	
"Черногория"					23	Единицы	19	Единицы	30	Единицы	62	Единицы	53	Единицы	74	Единицы	93	Единицы	4820	Единицы	96	Единицы	4128	Единицы	3786	Единицы	461	Тонны	779	Тонны	959	Тонны	762	Тонны	320	Тонны	468	Единицы	318	Единицы	
"Замбия"	24	Единицы	43	Единицы	206	Тонны	267	Тонны	180	Единицы	197	Единицы	131	Единицы	249	Тонны	144	Единицы	116	Единицы	278	Единицы	355	Тонны	373	Тонны	256	Тонны	362	Тонны	387	Тонны	300	Тонны	248	Тонны	245	Тонны	269	Тонны	
"Нигер"	64	Единицы	1338	Единицы	3390	Единицы	161	Единицы	103	Тонны	13	Единицы	85	Единицы	94	Тонны	39	Единицы	21	Единицы	76	Единицы	38	Тонны	9	Тонны	18	Тонны	8	Тонны	107	Тонны	168	Тонны	151	Тонны	409	Тонны	253	Тонны	
"Фарерские острова"	0		0		0		1	Единицы	2	Единицы	67	Единицы	7	Единицы	7	Единицы	19	Единицы	9	Единицы	4	Единицы	38	Тонны	Нет объемов	Нет объемов	8	Единицы	12	Единицы	96	Единицы			81	Единицы	208	Единицы	247	Единицы	
"Буркина-Фасо"	167	Единицы	68	Единицы	106	Тонны	26	Тонны	76	Тонны	81	Тонны	35	Тонны	13	Тонны	21	Тонны	137	Тонны	224	Тонны	208	Тонны	233	Тонны	271	Тонны	321	Тонны	150	Тонны	132	Тонны	178	Тонны	248	Тонны	237	Тонны	
"Кот-д'Ивуар"	3843	Единицы	2603	Единицы	1393	Единицы	851	Единицы	198	Единицы	234	Единицы	102	Единицы	207	Единицы	107	Единицы	854	Единицы	739	Единицы	787	Единицы	199	Тонны	469	Тонны	221	Тонны	267	Тонны	196	Тонны	127	Тонны	118	Тонны	236	Тонны	
"Кипр"	7897	Единицы	6644	Единицы	4326	Единицы	5030	Единицы	2454	Единицы	1079	Единицы	645	Единицы	583	Единицы	545	Единицы	614	Единицы	466	Единицы	1513	Единицы	1082	Единицы	367	Единицы	246	Единицы	174	Единицы	166	Единицы	388	Единицы	282	Единицы	224	Единицы	
"Коста-Рика"	2	Единицы	2	Единицы	14	Единицы	32	Единицы	35	Тонны	98	Тонны	49	Единицы	201	Тонны	179	Тонны	66	Единицы	357	Тонны	244	Тонны	257	Тонны	230	Тонны	345	Тонны	332	Тонны	216	Тонны	364	Тонны	306	Тонны	223	Тонны	
"Ангола"	Нет объемов	Нет объемов	Нет объемов	Нет объемов	Нет объемов	Нет объемов	0				0		0		0		0		0		0		169	Единицы	476	Единицы	213	Единицы	192	Тонны	249	Тонны	152	Тонны	816	Тонны	77	Тонны	221	Тонны	
"Габон"	41	Единицы	429	Тонны	117	Тонны	126	Тонны	141	Тонны	216	Тонны	214	Тонны	3162	Единицы	118	Единицы	1276	Единицы	2673	Единицы	7146	Единицы	1016	Единицы	103	Единицы	2254	Единицы	1943	Единицы	120	Единицы	144	Единицы	123	Единицы	212	Единицы	
"Острова Уоллис и Футуна"					2	Единицы	1	Единицы	1	Единицы	4	Тонны	2	Единицы	1	Единицы					5	Тонны					Нет объемов	Нет объемов	1	Единицы	7	Единицы			Нет объемов	Нет объемов	1	Единицы	210	Единицы	
"Кения"	1629	Единицы	2274	Единицы	349	Единицы	272	Единицы	343	Единицы	32541	Единицы	418	Единицы	429	Единицы	306	Единицы	244	Единицы	279	Единицы	942	Единицы	1102	Единицы	934	Тонны	0	Смешанный	0	Смешанный	35	Единицы	49	Единицы	283	Единицы	190	Единицы	
"Сальвадор"	16	Единицы	6	Единицы	11	Единицы	66	Тонны	33	Единицы	49	Единицы	66	Единицы	71	Единицы	98	Тонны	102	Единицы	136	Единицы	93	Тонны	133	Тонны	152	Тонны	115	Тонны	154	Тонны	247	Тонны	122	Тонны	77	Тонны	187	Тонны	
"Северная Македония"	47	Единицы	49	Единицы	45	Единицы	38	Единицы	63	Единицы	60	Единицы	69	Единицы	1261	Единицы	101	Единицы	1389	Единицы	1399	Единицы	91	Единицы	88	Единицы	126	Единицы	95	Единицы	308	Единицы	91	Единицы	166	Единицы	125	Единицы	175	Единицы	
"Доминиканская Республика"	506	Единицы	31	Единицы	53	Единицы	43	Тонны	67	Единицы	Нет объемов	Нет объемов	337	Единицы	255	Тонны	65	Единицы	111	Единицы	68	Единицы	462	Тонны	Нет объемов	Нет объемов	126	Тонны	181	Тонны	171	Тонны	170	Тонны	250	Тонны	133	Тонны	167	Тонны	
"Маршалловы Острова"	1	Тонны			1	Единицы	2	Единицы			1	Единицы	Нет объемов	Нет объемов					1	Единицы	79	Тонны	7	Тонны	14	Тонны	4	Тонны	338	Тонны	1215	Тонны	2941	Тонны	861	Тонны	526	Тонны	166	Тонны	
"Мальта"	2696	Единицы	3042	Единицы	3934	Единицы	3911	Единицы	1432	Единицы	205	Единицы	194	Единицы	172	Единицы	1360	Единицы	834	Единицы	1886	Единицы	3042	Единицы	13568	Единицы	Нет объемов	Нет объемов	64	Единицы	136	Тонны	78	Единицы	119	Единицы	209	Тонны	154	Единицы	
"Эквадор"	2449	Единицы	6873	Единицы	9421	Единицы	7797	Единицы	12060	Тонны	8634	Единицы	13367	Единицы	12090	Тонны	14000	Единицы	4223	Единицы	4470	Единицы	3120	Тонны	58	Тонны	30	Тонны	7	Тонны	53	Тонны	29	Тонны	49	Тонны	64	Тонны	151	Тонны	
"Гондурас"	64	Единицы	40	Единицы	109	Единицы	74	Единицы	282	Тонны	445	Тонны	44	Единицы	87	Тонны	704	Единицы	75	Тонны	82	Тонны	79	Тонны	73	Тонны	70	Тонны	135	Тонны	148	Тонны	114	Тонны	99	Тонны			147	Тонны	
"Конго"							58	Тонны	57	Тонны	236	Тонны	236	Тонны	116	Тонны	37	Единицы	70	Единицы	205	Тонны	211	Тонны	192	Тонны	279	Тонны	290	Тонны	172	Тонны	166	Тонны	256	Тонны	580	Тонны	124	Тонны	
"Демократическая Республика Конго"																							234	Единицы	159	Единицы	113	Тонны	113	Единицы	224	Единицы	229	Единицы	342	Тонны	106	Единицы	108	Тонны	
"Либерия"																											3402	Тонны	603	Тонны	51	Тонны	69	Тонны	46	Тонны	69	Тонны	105	Тонны	
"Эсватини"	1885	Единицы	1248771	Единицы	23211	Единицы	16328	Единицы	402	Тонны	374	Тонны	852	Тонны	4920	Единицы	1414	Единицы	72	Единицы	692	Единицы	1655	Единицы	200	Единицы	96	Единицы	91	Единицы	75	Единицы	66	Единицы	49	Единицы	98	Единицы	103	Единицы	
"Перу"	385	Единицы	187	Единицы	71	Единицы	145	Единицы	103	Единицы	112	Единицы	129	Единицы	1588	Единицы	1108	Единицы	393	Единицы	507	Единицы	140	Единицы	170	Единицы	130	Единицы	269	Единицы	250	Единицы	284	Единицы	113	Единицы	125	Единицы	100	Единицы	
"Никарагуа"	23	Единицы	20	Единицы	11	Единицы	14	Единицы	98	Тонны	15	Единицы	16	Единицы	89	Тонны	43	Единицы	33	Единицы	11	Единицы	202	Тонны	32	Единицы	101	Тонны	238	Тонны	193	Тонны	63	Тонны	184	Тонны	148	Тонны	99	Тонны	
"Гвинея"	2	Единицы	5	Единицы	1	Единицы	48	Единицы	136	Тонны	93	Единицы	68	Единицы	49	Единицы	57	Единицы	145	Единицы	43	Единицы	205	Тонны	163	Тонны	Нет объемов	Нет объемов	251	Тонны	Нет объемов	Нет объемов	86	Тонны	49	Тонны	Нет объемов	Нет объемов	99	Тонны	
"Сьерра-Леоне"																					543	Единицы	489	Тонны	105	Тонны	89	Тонны	176	Тонны	127	Тонны	309	Тонны	711	Единицы	216	Единицы	92	Единицы	
"Мали"	58	Единицы	241	Единицы	149	Единицы	119	Единицы	186	Тонны			73	Единицы	105	Тонны	134	Единицы							150	Единицы	59	Единицы	87	Тонны	147	Тонны	232	Тонны	291	Тонны	157	Тонны	89	Тонны	
"Камерун"	11	Единицы	13	Единицы	15	Единицы	47	Единицы	111	Тонны	64	Единицы	134	Единицы	72	Тонны	35	Единицы	43	Единицы	23	Единицы	44	Единицы	27	Единицы	93	Единицы	62	Тонны	108	Тонны	49	Тонны	102	Тонны	225	Тонны	87	Тонны	
"Парагвай"	2	Единицы	1	Единицы	3	Единицы	11	Единицы	5	Единицы	22	Единицы	2	Единицы	4	Единицы	27	Единицы	6	Единицы	16	Единицы	101	Тонны	59	Тонны	43	Тонны	39	Тонны	54	Тонны	69	Тонны	73	Тонны	61	Тонны	83	Тонны	
"Новая Зеландия"	2724	Единицы	2063	Единицы	2480	Единицы	2801	Единицы	4237	Единицы	4588	Единицы	3530	Единицы	Нет объемов	Нет объемов	2311	Единицы	2281	Единицы	1989	Единицы	2449	Единицы	37150	Единицы	2148	Единицы	141	Единицы	134	Единицы	57	Единицы	203	Единицы	150	Единицы	82	Единицы	
"Малави"	62	Единицы	56	Единицы	44	Единицы	182	Тонны	78	Единицы	96	Единицы	74	Единицы	302	Тонны	269	Тонны	258	Тонны	122	Единицы	112	Единицы	109	Единицы	94	Единицы	85	Единицы	2500128	Единицы	74	Единицы	154	Единицы	106	Единицы	80	Единицы	
"Мозамбик"	42	Единицы	49	Единицы	663	Единицы	73	Единицы	Нет объемов	Нет объемов	48	Единицы	36	Единицы	1034	Единицы	500030	Единицы	32	Единицы	8198	Единицы	Нет объемов	Нет объемов	Нет объемов	Нет объемов	Нет объемов	Нет объемов	Нет объемов	Нет объемов	Нет объемов	Нет объемов	Нет объемов	Нет объемов	Нет объемов	Нет объемов	Нет объемов	Нет объемов	78	Единицы	
"Того"	24	Единицы	38	Единицы			25	Единицы	275	Тонны	473	Тонны	437	Тонны	195	Единицы	234	Единицы	179	Единицы	262	Тонны	237	Тонны	356	Тонны	187	Тонны	166	Тонны	362	Тонны	183	Тонны	227	Тонны	166	Тонны	77	Единицы	
"Тринидад и Тобаго"	43	Единицы	40	Единицы	2515	Единицы	2663	Единицы	3009	Единицы	19	Единицы	15	Единицы	62	Единицы	107	Единицы	105	Единицы	398	Единицы	198	Единицы	504	Единицы	182	Единицы	426	Единицы	739	Единицы	244	Единицы	23	Единицы	743	Единицы	76	Единицы	
"Центральноафриканская Республика"					3	Единицы	8	Единицы	6	Единицы	5	Единицы	6	Тонны	17	Тонны	11	Тонны	31	Тонны	1	Тонны	8	Кубические метры	17	Тонны	51	Тонны	14	Тонны	10	Тонны	180	Тонны	64	Тонны	69	Тонны	73	Тонны	
"Эфиопия"	2	Единицы	222	Тонны	3	Единицы	0		1	Единицы	1	Единицы	0		0		0		0		0		5	Единицы	0		0		188	Тонны	129	Тонны	141	Тонны	179	Тонны	156	Тонны	70	Тонны	
"Фиджи"	0		28	Единицы	7969	Единицы	29	Единицы	85	Единицы	53	Единицы	25	Единицы	45	Тонны	Нет объемов	Нет объемов	22	Единицы	665	Единицы	0	Смешанный	0	Смешанный	0	Смешанный	0	Смешанный	0	Смешанный	0	Смешанный	0	Смешанный	0	Смешанный	70	Единицы	
"Мадагаскар"	58	Единицы	97	Единицы	48	Единицы	44	Единицы	41	Тонны	91	Тонны	44	Единицы	82	Тонны	Нет объемов	Нет объемов	19	Единицы	2180	Единицы	78	Тонны	77	Тонны	108	Тонны	63	Тонны	44	Тонны	57	Тонны	36	Тонны	32	Тонны	68	Тонны	
"Боливия (Многонациональное Государство)"	14	Единицы	33	Единицы	70	Единицы	57	Единицы	47	Единицы	65	Единицы	50	Тонны	23	Единицы	27	Единицы	23	Единицы	0		0		0		0		0		34	Тонны	51	Тонны	31	Тонны	36	Тонны	62	Тонны	
"Ливия"							0		0		0		0										59	Единицы	187	Единицы	611	Единицы	64	Единицы	72	Единицы	17	Тонны	68	Тонны	106	Тонны	57	Тонны	
"Зимбабве"	495	Тонны	221	Тонны	Нет объемов	Нет объемов	Нет объемов	Нет объемов	Нет объемов	Нет объемов	Нет объемов	Нет объемов	Нет объемов	Нет объемов	234	Тонны	245	Тонны	238	Тонны	327	Тонны	2638	Единицы	215	Тонны	105	Единицы	64	Единицы	3823	Единицы	93	Тонны	2634	Единицы	54	Единицы	55	Единицы	
"Бенин"	26	Единицы	25	Единицы	125	Тонны	35	Единицы	101	Тонны	33	Единицы	89	Единицы	251	Тонны	79	Единицы	113	Единицы	130	Единицы	311	Тонны	435	Тонны	626	Тонны	319	Тонны	482	Тонны	465	Тонны	226	Тонны	257	Тонны	53	Единицы	
"Гренада"	31	Единицы	22	Единицы	49	Единицы	65	Единицы	66	Единицы			14	Тонны	66	Тонны	27	Тонны	31	Тонны	63	Тонны	70	Тонны	78	Тонны	36	Тонны	87	Тонны	43	Тонны	2	Тонны	18	Тонны	19	Единицы	52	Единицы	
"Шри-Ланка"	171	Единицы	17	Единицы	1	Единицы	1	Единицы	11	Единицы	13	Единицы	16	Единицы	57	Единицы	416	Единицы	57	Единицы	71	Единицы	5409	Единицы	3497	Единицы	Нет объемов	Нет объемов			46	Единицы	Нет объемов	Нет объемов	21	Единицы	49	Единицы	51	Единицы	
"Грузия"	2673	Единицы	11265	Единицы	13297	Единицы	4101	Единицы	7914	Тонны	3177	Единицы	23150	Единицы	46183	Единицы	58095	Единицы	73413	Единицы	45477	Единицы	83	Тонны	67	Тонны	1	Тонны	15	Тонны	24	Тонны	2	Тонны	5	Тонны	17	Тонны	48	Тонны	
"Сент-Винсент и Гренадины"	14	Единицы	6	Единицы	16	Единицы	23	Единицы	78	Тонны	17	Единицы	17	Единицы	34	Тонны	14	Единицы	33	Тонны	19	Тонны	23	Тонны	39	Тонны	34	Тонны	96	Тонны	59	Тонны	5	Тонны	6	Тонны	58	Тонны	46	Тонны	
"Сент-Люсия"	48	Единицы	32	Единицы	40	Единицы	9	Единицы	69	Единицы							19	Единицы	732	Тонны	739	Тонны	689	Тонны	958	Тонны	1036	Тонны	40	Единицы	37	Единицы	18	Единицы	27	Тонны	Нет объемов	Нет объемов	42	Тонны	
"Экваториальная Гвинея"	19	Единицы	Нет объемов	Нет объемов	Нет объемов	Нет объемов	30	Тонны	126	Тонны	19	Единицы	676	Единицы	35	Тонны	22	Единицы	27	Тонны	Нет объемов	Нет объемов	Нет объемов	Нет объемов	Нет объемов	Нет объемов	Нет объемов	Нет объемов	47	Тонны	57	Тонны	Нет объемов	Нет объемов	106	Тонны	47397	Тонны	41	Тонны	
"Алжир"	1	Единицы	105	Единицы	445	Единицы	70	Единицы	1	Единицы	10	Единицы	1	Единицы	0		0		0		0		0		3	Единицы	0		Нет объемов	Нет объемов	Нет объемов	Нет объемов	Нет объемов	Нет объемов	Нет объемов	Нет объемов	Нет объемов	Нет объемов	38	Единицы	
"Новая Каледония"	17	Единицы	28	Единицы	11	Единицы	297	Единицы	43	Тонны	16251	Тонны	29	Единицы	169	Тонны	94	Единицы	71	Единицы	50	Единицы	194	Единицы	Нет объемов	Нет объемов	Нет объемов	Нет объемов	Нет объемов	Нет объемов	107	Единицы	Нет объемов	Нет объемов	44	Единицы	31	Единицы	37	Единицы	
"Барбадос"	83	Единицы	96	Единицы	107	Единицы	104	Единицы	61	Единицы	158	Единицы	99	Единицы	57	Единицы	110	Единицы	44	Единицы	177	Единицы	353	Единицы	107	Тонны	75	Единицы	48	Единицы	103	Тонны	80	Тонны	56	Тонны	72	Единицы	35	Единицы	
"Лесото"			47	Единицы	98	Единицы	Нет объемов	Нет объемов	153	Единицы	Нет объемов	Нет объемов	338	Единицы	319	Единицы	Нет объемов	Нет объемов	Нет объемов	Нет объемов	50	Тонны	10	Тонны	1348	Тонны	262	Тонны	214	Тонны	163	Тонны	184	Тонны	198	Тонны	45	Единицы	35	Единицы	
"Остров Святой Елены"	1	Единицы	2	Единицы	14	Тонны			15	Тонны					4	Тонны	10	Единицы	4	Тонны	2	Единицы	0	Тонны	1	Единицы	2	Единицы	23	Тонны	1	Единицы	5	Тонны	3	Тонны			34	Тонны	
"Уругвай"	243	Единицы	303	Единицы	1431	Единицы	199	Единицы	888	Единицы	2082	Единицы	5585	Единицы	7353	Единицы	3160	Единицы	10501	Единицы	9960	Единицы	5650	Единицы	1644	Единицы	2187	Единицы	1609	Единицы	49	Единицы	19	Единицы	17	Единицы	31	Единицы	34	Единицы	
"Мавритания"	0		0				0		0		0		0		0		0		0		0		0		0		0		0		0		463	Тонны	46	Тонны	24	Тонны	33	Тонны	
"Гамбия"	4	Тонны	3	Единицы	5	Единицы	6	Единицы	15	Единицы	98	Единицы	23	Единицы	106	Тонны	121	Единицы	114	Тонны	40	Тонны	66	Тонны	34	Тонны	77110	Единицы	49004	Единицы	54685	Единицы	11	Единицы	24	Единицы	30	Единицы	32	Единицы	
"Бонайре, Синт-Эстатиус и Саба"																							3	Единицы	1	Единицы	41	Тонны	47	Тонны	30	Тонны	38	Тонны	7	Единицы	10	Единицы	31	Единицы	
"Белиз"	18	Единицы	16	Единицы	51	Единицы	29	Единицы	2	Единицы	8	Единицы	8	Единицы	10	Единицы	12	Единицы	21	Единицы	21	Единицы	80	Тонны	87	Тонны	65	Тонны	50	Тонны	41	Тонны	34	Тонны	63	Тонны	59	Тонны	31	Тонны	
"Антигуа и Барбуда"			75	Единицы			105	Единицы			38	Единицы	98	Единицы	33	Единицы	68	Единицы	39	Единицы	16	Единицы	80	Тонны	91	Тонны	67	Тонны	81	Тонны	70	Тонны	54	Тонны	37	Единицы	54	Тонны	30	Единицы	
"Гайана"	5	Единицы	21	Единицы	75	Единицы	18	Единицы	17	Единицы	24	Единицы	15	Единицы	11	Единицы	11	Единицы	9	Единицы	6	Единицы	12	Единицы	11	Единицы	13	Единицы	21	Единицы	19	Единицы	21	Единицы	7	Единицы	25	Единицы	29	Единицы	
"Бруней-Даруссалам"	109	Единицы	70	Единицы	102	Единицы	98	Единицы	Нет объемов	Нет объемов	69	Тонны	72	Единицы	56	Единицы	86	Единицы	30	Единицы	80	Единицы	68	Единицы	1022	Единицы	43	Единицы	30	Единицы	31	Единицы	5	Единицы	1640	Единицы	48	Единицы	27	Единицы	
"Синт-Мартен (нидерландская часть)"															9	Тонны			15	Единицы	5	Тонны			12	Тонны	54	Тонны	58	Тонны	Нет объемов	Нет объемов	21	Тонны	2	Единицы	17	Единицы	26	Тонны	
"Маврикий"	79	Единицы	771	Единицы	149	Единицы	180	Единицы	89	Единицы	83	Единицы	78	Единицы	57	Единицы	92	Единицы	65	Единицы	132	Единицы	29	Единицы	72	Единицы	146	Единицы	107	Единицы	60	Единицы	35	Единицы	27	Единицы	0		24	Единицы	
"Суринам"	41	Единицы	60	Единицы			21	Единицы			59	Тонны	20	Единицы	47	Тонны	27	Единицы	29	Единицы	72	Единицы	9	Единицы	26	Единицы	18	Единицы	0		11	Единицы	0		23	Единицы	80	Единицы	24	Единицы	
"Южный Судан"																			Нет объемов	Нет объемов	4	Единицы	2	Единицы	8	Единицы	21	Тонны	Нет объемов	Нет объемов	Нет объемов	Нет объемов	Нет объемов	Нет объемов	Нет объемов	Нет объемов			24	Тонны	
"Гвинея-Бисау"	2	Единицы	0																0		0		0		0		0		0		5	Тонны	4	Тонны	6	Тонны	9	Тонны	23	Тонны	
"Аруба"			19	Тонны	9	Тонны	0		14	Тонны	141	Тонны	114	Единицы	122	Тонны	86	Единицы	93	Единицы	64	Единицы	153	Тонны	152	Тонны	94	Тонны	193	Тонны	105	Тонны	99	Тонны	86	Тонны	56	Тонны	20	Единицы	
"Туркменистан"	10	Единицы	5	Единицы	6	Единицы	341	Единицы	20	Тонны	3	Единицы	12	Тонны	Нет объемов	Нет объемов	Нет объемов	Нет объемов	Нет объемов	Нет объемов	16	Тонны	3	Тонны	7	Тонны	3	Тонны	Нет объемов	Нет объемов	Нет объемов	Нет объемов	Нет объемов	Нет объемов	12	Тонны	3	Тонны	20	Тонны	
"Камбоджа"	112	Единицы	303	Единицы	171	Единицы	757	Единицы	620	Единицы	685	Тонны	1624	Единицы	846	Тонны	522	Единицы	1479	Единицы	54	Единицы	1541	Единицы	83	Тонны	256	Тонны	178	Тонны	18	Тонны	3	Тонны	23	Единицы	31	Единицы	19	Единицы	
"Доминика"	4	Единицы	10	Единицы	2	Тонны	7	Единицы	5	Единицы	3	Единицы	2	Единицы	0	Тонны	1	Единицы	0	Тонны					19	Тонны	17	Тонны	39	Тонны	9	Тонны	5	Тонны	6	Тонны	24	Тонны	18	Тонны	
"Кайман острова"																																	5	Единицы	2	Единицы	19	Тонны	15	Тонны	
"Острова Теркс и Кайкос"	Нет объемов	Нет объемов													12	Единицы	11	Единицы	57	Тонны	36	Тонны	Нет объемов	Нет объемов	17	Тонны	22	Тонны	Нет объемов	Нет объемов	6	Тонны	14	Единицы	10	Тонны	Нет объемов	Нет объемов	15	Тонны	
"Афганистан"									0		0		0		0		0		0		0		0		0		0		0		0		Нет объемов	Нет объемов	54	Тонны	61	Тонны	13	Тонны	
"Сент-Китс и Невис"	24	Единицы	8	Единицы	14	Единицы	22	Единицы	11	Единицы	4	Единицы	6	Единицы	23	Тонны	6	Единицы	12	Единицы	9	Единицы	70	Тонны	47	Тонны	Нет объемов	Нет объемов	18	Тонны	4	Тонны	5	Тонны	3	Единицы	11	Тонны	11	Тонны	
"Нигерия"					0		92	Единицы	Нет объемов	Нет объемов	631	Тонны	256076	Единицы	27844	Тонны	1154	Единицы	1215	Тонны	0	Смешанный	0	Смешанный	0		0		2	Тонны	0		0		0		0		10	Тонны	
"Судан"																	48	Тонны	0	Единицы	474	Единицы	3	Единицы	1	Единицы	0		Нет объемов	Нет объемов	73	Тонны	59	Тонны	2769	Единицы	7	Тонны	10	Тонны	
"Гренландия"	0		1	Единицы	6	Единицы	3	Единицы	3	Единицы	0	Единицы	1	Единицы	0		0		1	Единицы	0		1	Единицы	0	Единицы	0	Единицы	0		Нет объемов	Нет объемов	4	Единицы	3	Единицы	8	Единицы	10	Единицы	
"Острова Кука"			0		10	Тонны	2	Единицы	0	Тонны	3	Тонны			5	Тонны	5	Тонны	2	Тонны	13	Тонны	Нет объемов	Нет объемов					2	Тонны	8	Тонны			5	Тонны	Нет объемов	Нет объемов	9	Тонны	
"Бурунди"	22	Тонны	12	Единицы	650	Единицы	514	Единицы	335	Тонны	99	Единицы	37	Единицы	206	Тонны	92	Единицы	69	Тонны	115	Единицы	316	Тонны	4308	Единицы	72	Тонны	49	Единицы	52	Тонны	31	Единицы	34	Единицы	88	Единицы	8	Тонны	
"Британские Виргинские острова"	18	Тонны	Нет объемов	Нет объемов	25	Единицы	19	Тонны	24	Тонны	84	Единицы	172	Единицы	15	Тонны	Нет объемов	Нет объемов	77	Единицы	804	Единицы	Нет объемов	Нет объемов	Нет объемов	Нет объемов	Нет объемов	Нет объемов	237	Тонны	Нет объемов	Нет объемов	Нет объемов	Нет объемов	72	Тонны	Нет объемов	Нет объемов	6	Единицы	
"Тимор-Лешти"	522	Единицы	233	Единицы															111	Единицы							3	Единицы	0		0		0		0		7	Тонны	6	Тонны	
"Суда и бункеры"			1	Единицы	Нет объемов	Нет объемов	1	Единицы			Нет объемов	Нет объемов	Нет объемов	Нет объемов	12	Тонны	7	Единицы			1	Единицы	8	Единицы	14	Тонны	Нет объемов	Нет объемов	87	Единицы	Нет объемов	Нет объемов	275	Единицы	149	Единицы	11	Единицы	6	Тонны	
"Ирак"																					0		16	Тонны	53	Тонны	Нет объемов	Нет объемов	21	Тонны	22	Единицы	5	Тонны	24	Тонны	20	Тонны	5	Тонны	
"Куба"	227	Единицы	186	Единицы	222	Единицы																			27	Единицы	0		0		0		0		0		0		4	Единицы	
"Остров Норфолк"			4	Единицы	2	Единицы	2	Единицы	25	Тонны	36	Тонны	Нет объемов	Нет объемов	9	Тонны	3	Единицы	17	Тонны	23	Тонны	Нет объемов	Нет объемов	Нет объемов	Нет объемов	Нет объемов	Нет объемов	Нет объемов	Нет объемов	Нет объемов	Нет объемов	Нет объемов	Нет объемов	2	Тонны			4	Единицы	
"Сирийская Арабская Республика"	0		55	Единицы	34	Единицы	0		0		50	Тонны	5	Единицы	Нет объемов	Нет объемов	Нет объемов	Нет объемов	Нет объемов	Нет объемов	Нет объемов	Нет объемов	Нет объемов	Нет объемов	Нет объемов	Нет объемов	Нет объемов	Нет объемов	4	Тонны	Нет объемов	Нет объемов	2	Единицы	4	Единицы	2	Единицы	3	Тонны	
"Фолклендские (Мальвинские) острова"	Нет объемов	Нет объемов			4	Единицы	3	Единицы	Нет объемов	Нет объемов	414	Единицы	7	Единицы	Нет объемов	Нет объемов	Нет объемов	Нет объемов			1	Единицы	5	Тонны	25	Тонны	1	Единицы	11	Единицы	Нет объемов	Нет объемов	3	Единицы	2	Тонны			3	Тонны	
"Монтсеррат"	10	Единицы	10	Единицы	2	Единицы	5	Единицы	2	Единицы	6	Единицы					1	Единицы	2	Единицы	1	Тонны	10	Единицы	1	Единицы	8	Единицы	8	Единицы	1	Единицы	1	Единицы			0	Единицы	2	Единицы	
"Лаосская Народно-Демократическая Республика"													0		0		0		16	Единицы	64	Единицы	112	Единицы	517	Единицы	312	Единицы	88	Единицы	0		11	Тонны	0		5	Тонны	2	Тонны	
"Британская территория в Индийском океане"	2	Единицы			113	Единицы	36	Единицы	49	Тонны	29	Тонны	1	Единицы	13	Тонны	2	Единицы	19	Единицы			5	Тонны	Нет объемов	Нет объемов	Нет объемов	Нет объемов	63	Тонны	Нет объемов	Нет объемов	2	Единицы	1	Единицы			2	Единицы	
"Папуа-Новая Гвинея"	23	Единицы													14	Единицы	19	Единицы													8707	Единицы	7	Единицы	6	Единицы	Нет объемов	Нет объемов	2	Единицы	
"Северные Марианские острова"	2	Тонны	1	Единицы	1	Единицы	3	Тонны	0	Тонны			1	Тонны	5	Тонны	3	Единицы	4	Единицы	2	Единицы	2	Единицы	2	Единицы			1	Единицы	1	Тонны			15	Тонны			1	Единицы	
"Сен-Пьер и Микелон"	2	Единицы	1	Единицы			1	Единицы					1	Единицы	1	Тонны	2	Единицы	1	Единицы			2	Единицы	4	Единицы									1	Единицы	1	Тонны	1	Единицы	
"Тувалу"					7	Тонны	2	Тонны	1	Единицы	1	Единицы									3	Единицы									1	Единицы					Нет объемов	Нет объемов	1	Единицы	
"Эритрея"	13	Единицы	50	Единицы	5	Единицы	45	Единицы	12	Тонны	15	Тонны	13002	Единицы	50	Тонны	22	Единицы	8	Тонны	5	Тонны	Нет объемов	Нет объемов	Нет объемов	Нет объемов	1	Единицы	2	Единицы	1518	Единицы	1	Единицы	2	Единицы	5	Единицы	1	Единицы	
"Коморские Острова"	0	Тонны	1	Единицы			0		2000006	Единицы	3	Единицы	9	Единицы	96	Единицы	3	Единицы	20	Единицы	6	Единицы	22	Тонны	35	Тонны	45	Тонны	17	Тонны	6	Тонны	4	Тонны	4	Тонны	4	Тонны	1	Единицы	
"Непал"											0		60	Единицы	0		0		3	Единицы	1061	Единицы	0		9	Единицы	5	Единицы	4	Единицы	6	Единицы	0		6	Единицы	0		1	Единицы	
"Южные земли (французская заморская территория)"	17	Единицы			2	Единицы	Нет объемов	Нет объемов	62	Тонны	9	Единицы	Нет объемов	Нет объемов	8	Тонны	2	Единицы			2	Единицы					1	Единицы	2	Тонны	1	Единицы			13	Единицы	14	Единицы	1	Тонны	
"Сан-Томе и Принсипи"	1	Единицы	4	Единицы	1	Единицы	9	Единицы	23	Тонны	3	Единицы	4	Единицы	5	Тонны	6	Единицы	1	Единицы	4	Единицы	3	Единицы	4	Единицы	16	Тонны	57	Тонны	7	Тонны	11	Тонны	1	Единицы	1	Единицы	0	Единицы	
"Тонга"									3	Единицы	33	Единицы	0		1	Единицы	2	Единицы	3	Единицы	5502	Единицы					3	Единицы	1	Единицы	2	Единицы	0		0		2003	Единицы	Нет объемов	Нет объемов	
"Объединенная Республика Танзания"	121	Единицы	85	Единицы	83	Единицы	170	Единицы	373	Тонны	145	Единицы	223	Единицы	429	Тонны	79	Единицы	70	Единицы	74	Единицы	37	Единицы	80	Единицы	608	Тонны	591	Тонны	816	Тонны	812	Тонны	858	Тонны	207	Единицы	Нет объемов	Нет объемов	
"Самоа"	0		0		0		0		0		5	Единицы	14	Единицы	10	Единицы	6	Единицы	22	Единицы	8	Единицы	10	Единицы	8	Единицы	7	Единицы	8	Единицы	14	Единицы	8	Единицы	13	Единицы	4023	Единицы	0	Смешанный	
"Греция"	7588	Единицы	9051	Единицы	9713	Единицы	17898	Единицы	3499	Единицы	3881	Единицы	9289	Единицы	4412	Единицы	10367	Единицы	6906	Единицы	3540	Единицы	3582	Единицы	5992	Единицы	Нет объемов	Нет объемов	Нет объемов	Нет объемов	2475	Единицы	Нет объемов	Нет объемов	Нет объемов	Нет объемов	2212	Единицы	Нет объемов	Нет объемов	
"Венгрия"	151061	Единицы	207787	Единицы	262310	Единицы	448828	Единицы	519296	Тонны	331991	Тонны	300740	Единицы	378915	Тонны	308730	Единицы	388618	Единицы	524994	Единицы	599934	Единицы	Нет объемов	Нет объемов	Нет объемов	Нет объемов	Нет объемов	Нет объемов	Нет объемов	Нет объемов	Нет объемов	Нет объемов	Нет объемов	Нет объемов	Нет объемов	Нет объемов	Нет объемов	Нет объемов	
"Ямайка"	139	Единицы	28	Единицы	26	Единицы	19	Единицы	20	Тонны	30	Тонны	243	Единицы	139	Тонны	180	Единицы	549	Единицы	1574	Единицы	40	Единицы	34	Единицы	82	Тонны	68	Тонны	581	Единицы	78	Единицы	78	Единицы	38	Единицы	0		
"Мальдивские Острова"	3	Единицы	0		0		0		0		0		0		0		0		0		0		0		0		0		0		0		0		0		0		0		
"Мексика"	147547027	Единицы	65494792	Единицы	2854878	Единицы	2518836	Единицы	3485072	Единицы	5174011	Единицы	1609541	Единицы	1739474	Единицы	1889145	Единицы	1922642	Единицы	Нет объемов	Нет объемов	2046184	Единицы	1960585	Единицы	2424049	Единицы	2761836	Единицы	Нет объемов	Нет объемов	Нет объемов	Нет объемов	Нет объемов	Нет объемов	Нет объемов	Нет объемов	Нет объемов	Нет объемов	
"Китай, Специальный административный район Макао"	Нет объемов	Нет объемов	566	Единицы	Нет объемов	Нет объемов	Нет объемов	Нет объемов	Нет объемов	Нет объемов	Нет объемов	Нет объемов	Нет объемов	Нет объемов	Нет объемов	Нет объемов	Нет объемов	Нет объемов	Нет объемов	Нет объемов	Нет объемов	Нет объемов	1159	Единицы	421	Единицы	Нет объемов	Нет объемов	Нет объемов	Нет объемов	Нет объемов	Нет объемов	Нет объемов	Нет объемов	Нет объемов	Нет объемов	Нет объемов	Нет объемов	Нет объемов	Нет объемов	
"Кабо-Верде"	0		13	Единицы	6	Единицы	13	Единицы	0		3	Единицы	11	Единицы	4	Единицы	8	Единицы	0		0		0		0		0		0		0		0		0		0		0		
"Французская Полинезия"	112	Единицы	127	Единицы	50	Единицы	33	Единицы	53	Тонны	55	Единицы	48	Единицы	67	Тонны	78	Тонны	18	Единицы	23	Единицы	26	Единицы	19	Единицы	19	Единицы	36	Единицы	21	Единицы	19	Единицы	21	Единицы	32	Единицы	0		
"Мьянма"													0		0		22	Единицы	8	Единицы	23	Единицы	0		1933	Тонны	1	Единицы	240	Единицы	Нет объемов	Нет объемов	0		0		0		0		
"Австралия"	177891	Единицы	232107	Единицы	179635	Единицы	207587	Единицы	247300	Единицы	146120	Единицы	120643	Единицы	141819	Единицы	102737	Единицы	361935	Единицы	484952	Единицы	329640	Единицы	0	Смешанный	55359	Единицы	0	Смешанный	0	Смешанный	0	Смешанный	37070	Единицы	393752	Единицы	0	Смешанный	
"Бермудские острова"																	0		0		0		0		0		0		Нет объемов	Нет объемов	0	Тонны	Нет объемов	Нет объемов	Нет объемов	Нет объемов	50	Единицы	0	Тонны	
"Бутан"			8	Единицы	1	Единицы	0		0		0		0		0		0								0		0		0		0		0		0		0		0		
"Бангладеш"	58	Единицы	45	Единицы	38	Единицы	67	Единицы	1066	Единицы	40	Единицы	125477	Единицы	22713	Единицы	23169	Единицы	39	Единицы			164	Единицы	Нет объемов	Нет объемов	Нет объемов	Нет объемов	Нет объемов	Нет объемов	Нет объемов	Нет объемов	310	Единицы	Нет объемов	Нет объемов	48	Тонны	Нет объемов	Нет объемов	
"Албания"	5419	Единицы	46	Единицы	33	Единицы	38	Единицы	57	Тонны	3629	Единицы	90	Единицы	180	Единицы	60	Единицы	66	Единицы	3	Единицы	34	Единицы	20	Единицы	Нет объемов	Нет объемов	Нет объемов	Нет объемов	Нет объемов	Нет объемов	Нет объемов	Нет объемов	Нет объемов	Нет объемов	0		Нет объемов	Нет объемов	
"Американское Самоа"	16	Тонны									18	Тонны					1	Единицы							Нет объемов	Нет объемов	Нет объемов	Нет объемов	Нет объемов	Нет объемов	Нет объемов	Нет объемов	Нет объемов	Нет объемов	Нет объемов	Нет объемов	Нет объемов	Нет объемов	Нет объемов	Нет объемов	
"Соломоновы Острова"	0		0		0		0		0		0		3	Единицы	Нет объемов	Нет объемов	0		Нет объемов	Нет объемов	0		2	Единицы	224	Единицы	8	Единицы	7	Единицы	6	Тонны	1	Единицы	Нет объемов	Нет объемов	5	Тонны	Нет объемов	Нет объемов	
"Остров Буве"							1	Тонны	2	Тонны	21	Единицы													Нет объемов	Нет объемов															
"Чад"	Нет объемов	Нет объемов	14	Тонны	15	Единицы	29	Единицы	3	Единицы	4	Тонны	51958	Единицы	52	Тонны	11	Единицы	7	Единицы	Нет объемов	Нет объемов	13	Тонны	11	Единицы	22	Единицы	664	Тонны	445	Тонны	Нет объемов	Нет объемов	414	Тонны	13	Тонны			
"остров Рождества"	1	Единицы			1	Единицы	2	Единицы	1	Единицы									Нет объемов	Нет объемов	1	Единицы							1	Единицы			Нет объемов	Нет объемов	Нет объемов	Нет объемов	Нет объемов	Нет объемов			
"Кокосовых (Килинг) островов"			1	Единицы					0	Тонны	500	Единицы	1530	Единицы	1	Тонны	3	Единицы			3	Единицы	Нет объемов	Нет объемов							9	Тонны			1	Единицы					
"Остров Майотта"	100	Единицы	104	Единицы	144	Единицы	96	Единицы	261	Тонны	89	Единицы	Нет объемов	Нет объемов	87	Тонны	78	Единицы	65	Единицы																					
"Ливан"	182	Единицы	191	Единицы	202	Единицы	149	Единицы	250	Тонны	204	Тонны	117	Единицы	240	Тонны	11453	Тонны	7817	Тонны	15818	Тонны	22807	Тонны	23954	Тонны	159	Тонны	13458	Тонны	193	Тонны	5696	Тонны	3906	Единицы	1360	Тонны	Нет объемов	Нет объемов	
"Кувейт"	0				21520	Единицы	22998	Единицы	139886	Единицы	28477	Единицы	22106	Единицы	11197	Единицы	20057	Единицы	22686	Единицы	94056	Единицы	34280	Единицы	39948	Единицы	45818	Единицы	49125	Единицы	55079	Единицы	35714	Единицы	53952	Единицы	31684	Единицы	Нет объемов	Нет объемов	
"Оман"	0		0		0		0		0		5	Единицы	1	Тонны	0		0		0		0		0		14024	Единицы	0		15006	Единицы	12201	Единицы	31444	Единицы	22543	Единицы	7392	Единицы	Нет объемов	Нет объемов	
"Науру"	2	Единицы	1	Единицы	3	Тонны	3	Тонны	3	Тонны	1	Единицы	1	Тонны			2	Тонны			195	Тонны	1	Единицы	1	Тонны	2	Единицы	2	Единицы	2	Единицы	Нет объемов	Нет объемов	1726	Тонны					
"Нидерландские Антильские Острова"			391	Единицы	390	Единицы	439	Единицы	352	Тонны	3092	Тонны	Нет объемов	Нет объемов																											
"Кюрасао"																											401	Тонны	401	Тонны	437	Тонны	449	Тонны	Нет объемов	Нет объемов	240	Тонны	Нет объемов	Нет объемов	
"Корейская Народно-Демократическая Республика"	Нет объемов	Нет объемов	1729	Единицы	3351	Единицы	Нет объемов	Нет объемов	Нет объемов	Нет объемов	4608	Тонны	Нет объемов	Нет объемов	Нет объемов	Нет объемов	Нет объемов	Нет объемов	Нет объемов	Нет объемов	Нет объемов	Нет объемов	Нет объемов	Нет объемов	Нет объемов	Нет объемов	Нет объемов	Нет объемов	Нет объемов	Нет объемов	Нет объемов	Нет объемов	Нет объемов	Нет объемов	Нет объемов	Нет объемов	Нет объемов	Нет объемов	Нет объемов	Нет объемов	
"Гуам"																																	Нет объемов	Нет объемов	13	Тонны					
"Иран (Исламская Республика)"	5938	Единицы	14248	Единицы	21837	Единицы	46259	Тонны	29225	Тонны	43955	Тонны	61916	Тонны	22878	Тонны	52658	Тонны	10577	Тонны	16191	Тонны	2101	Тонны	6487	Тонны	3356	Тонны	1702	Тонны	1573	Тонны	590	Тонны	1275	Тонны	2079	Тонны	Нет объемов	Нет объемов	
"Гаити"																			2136	Тонны	189	Тонны	84	Тонны	179	Тонны	447	Тонны	Нет объемов	Нет объемов	57	Тонны	11	Тонны	Нет объемов	Нет объемов	14	Тонны	Нет объемов	Нет объемов	
"Государство Палестина"							80	Единицы	152	Единицы	15	Единицы	11	Единицы	20	Тонны	13	Единицы	44	Единицы	2	Единицы	20	Единицы	Нет объемов	Нет объемов	Нет объемов	Нет объемов	4	Тонны	2	Тонны	0		2	Тонны	11	Тонны			
"Кирибати"			0				1	Единицы	0		0		0		0		0	Тонны	1	Единицы	4	Единицы	0		3	Единицы	1	Единицы	1	Единицы			5	Единицы	0		8	Тонны			
"Йемен"	402	Единицы	1646	Единицы	1639	Единицы	1952	Единицы	101096	Единицы	1878	Единицы	2066	Единицы	210	Единицы	160	Единицы	0		667105	Единицы	282494	Единицы	2	Единицы	8	Единицы	54	Тонны	27	Единицы	10	Единицы	Нет объемов	Нет объемов	Нет объемов	Нет объемов	Нет объемов	Нет объемов	
"Сербия и Черногория"	751	Единицы	528	Единицы	13	Единицы																																			
"Внешние малые острова Соединенных Штатов"	92	Единицы	175	Единицы	175	Тонны	Нет объемов	Нет объемов	805	Тонны	284	Тонны	Нет объемов	Нет объемов	173	Тонны	176	Единицы	Нет объемов	Нет объемов	Нет объемов	Нет объемов	115	Тонны	103	Тонны	Нет объемов	Нет объемов	Нет объемов	Нет объемов	Нет объемов	Нет объемов	Нет объемов	Нет объемов	Нет объемов	Нет объемов	Нет объемов	Нет объемов	Нет объемов	Нет объемов	
"Зоны Свободной Торговли"	Нет объемов	Нет объемов	Нет объемов	Нет объемов	Нет объемов	Нет объемов	Нет объемов	Нет объемов	Нет объемов	Нет объемов	Нет объемов	Нет объемов	Нет объемов	Нет объемов	Нет объемов	Нет объемов	Нет объемов	Нет объемов	Нет объемов	Нет объемов	Нет объемов	Нет объемов	Нет объемов	Нет объемов	Нет объемов	Нет объемов	Нет объемов	Нет объемов	Нет объемов	Нет объемов	Нет объемов	Нет объемов	Нет объемов	Нет объемов	Нет объемов	Нет объемов	Нет объемов	Нет объемов	Нет объемов	Нет объемов	
"Узбекистан"																											26849	Единицы	4827	Единицы	14732	Единицы	17993	Единицы	28952	Единицы	538	Единицы	Нет объемов	Нет объемов	
"Венесуэла (Боливарианская Республика)"	9985	Единицы	6434	Единицы	2548	Единицы	12070	Тонны	1560	Тонны	307	Единицы	3132	Единицы	21	Тонны	2	Единицы	6	Единицы	34	Тонны	Нет объемов	Нет объемов	Нет объемов	Нет объемов	Нет объемов	Нет объемов	Нет объемов	Нет объемов	Нет объемов	Нет объемов	Нет объемов	Нет объемов	Нет объемов	Нет объемов	Нет объемов	Нет объемов	Нет объемов	Нет объемов	
"Объединенные Арабские Эмираты"			81966	Единицы			360247	Единицы	498481	Тонны							302014	Единицы	461900	Тонны	635367	Тонны	568317	Тонны	500115	Тонны	789604	Тонны	887191	Тонны	947702	Тонны	199510	Единицы	216179	Единицы	Нет объемов	Нет объемов	Нет объемов	Нет объемов	
"Западная Сахара"	2	Тонны									1	Тонны			27	Тонны			1	Единицы			1	Единицы													1	Единицы			
"Судан (до 2012)"	74	Тонны	73	Тонны	Нет объемов	Нет объемов	Нет объемов	Нет объемов	Нет объемов	Нет объемов	Нет объемов	Нет объемов	40	Единицы	174	Единицы																									
"Сомали"	3	Единицы	2	Единицы	14	Единицы	5	Тонны	2	Единицы	5	Единицы	4	Единицы	4	Тонны	1	Единицы	1	Единицы	Нет объемов	Нет объемов	28	Тонны	Нет объемов	Нет объемов	5	Единицы	3	Единицы			Нет объемов	Нет объемов	Нет объемов	Нет объемов	Нет объемов	Нет объемов	Нет объемов	Нет объемов	
"Вьетнам"	1432	Единицы	1635	Единицы	75	Единицы	40	Единицы	Нет объемов	Нет объемов	142	Единицы	29	Единицы	134	Тонны	Нет объемов	Нет объемов	147	Единицы	65	Единицы	31	Единицы	69	Единицы	59	Единицы	460	Единицы	2816	Единицы	9722	Единицы	21569	Единицы	16040	Тонны	Нет объемов	Нет объемов	
"Саудовская Аравия"	22095	Единицы	28227	Единицы	42861	Единицы	56058	Единицы	126141	Тонны	53445	Единицы	47939	Единицы	54325	Тонны	45076	Единицы	65943	Единицы	54308	Единицы	67977	Тонны	68140	Тонны	136900	Тонны	125418	Тонны	120043	Тонны	69473	Тонны	71842	Тонны	80320	Тонны	Нет объемов	Нет объемов	
"Ангилья"	53	Единицы	10	Единицы	93	Единицы	76	Единицы	107	Тонны	18	Тонны	Нет объемов	Нет объемов	6	Единицы	21	Тонны	17	Тонны	96	Тонны	21	Единицы	12	Тонны	Нет объемов	Нет объемов	13	Тонны	Нет объемов	Нет объемов	Нет объемов	Нет объемов	Нет объемов	Нет объемов	Нет объемов	Нет объемов	Нет объемов	Нет объемов	
"Катар"	Нет объемов	Нет объемов	24082	Единицы	16245	Единицы	22722	Единицы	0		19605	Тонны	42221	Тонны	28669	Тонны	31811	Тонны	36125	Тонны	42556	Тонны	45565	Тонны			Нет объемов	Нет объемов	Нет объемов	Нет объемов	Нет объемов	Нет объемов	Нет объемов	Нет объемов	Нет объемов	Нет объемов	Нет объемов	Нет объемов	Нет объемов	Нет объемов	
"Питкэрн"	1	Единицы					2	Тонны	4	Тонны	12	Тонны					0	Тонны			1	Единицы					1	Единицы			45	Единицы					1089	Тонны			
"Российская Федерация"	126020	Единицы	126952	Единицы	121662	Единицы	126877	Единицы	128418	Единицы	40481	Единицы	40894	Единицы	63700	Единицы	112708	Единицы	138433	Единицы	129344	Единицы	95584	Единицы	67990	Единицы	84400	Единицы	93472	Единицы	109412	Единицы	64936	Единицы	89026	Единицы	Нет объемов	Нет объемов	Нет объемов	Нет объемов	
"Руанда"	54	Единицы	81	Единицы	151	Единицы	206	Единицы	161	Тонны	789	Тонны	291	Тонны	540	Тонны	712	Тонны	761	Тонны	633	Тонны	728	Тонны	407	Тонны	464	Тонны	978	Тонны	332	Единицы	153	Единицы	123	Единицы	7	Единицы	Нет объемов	Нет объемов	
"Микронезия (Федеративные Штаты)"	0		0		0		0		0		0		0		0		0		0		2	Единицы	2	Единицы					9	Единицы	1	Единицы			1	Единицы	Нет объемов	Нет объемов			
"Палау"																	3	Единицы			18	Единицы	3	Единицы	5	Единицы	5	Единицы	10	Единицы	1	Единицы									
"Ниуэ"	10	Единицы	2	Единицы			6	Тонны	185	Тонны	49342	Тонны	5100	Единицы	7	Тонны	3	Тонны			5	Тонны									8	Тонны			2	Единицы					
"Нейтральные Зоны"							10	Единицы													0	Тонны	0	Тонны	1	Тонны											Нет объемов	Нет объемов			
"Вануату"					6	Единицы	1	Единицы			1	Единицы	2	Единицы	3	Единицы	Нет объемов	Нет объемов	3	Тонны	1	Единицы	1	Единицы	2	Тонны	2	Единицы			1	Единицы			0	Единицы					
