Импортеры	2004-Объемы импорта	2004-Единица	2005-Объемы импорта	2005-Единица	2006-Объемы импорта	2006-Единица	2007-Объемы импорта	2007-Единица	2008-Объемы импорта	2008-Единица	2009-Объемы импорта	2009-Единица	2010-Объемы импорта	2010-Единица	2011-Объемы импорта	2011-Единица	2012-Объемы импорта	2012-Единица	2013-Объемы импорта	2013-Единица	2014-Объемы импорта	2014-Единица	2015-Объемы импорта	2015-Единица	2016-Объемы импорта	2016-Единица	2017-Объемы импорта	2017-Единица	2018-Объемы импорта	2018-Единица	2019-Объемы импорта	2019-Единица	2020-Объемы импорта	2020-Единица	2021-Объемы импорта	2021-Единица	2022-Объемы импорта	2022-Единица	2023-Объемы импорта	2023-Единица	
"Весь Мир"	Нет объемов	Нет объемов	Нет объемов	Нет объемов	Нет объемов	Нет объемов	Нет объемов	Нет объемов	Нет объемов	Нет объемов	Нет объемов	Нет объемов	Нет объемов	Нет объемов	Нет объемов	Нет объемов	Нет объемов	Нет объемов	Нет объемов	Нет объемов	Нет объемов	Нет объемов	Нет объемов	Нет объемов	Нет объемов	Нет объемов	Нет объемов	Нет объемов	Нет объемов	Нет объемов	Нет объемов	Нет объемов	Нет объемов	Нет объемов	Нет объемов	Нет объемов	Нет объемов	Нет объемов	Нет объемов	Нет объемов	
"Джибути"											1864	Единицы																							31510807	Тонны	45569846	Тонны	37363400	Тонны	
"Соединенные Штаты Америки"	6622419	Единицы	6685747	Единицы	7456489	Единицы	7332486	Единицы	6025263	Единицы	4307781	Единицы	5717462	Единицы	5876638	Единицы	6811924	Единицы	6907749	Единицы	6985481	Единицы	Нет объемов	Нет объемов	Нет объемов	Нет объемов	7965443	Единицы	7862282	Единицы	7798220	Единицы	6504773	Единицы	6143171	Единицы	6392030	Единицы	7361829	Единицы	
"Германия"	2594907	Единицы	2600586	Единицы	2887893	Единицы	2848747	Единицы	2784491	Тонны	Нет объемов	Нет объемов	2708336	Тонны	3098700	Тонны	Нет объемов	Нет объемов	2914537	Тонны	3256953	Тонны	2512772	Единицы	2751140	Единицы	2955490	Единицы	3077506	Единицы	5045012	Тонны	2773815	Единицы	2585023	Единицы	2594222	Единицы	4415866	Тонны	
"Франция"	1743520	Единицы	1818051	Единицы	1931094	Единицы	2059304	Единицы	2044114	Единицы	1899939	Единицы	2019923	Единицы	2442956	Тонны	1682101	Единицы	1671215	Единицы	1629111	Единицы	1761351	Единицы	1909645	Единицы	2062298	Единицы	2205046	Единицы	2210820	Единицы	1912185	Единицы	1899688	Единицы	1838635	Единицы	4400664	Единицы	
"Пакистан"	100692	Единицы	214306	Единицы	256724	Единицы	206729	Единицы	419600	Единицы	517067	Единицы	775942	Единицы	798071	Единицы	30000840257	Единицы	20000740757	Единицы	1305130	Единицы	1862136	Единицы	1462932	Единицы	1759464	Единицы	2189935	Единицы	2244290	Единицы	1843747	Единицы	4556368	Единицы	2804795	Единицы	3066835	Единицы	
"Соединенное Королевство Великобритании и Северной Ирландии"	2659434	Единицы	2375634	Единицы	2665444	Единицы	2817292	Единицы	2246405	Единицы	1944371	Единицы	2462944	Единицы	2229962	Единицы	1895622	Единицы	2150629	Единицы	2358381	Единицы	2561534	Единицы	2518377	Единицы	Нет объемов	Нет объемов	2412592	Единицы	Нет объемов	Нет объемов	1683451	Единицы	1503213	Единицы	1856116	Единицы	2130059	Единицы	
"Бельгия"	1254740	Единицы	1181213	Единицы	1296753	Единицы	1382622	Единицы	1410572	Единицы	1277546	Единицы	1467156	Единицы	1404958	Единицы	1310855	Единицы	1359144	Единицы	1420288	Единицы	1571728	Единицы	1777728	Единицы	1921197	Единицы	1909979	Единицы	1955584	Единицы	1522867	Единицы	1397266	Единицы	2348903	Единицы	1647649	Единицы	
"Италия"	2049729	Единицы	2010402	Единицы	2041748	Единицы	2233605	Единицы	1867257	Единицы	1807208	Единицы	1755258	Единицы	1662838	Единицы	1227112	Единицы	1189148	Единицы	1308915	Единицы	1492599	Единицы	1767949	Единицы	1897188	Единицы	1876746	Единицы	Нет объемов	Нет объемов	1259320	Единицы	1392320	Единицы	1278983	Единицы	1646998	Единицы	
"Канада"	1166305	Единицы	1234224	Единицы	1324628	Единицы	1399379	Единицы	1960780	Тонны	1007132	Единицы	1148093	Единицы	1150876	Единицы	1273667	Единицы	1259165	Единицы	1330526	Единицы	1385416	Единицы	1361699	Единицы	1382602	Единицы	1402503	Единицы	1350876	Единицы	1062157	Единицы	1173229	Единицы	1228718	Единицы	1486876	Единицы	
"Австралия"	565901	Единицы	648641	Единицы	703970	Единицы	752340	Единицы	748693	Единицы	611351	Единицы	824567	Единицы	732063	Единицы	862202	Единицы	907540	Единицы	824213	Единицы	910031	Единицы	896374	Единицы	947714	Единицы	910381	Единицы	807478	Единицы	677881	Единицы	819483	Единицы	877492	Единицы	1032839	Единицы	
"Турция"	329006	Единицы	325136	Единицы	295804	Единицы	281672	Единицы	255051	Единицы	262163	Единицы	431604	Единицы	501287	Единицы	456518	Единицы	592377	Единицы	476042	Единицы	607812	Единицы	642003	Единицы	565086	Единицы	359616	Единицы	215934	Единицы	442818	Единицы	368489	Единицы	422192	Единицы	803226	Единицы	
"Китай"	163951	Единицы	157580	Единицы	221047	Единицы	304827	Единицы	398371	Единицы	414733	Единицы	795268	Единицы	1017123	Единицы	1112679	Единицы	1183595	Единицы	1415539	Единицы	1094601	Единицы	1064274	Единицы	1229879	Единицы	1121480	Единицы	1032822	Единицы	904213	Единицы	927882	Единицы	865207	Единицы	783195	Единицы	
"Нидерланды"	539895	Единицы	539581	Единицы	544416	Единицы	569412	Единицы	584473	Единицы	766948	Тонны	632791	Единицы	745140	Единицы	664985	Единицы	588394	Единицы	624694	Единицы	562623	Единицы	556202	Единицы	607254	Единицы	652082	Единицы	701611	Единицы	530412	Единицы	597180	Единицы	478404	Единицы	754428	Тонны	
"Швеция"	295437	Единицы	319752	Единицы	358886	Единицы	379046	Единицы	298736	Единицы	239328	Единицы	332210	Единицы	334104	Единицы	304261	Единицы	331783	Единицы	391558	Единицы	395621	Единицы	440507	Единицы	642957	Тонны	405868	Единицы	415166	Единицы	344739	Единицы	557781	Тонны	569674	Тонны	629494	Тонны	
"Польша"	353222	Единицы	252940	Единицы	314918	Единицы	393008	Единицы	487203	Единицы	371152	Единицы	347673	Единицы	316193	Единицы	319263	Единицы	326693	Единицы	360786	Единицы	349341	Единицы	443395	Единицы	532375	Единицы	583556	Единицы	590433	Единицы	446625	Единицы	473015	Единицы	538370	Единицы	577669	Единицы	
"Греция"	302360	Единицы	349764	Единицы	592808	Единицы	504707	Единицы	815962	Единицы	751960	Единицы	327052	Единицы	213217	Единицы	89017	Единицы	103754	Единицы	172186	Единицы	136126	Единицы	194477	Единицы	Нет объемов	Нет объемов	Нет объемов	Нет объемов	Нет объемов	Нет объемов	224787	Единицы	Нет объемов	Нет объемов	Нет объемов	Нет объемов	461704	Единицы	
"Филиппины"	13641	Единицы	19262	Единицы	26758	Единицы	162447	Единицы	249847	Единицы	130522	Единицы	81975	Единицы	129416	Единицы	298362	Единицы	195807	Единицы	528918	Единицы	315744	Единицы	3888401	Единицы	988236	Единицы	376560	Тонны	343071	Тонны	2367321	Единицы	223996	Тонны	346362	Тонны	457723	Тонны	
"Нигерия"					186672	Единицы	98704	Единицы	149133	Тонны	4259303	Тонны	14690482181	Единицы	1775657	Тонны	178433	Единицы	1003460	Тонны	0	Смешанный	0	Смешанный	Нет объемов	Нет объемов	Нет объемов	Нет объемов	918183	Тонны	2056477	Тонны	2174353	Тонны	1026777	Тонны	546676	Тонны	353581	Тонны	
"Австрия"	363396	Единицы	440228	Единицы	359585	Единицы	368728	Единицы	371219	Единицы	367905	Единицы	380383	Единицы	429107	Единицы	457330	Единицы	445680	Единицы	445673	Единицы	436316	Единицы	475660	Единицы	520567	Единицы	488310	Единицы	616838	Тонны	353908	Единицы	381399	Единицы	359543	Единицы	344167	Единицы	
"Япония"	290014	Единицы	285981	Единицы	283324	Единицы	294923	Единицы	232478	Единицы	147002	Единицы	232688	Единицы	275796	Единицы	335762	Единицы	346189	Единицы	338339	Единицы	322735	Единицы	333185	Единицы	339041	Единицы	359942	Единицы	338366	Единицы	285210	Единицы	310293	Единицы	283415	Единицы	326080	Единицы	
"Португалия"	230049	Единицы	268866	Единицы	269459	Единицы	287694	Единицы	282796	Единицы	201482	Единицы	263067	Единицы	280683	Тонны	122606	Единицы	129273	Единицы	185945	Единицы	247195	Единицы	285753	Единицы	303044	Единицы	524708	Тонны	313258	Единицы	206995	Единицы	218387	Единицы	271108	Единицы	324041	Единицы	
"Словакия"	81010	Единицы	90148	Единицы	98077	Единицы	160626	Единицы	186936	Тонны	134076	Тонны	124947	Тонны	80228	Единицы	74773	Единицы	80953	Единицы	Нет объемов	Нет объемов	330638	Единицы	309320	Единицы	Нет объемов	Нет объемов	214840	Единицы	154844	Единицы	111838	Единицы	108554	Единицы	211999	Единицы	318056	Единицы	
"Швейцария"	281654	Единицы	287468	Единицы	284226	Единицы	305149	Единицы	310858	Единицы	276852	Единицы	333815	Единицы	367980	Единицы	374404	Единицы	342797	Единицы	337756	Единицы	373785	Единицы	348886	Единицы	343255	Единицы	332756	Единицы	328507	Единицы	270382	Единицы	433406	Тонны	272941	Единицы	311214	Единицы	
"Республика Корея"	45854	Единицы	67860	Единицы	88934	Единицы	108711	Единицы	129176	Тонны	111219	Тонны	125044	Единицы	191304	Тонны	250958	Тонны	202431	Единицы	276067	Единицы	341614	Единицы	309061	Единицы	300786	Единицы	329469	Единицы	371137	Единицы	338315	Единицы	310520	Единицы	333360	Единицы	311202	Единицы	
"Украина"	62942	Единицы	98936	Единицы	168474	Единицы	248365	Единицы	370781	Единицы	61262	Единицы	106775	Единицы	189903	Единицы	204957	Единицы	173197	Единицы	62571	Единицы	61984	Единицы	87767	Единицы	154409	Единицы	230050	Единицы	505206	Единицы	485352	Единицы	512541	Единицы	327417	Единицы	305370	Единицы	
"Южная Африка"	335253	Единицы	288896	Единицы	315467	Единицы	339003	Единицы	1463247	Единицы	164890	Единицы	361352	Единицы	68768	Тонны	374879	Единицы	372476	Единицы	318686	Единицы	321764	Единицы	258903	Единицы	285762	Единицы	281392	Единицы	292752	Единицы	165885	Единицы	244714	Единицы	340160	Единицы	304398	Единицы	
"Таиланд"	49287	Единицы	58058	Единицы	52193	Единицы	242331	Единицы	0	Смешанный	44385	Единицы	45515	Единицы	74142	Тонны	83941	Единицы	75915	Единицы	64618	Единицы	0	Смешанный	0	Смешанный	0	Смешанный	0	Смешанный	0	Смешанный	0	Смешанный	0	Смешанный	174184	Единицы	303807	Единицы	
"Ирландия"	198577	Единицы	217430	Единицы	230629	Единицы	240134	Единицы	148108	Единицы	38942	Единицы	90749	Единицы	91697	Единицы	72136	Единицы	237655	Единицы	182210	Единицы	283075	Единицы	218378	Единицы	278032	Единицы	274789	Единицы	244540	Единицы	136308	Единицы	73487	Тонны	17612	Единицы	278744	Тонны	
"Чехия"	249866	Единицы	251196	Единицы	151847	Единицы	172196	Единицы	204956	Единицы	152824	Единицы	149922	Единицы	160999	Единицы	147886	Единицы	142763	Единицы	176534	Единицы	245128	Единицы	270022	Единицы	383047	Тонны	358612	Тонны	243240	Единицы	195693	Единицы	226902	Единицы	230919	Единицы	272678	Единицы	
"Бразилия"	52880	Единицы	69432	Единицы	471440	Единицы	245933	Единицы	376301	Единицы	414625	Единицы	612248	Единицы	815696	Единицы	634548	Единицы	595642	Единицы	475779	Единицы	319287	Единицы	176665	Единицы	167733	Единицы	234674	Единицы	197723	Единицы	98677	Единицы	188351	Единицы	181636	Единицы	265314	Единицы	
"Новая Зеландия"	132494	Единицы	145313	Единицы	206478	Единицы	217154	Единицы	175454	Единицы	124152	Единицы	170173	Единицы	166191	Единицы	172552	Единицы	222099	Тонны	263525	Единицы	264216	Единицы	278563	Единицы	310930	Единицы	279140	Единицы	264348	Единицы	198668	Единицы	268025	Единицы	248172	Единицы	254102	Единицы	
"Сербия"					41946	Единицы	61236	Единицы	120052	Тонны	141542	Тонны	18465	Единицы	122600	Тонны	28249	Единицы	31311	Единицы	26925	Единицы	97538	Единицы	104361	Единицы	99672	Единицы	120007	Единицы	152453	Единицы	132081	Единицы	141959	Единицы	122207	Единицы	247220	Единицы	
"Дания"	190699	Единицы	248241	Единицы	321126	Единицы	244231	Единицы	231826	Единицы	134419	Единицы	205675	Единицы	222824	Единицы	203365	Единицы	221145	Единицы	229207	Единицы	260349	Единицы	383679	Тонны	278261	Единицы	265660	Единицы	431106	Тонны	221564	Единицы	224455	Единицы	203738	Единицы	246112	Единицы	
"Гватемала"	27971	Единицы	25945	Единицы	28875	Единицы	28608	Единицы	105017	Тонны	73148	Тонны	15774	Единицы	90290	Тонны	21937	Единицы	21456	Единицы	25585	Единицы	150264	Тонны	182120	Тонны	190982	Тонны	180260	Тонны	178375	Тонны	131237	Тонны	189746	Тонны	196804	Тонны	229429	Тонны	
"Израиль"	142107	Единицы	109033	Единицы	111774	Единицы	188278	Единицы	230028	Тонны	178608	Единицы	217098	Единицы	226014	Единицы	206475	Единицы	228241	Единицы	279224	Единицы	235991	Единицы	364129	Единицы	232157	Единицы	247139	Единицы	268831	Единицы	310759	Тонны	Нет объемов	Нет объемов	Нет объемов	Нет объемов	225365	Единицы	
"Китайский Тайбэй"	58083	Единицы	65903	Единицы	50981	Единицы	50527	Единицы	40359	Единицы	53441	Единицы	74095	Единицы	97488	Единицы	90617	Единицы	110383	Единицы	132831	Единицы	156490	Единицы	167493	Единицы	178853	Единицы	200633	Единицы	198701	Единицы	199164	Единицы	183420	Единицы	185797	Единицы	222546	Единицы	
"Люксембург"	89862	Единицы	131227	Единицы	98204	Единицы	91376	Единицы	68677	Единицы	68995	Единицы	72693	Единицы	71144	Единицы	65489	Единицы	62078	Единицы	67325	Единицы	145952	Единицы	79940	Единицы	71402	Единицы	131367	Единицы	81067	Единицы	68494	Единицы	65310	Единицы	192145	Тонны	208817	Тонны	
"Чили"	138619	Единицы	170884	Единицы	173237	Единицы	206254	Единицы	243241	Единицы	130190	Единицы	235320	Единицы	267311	Единицы	257927	Единицы	306095	Единицы	240085	Единицы	217122	Единицы	227825	Единицы	296307	Единицы	340908	Единицы	337816	Единицы	171504	Единицы	361127	Единицы	402479	Единицы	205939	Единицы	
"Румыния"	75898	Единицы	130886	Единицы	177552	Единицы	263930	Единицы	225560	Единицы	73045	Единицы	78954	Единицы	85283	Единицы	68391	Единицы	62107	Единицы	75040	Единицы	84794	Единицы	103066	Единицы	119353	Единицы	135731	Единицы	159019	Единицы	114802	Единицы	140065	Единицы	159835	Единицы	176976	Единицы	
"Марокко"	36105	Единицы	46269	Единицы	56302	Единицы	64992	Единицы	81767	Единицы	63948	Единицы	62668	Единицы	107044	Тонны	88312	Единицы	111287	Тонны	85390	Единицы	139177	Тонны	177259	Тонны	196962	Тонны	202555	Тонны	189025	Тонны	120429	Тонны	166656	Тонны	164155	Тонны	175605	Тонны	
"Кыргызстан"	1234	Единицы	3685	Единицы	1431	Единицы	3304	Единицы	1986	Единицы	847	Единицы	26059	Единицы	54967	Единицы	70982	Единицы	71271	Единицы	86113	Тонны	2764	Тонны	29423	Тонны	4507	Тонны	3833	Тонны	18519	Тонны	25642	Тонны	13116	Тонны	16706	Единицы	172947	Единицы	
"Объединенная Республика Танзания"	5107	Единицы	7095	Единицы	9259	Единицы	9906	Единицы	50555	Тонны	12096	Единицы	15050	Единицы	58069	Тонны	14093	Единицы	15372	Единицы	16940	Единицы	11426	Единицы	45235	Единицы	51444	Тонны	57163	Тонны	70646	Тонны	68956	Тонны	312235	Единицы	11145	Единицы	172590	Единицы	
"Норвегия"	169515	Единицы	170114	Единицы	180036	Единицы	196019	Единицы	161679	Единицы	140787	Единицы	183140	Единицы	194038	Единицы	193833	Единицы	200575	Единицы	191700	Единицы	201453	Единицы	199404	Единицы	205120	Единицы	195355	Единицы	180262	Единицы	169726	Единицы	207938	Единицы	210865	Единицы	158794	Единицы	
"Казахстан"	193587	Единицы	242247	Единицы	408607	Единицы	391279	Единицы	155221	Единицы	111720	Единицы	22236	Единицы	41949	Единицы	121827	Единицы	110045	Единицы	128693	Единицы	76931	Единицы	23258	Единицы	38632	Единицы	27511	Единицы	33939	Единицы	48402	Единицы	80237	Единицы	56828	Единицы	156995	Единицы	
"Перу"	33609	Единицы	36107	Единицы	26358	Единицы	65451	Единицы	101614	Единицы	81776	Единицы	108013	Единицы	111731	Единицы	153197	Единицы	162053	Единицы	164620	Единицы	147976	Единицы	157158	Единицы	169784	Единицы	153384	Единицы	151902	Единицы	96464	Единицы	136700	Единицы	152392	Единицы	154523	Единицы	
"Аргентина"	173339	Единицы	218284	Единицы	250498	Единицы	321756	Единицы	390264	Единицы	259232	Единицы	417702	Единицы	538314	Единицы	457891	Единицы	563626	Единицы	293967	Единицы	326810	Тонны	455630	Тонны	640067	Тонны	530284	Тонны	244072	Тонны	170191	Тонны	170313	Тонны	179711	Тонны	151088	Тонны	
"Колумбия"	102607	Единицы	82988	Единицы	115680	Единицы	152981	Единицы	183825	Тонны	85064	Единицы	132726	Единицы	219310	Единицы	256488	Единицы	243485	Единицы	273700	Единицы	249150	Единицы	195502	Единицы	170381	Единицы	237232	Единицы	217874	Единицы	120560	Единицы	168554	Единицы	179715	Единицы	149036	Единицы	
"Финляндия"	191738	Единицы	230600	Единицы	238888	Единицы	246632	Единицы	257339	Единицы	111796	Единицы	141251	Единицы	155875	Единицы	124427	Единицы	126947	Единицы	125683	Единицы	135688	Единицы	142865	Единицы	151431	Единицы	Нет объемов	Нет объемов	65929	Единицы	130307	Единицы	137028	Единицы	132749	Единицы	138913	Единицы	
"Доминиканская Республика"	Нет объемов	Нет объемов	Нет объемов	Нет объемов	Нет объемов	Нет объемов	Нет объемов	Нет объемов	Нет объемов	Нет объемов	Нет объемов	Нет объемов	22353	Единицы	26523	Тонны	20831	Единицы	23245	Единицы	Нет объемов	Нет объемов	Нет объемов	Нет объемов	Нет объемов	Нет объемов	120320	Тонны	120914	Тонны	135217	Тонны	106403	Тонны	150385	Тонны	130377	Тонны	137660	Тонны	
"Зимбабве"	4765	Единицы	3738	Единицы	3018	Единицы	4001	Единицы	1519	Единицы	5522	Единицы	200864	Тонны	25047	Единицы	28358	Единицы	11898	Единицы	9012	Единицы	80007	Единицы	6098	Единицы	70286	Единицы	859438	Единицы	94695	Единицы	73542	Единицы	32477	Тонны	45056	Единицы	133866	Единицы	
"Индонезия"	54097	Единицы	52536	Единицы	41100	Единицы	82779	Единицы	123640	Тонны	91055	Тонны	92538	Единицы	154061	Тонны	174493	Единицы	141481	Единицы	90955	Единицы	114375	Тонны	113043	Тонны	107807	Тонны	93951	Тонны	99110	Тонны	46311	Тонны	54595	Тонны	88280	Тонны	131071	Тонны	
"Эквадор"	25547	Единицы	39593	Единицы	46716	Единицы	40227	Единицы	90637	Тонны	38742	Единицы	66979	Единицы	102961	Тонны	48464	Единицы	49567	Единицы	76058	Единицы	58176	Тонны	50832	Тонны	100157	Тонны	121437	Тонны	110617	Тонны	60457	Тонны	96494	Тонны	127731	Тонны	130227	Тонны	
"Словения"	133358	Единицы	81219	Единицы	88359	Единицы	141529	Единицы	133441	Единицы	86800	Единицы	99165	Единицы	97467	Единицы	84696	Единицы	102305	Единицы	119981	Единицы	119773	Единицы	141634	Единицы	152076	Единицы	168804	Единицы	166016	Единицы	118284	Единицы	117844	Единицы	119223	Единицы	123560	Единицы	
"Гондурас"	5171	Единицы	5170	Единицы	8147	Единицы	11715	Единицы	44962	Тонны	37104	Тонны	6435	Единицы	27092	Тонны	7727	Единицы	28258	Тонны	22101	Тонны	30407	Тонны	46162	Тонны	60943	Тонны	63204	Тонны	57027	Тонны	41734	Тонны	70621	Тонны			117407	Тонны	
"Литва"	260803	Единицы	319686	Единицы	414550	Единицы	450379	Единицы	312927	Единицы	125885	Единицы	131475	Единицы	165621	Единицы	128542	Единицы	131337	Единицы	113352	Единицы	84953	Единицы	88371	Единицы	104419	Единицы	115343	Единицы	139896	Единицы	108642	Единицы	119390	Единицы	114005	Единицы	115162	Единицы	
"Малайзия"	302652	Единицы	376321	Единицы	419134	Единицы	318372	Единицы	231162	Единицы	334329	Единицы	456168	Единицы	401143	Единицы	350320	Единицы	298235	Единицы	220475	Единицы	229003	Единицы	197307	Единицы	141362	Единицы	193965	Единицы	184708	Единицы	109980	Единицы	125935	Единицы	144522	Единицы	113812	Единицы	
"Босния и Герцеговина"	12595	Единицы	20028	Единицы	23379	Единицы	25630	Единицы	68089	Тонны	15941	Единицы	14557	Единицы	20183	Единицы	69425	Тонны	16191	Единицы	17409	Единицы	92352	Тонны	84185	Тонны	86746	Тонны	104992	Тонны	106806	Тонны	58997	Тонны	79349	Тонны	81005	Тонны	111909	Тонны	
"Хорватия"	103496	Единицы	105687	Единицы	121384	Единицы	110324	Единицы	101307	Единицы	50350	Единицы	47688	Единицы	52917	Единицы	42492	Единицы	45609	Единицы	59420	Единицы	53080	Единицы	65147	Единицы	Нет объемов	Нет объемов	90677	Единицы	105900	Единицы	69414	Единицы	79714	Единицы	92444	Единицы	111698	Единицы	
"Эфиопия"	6259	Единицы	8004	Единицы	12198	Единицы	7793	Единицы	7526	Единицы	7632	Единицы	11252	Единицы	11853	Единицы	19790	Единицы	30131	Единицы	31831	Единицы	36739	Единицы	47245	Единицы	51825	Единицы	37886	Тонны	60694	Тонны	45275	Тонны	52353	Тонны	75056	Тонны	102042	Тонны	
"Мьянма"													181	Единицы	6604	Тонны	28353	Единицы	24020	Единицы	42208	Единицы	38181	Единицы	14897	Единицы	33719	Единицы	15424	Тонны	17049	Тонны	Нет объемов	Нет объемов	12914	Тонны	2875	Тонны	98334	Единицы	
"Мозамбик"	71974	Единицы	3712	Единицы	3781	Единицы	5604	Единицы	8092	Тонны	5831	Единицы	4450	Единицы	35142	Единицы	157061	Единицы	557872	Единицы	571024	Единицы	Нет объемов	Нет объемов	Нет объемов	Нет объемов	Нет объемов	Нет объемов	Нет объемов	Нет объемов	Нет объемов	Нет объемов	Нет объемов	Нет объемов	Нет объемов	Нет объемов	Нет объемов	Нет объемов	97432	Единицы	
"Египет"	11960	Единицы	43877	Единицы	56542	Единицы	44754	Единицы	55601	Единицы	53402	Единицы	3734431	Единицы	94729	Единицы	81154	Единицы	79161	Единицы	1969605	Единицы	200594	Единицы	162971	Единицы	98882	Единицы	Нет объемов	Нет объемов	Нет объемов	Нет объемов	Нет объемов	Нет объемов	Нет объемов	Нет объемов	91913	Единицы	95579	Единицы	
"Болгария"	147242	Единицы	172741	Единицы	183726	Единицы	154446	Единицы	142215	Единицы	56342	Единицы	55232	Единицы	93966	Тонны	65475	Единицы	74691	Единицы	66832	Единицы	75953	Единицы	84431	Единицы	99292	Единицы	102616	Единицы	97495	Единицы	68545	Единицы	79314	Единицы	78201	Единицы	91250	Единицы	
"Кения"	21390	Единицы	26990	Единицы	30308	Единицы	45503	Единицы	46681	Единицы	47553	Единицы	58897	Единицы	47613	Единицы	57597	Единицы	74120	Единицы	80576	Единицы	83308	Единицы	69562	Единицы	81585	Единицы	0	Смешанный	0	Смешанный	18159	Единицы	24179	Единицы	110166	Единицы	90534	Единицы	
"Сальвадор"	9202	Единицы	8181	Единицы	9057	Единицы	8965	Единицы	6716	Единицы	4512	Единицы	4241	Единицы	5286	Единицы	34786	Тонны	8183	Единицы	7407	Единицы	62152	Тонны	74932	Тонны	78762	Тонны	82065	Тонны	90083	Тонны	66313	Тонны	96051	Тонны	86630	Тонны	89172	Тонны	
"Азербайджан"	21432	Единицы	27752	Единицы	29971	Единицы	34094	Единицы	44454	Единицы	28309	Единицы	28898	Единицы	35198	Единицы	52263	Единицы	63965	Единицы	37521	Единицы	16677	Единицы	4751	Единицы	11609	Единицы	26146	Единицы	43155	Единицы	49692	Единицы	85191	Единицы	68684	Единицы	88151	Единицы	
"Коста-Рика"	17142	Единицы	14980	Единицы	20935	Единицы	30520	Единицы	74986	Тонны	30123	Тонны	22233	Единицы	77636	Тонны	81279	Тонны	29810	Единицы	69947	Тонны	81568	Тонны	100523	Тонны	93193	Тонны	79822	Тонны	71980	Тонны	41906	Тонны	56677	Тонны	61475	Тонны	87815	Тонны	
"Лесото"			618	Единицы	418	Единицы	Нет объемов	Нет объемов	Нет объемов	Нет объемов	Нет объемов	Нет объемов	Нет объемов	Нет объемов	2220	Единицы	Нет объемов	Нет объемов	Нет объемов	Нет объемов	42849	Тонны	65500	Тонны	18225	Тонны	24844	Тонны	20512	Тонны	15876	Тонны	16500	Тонны	14407	Тонны	22423	Единицы	82594	Единицы	
"Таджикистан"																					61480	Тонны	15812	Тонны	5117	Тонны	0	Смешанный	19	Тонны	21434	Единицы	23016	Единицы	25020	Единицы	43689	Единицы	77979	Единицы	
"Панама"	16173	Единицы	18802	Единицы	24433	Единицы	34593	Единицы	65329	Тонны	25777	Единицы	61691	Тонны	63972	Тонны	74780	Тонны	78526	Тонны	81337	Тонны	94292	Тонны	96605	Тонны	84809	Тонны	74781	Тонны	69915	Тонны	33973	Тонны	54103	Тонны	65199	Тонны	76438	Тонны	
"Армения"	2271	Единицы	3148	Единицы	6272	Единицы	8652	Единицы	11786	Единицы	2892	Единицы	3122	Единицы	4032	Единицы	3846	Единицы	3554	Единицы	3112	Единицы	11677	Единицы	2012	Единицы	3345	Единицы	7566	Единицы	33199	Единицы	6270	Единицы	7362	Единицы	42293	Единицы	75940	Единицы	
"Парагвай"	4087	Единицы	5016	Единицы	7938	Единицы	11171	Единицы	21869	Единицы	15516	Единицы	22700	Единицы	28972	Единицы	27946	Единицы	28435	Единицы	30571	Единицы	86539	Тонны	91516	Тонны	110423	Тонны	131452	Тонны	89970	Тонны	66413	Тонны	78630	Тонны	79042	Тонны	74859	Тонны	
"Монголия"	12933	Единицы	14366	Единицы	21785	Единицы	21214	Единицы					26378	Единицы	57579	Единицы	46409	Единицы	44680	Единицы	41246	Единицы	209967606	Единицы	37734	Единицы	48870	Единицы	64039	Единицы	69472	Единицы	53087	Единицы	55237	Единицы	65617	Единицы	73556	Единицы	
"Демократическая Республика Конго"																							27115	Единицы	22957	Единицы	21002	Единицы	24870	Единицы	31617	Единицы	6445	Единицы	62684	Тонны	39212	Единицы	65473	Тонны	
"Тунис"	32147	Единицы	33580	Единицы	38790	Единицы	52487	Единицы	45059	Единицы	44113	Единицы	54882	Единицы	43582	Единицы	56763	Единицы	59397	Единицы	62879	Единицы	67524	Единицы	61966	Единицы	Нет объемов	Нет объемов	39730	Единицы	54440	Тонны	49734	Тонны	64666	Тонны	62784	Тонны	63390	Тонны	
"Замбия"	3180	Единицы	3808	Единицы	6558	Единицы	5441	Единицы	6531	Единицы	3525	Единицы	4528	Единицы	38590	Тонны	9660	Единицы	12850	Единицы	15916	Тонны	60516	Тонны	35448	Тонны	37684	Тонны	32834	Тонны	28837	Тонны	25921	Тонны	44636	Тонны	55319	Тонны	61463	Тонны	
"Китай, Специальный административный район Гонконг"	75020	Единицы	75824	Единицы	69895	Единицы	77699	Единицы	90849	Единицы	71546	Единицы	79626	Единицы	84822	Единицы	77141	Единицы	73631	Единицы	81872	Единицы	79747	Единицы	63319	Единицы	66330	Единицы	63697	Единицы	53083	Единицы	45497	Единицы	49602	Единицы	46683	Единицы	59057	Единицы	
"Ямайка"	18798	Единицы	13063	Единицы	11893	Единицы	15147	Единицы	20946	Тонны	11513	Тонны	6731	Единицы	12686	Тонны	12831	Единицы	12507	Единицы	14850	Единицы	11512	Единицы	22294	Единицы	26533	Единицы	51006	Тонны	48557	Единицы	34240	Единицы	34247	Единицы	14101	Единицы	58631	Тонны	
"Эстония"	46136	Единицы	37956	Единицы	49203	Единицы	60821	Единицы	Нет объемов	Нет объемов	39054	Единицы	18670	Единицы	29114	Единицы	30149	Единицы	33364	Единицы	35046	Единицы	33152	Единицы	38811	Единицы	45220	Единицы	49536	Единицы	52914	Единицы	38737	Единицы	48926	Единицы	49316	Единицы	55507	Единицы	
"Кипр"	54508	Единицы	42610	Единицы	46247	Единицы	61819	Единицы	54919	Единицы	28903	Единицы	32366	Единицы	24857	Единицы	17807	Единицы	10468	Единицы	14908	Единицы	21425	Единицы	27461	Единицы	51344	Тонны	39395	Единицы	41312	Единицы	43058	Тонны	25480	Единицы	Нет объемов	Нет объемов	52944	Единицы	
"Иордания"	31968	Единицы	31681	Единицы	39520	Единицы	61100	Единицы	9180	Тонны	83354	Единицы	46758	Единицы	69	Тонны	65	Тонны	38858	Единицы	52669	Единицы	51504	Единицы	62128	Единицы	115190	Тонны	43795	Единицы	Нет объемов	Нет объемов	32733	Единицы	37989	Единицы	38839	Единицы	50920	Единицы	
"Боливия (Многонациональное Государство)"	4548	Единицы	7674	Единицы	12823	Единицы	17056	Единицы	20034	Единицы	11918	Единицы	20730	Единицы	76346	Единицы	27828	Единицы	37492	Единицы	52590	Тонны	52187	Тонны	39692	Тонны	47182	Тонны	43023	Тонны	46008	Тонны	28302	Тонны	38279	Тонны	42838	Тонны	47273	Тонны	
"Сенегал"	3879	Единицы	7144	Единицы	6114	Единицы	7861	Единицы	15392	Тонны	6981	Единицы	6825	Единицы	15266	Тонны	6343	Единицы	6515	Единицы	6420	Единицы	5456	Единицы	6622	Единицы	36758	Тонны	42577	Тонны	45147	Тонны	46541	Тонны	50218	Тонны	43192	Тонны	46226	Тонны	
"Кот-д'Ивуар"	7552	Единицы	6198	Единицы	8796	Единицы	11419	Единицы	11604	Единицы	8756	Единицы	9473	Единицы	6529	Единицы	12032	Единицы	12190	Единицы	Нет объемов	Нет объемов	12206	Единицы	58126	Тонны	68165	Тонны	55547	Тонны	24634	Тонны	27497	Тонны	45457	Тонны	40401	Тонны	43258	Тонны	
"Гана"	40945	Тонны	25455	Единицы	27633	Единицы	35654	Единицы	89345	Тонны	26242	Единицы	27400	Единицы	179334	Тонны	54286	Единицы	57046	Единицы	Нет объемов	Нет объемов	101883	Тонны	47130	Единицы	50242	Единицы	127861	Тонны	Нет объемов	Нет объемов			197305	Тонны	69408	Единицы	43021	Единицы	
"Уганда"	158559	Единицы	24595	Единицы	19577	Единицы	88286	Единицы	29015	Единицы	32470	Единицы	31942	Единицы	40744	Единицы	39962	Единицы	40466	Единицы	37954	Единицы	31621	Единицы	24718	Единицы	36630	Единицы	38491	Единицы	36528	Единицы	35948	Единицы	35968	Единицы	33198	Единицы	42812	Единицы	
"Камбоджа"	2220	Единицы	2495	Единицы	2804	Единицы	10449	Единицы	7314	Единицы	25014	Тонны	6577	Единицы	31644	Тонны	10837	Единицы	9690	Единицы	10132	Единицы	15282	Единицы	66240	Тонны	76560	Тонны	84624	Тонны	111367	Тонны	62291	Тонны	37608	Единицы	63052	Единицы	40961	Единицы	
"Уругвай"	6586	Единицы	10902	Единицы	10750	Единицы	13412	Единицы	17971	Единицы	20981	Единицы	34343	Единицы	43637	Единицы	42640	Единицы	43894	Единицы	40731	Единицы	39009	Единицы	33635	Единицы	43452	Единицы	33329	Единицы	30137	Единицы	25088	Единицы	35162	Единицы	38829	Единицы	39929	Единицы	
"Северная Македония"	20775	Единицы	13379	Единицы	15461	Единицы	17486	Единицы	24196	Единицы	13103	Единицы	58412	Единицы	40076	Единицы	32480	Единицы	32657	Единицы	32767	Единицы	27473	Единицы	31041	Единицы	28261	Единицы	39350	Единицы	44044	Единицы	29067	Единицы	40596	Единицы	27909	Единицы	38340	Единицы	
"Исландия"	19663	Единицы	34455	Единицы	21490	Единицы	21071	Единицы	11443	Единицы	4294	Тонны	4129	Единицы	7019	Единицы	896532	Единицы	820082	Единицы	12454	Единицы	23075	Тонны	30283	Тонны	43090	Тонны	31688	Тонны	19943	Тонны	19110	Тонны	28342	Тонны	39550	Тонны	37378	Тонны	
"Буркина-Фасо"	2275	Единицы	1808	Единицы	2061	Единицы	9002	Тонны	10055	Тонны	11272	Тонны	14595	Тонны	17101	Тонны	22636	Тонны	28138	Тонны	25001	Тонны	27694	Тонны	27635	Тонны	31983	Тонны	36465	Тонны	38330	Тонны	37221	Тонны	50028	Тонны	45092	Тонны	35910	Тонны	
"Багамские Острова"	31682	Единицы	17624	Единицы	20317	Единицы	19776	Единицы	15846	Единицы	14481	Единицы	10996	Единицы	10681	Единицы	14453	Единицы	15392	Единицы	17980	Единицы	544099	Единицы	22858	Единицы	28999	Единицы	28859	Единицы	17933	Единицы	15642	Единицы	22875	Единицы	40396	Единицы	35328	Единицы	
"Латвия"	24359	Единицы	28739	Единицы	44293	Единицы	53894	Единицы	33942	Единицы	10387	Единицы	14335	Единицы	25517	Единицы	20948	Единицы	19683	Единицы	24730	Единицы	24396	Единицы	30478	Единицы	30955	Единицы	33261	Единицы	35176	Единицы	25625	Единицы	30273	Единицы	33031	Единицы	33968	Единицы	
"Ботсвана"	9515	Единицы	213421	Единицы	878659	Единицы	9289	Единицы	23324	Единицы	20242	Единицы	25414	Единицы	44188	Тонны	58246	Тонны	9760	Единицы	47783	Тонны	54197	Тонны	145073	Тонны	50801	Тонны	64455	Тонны	72241	Тонны	106583	Единицы	133542	Единицы	29668	Тонны	32905	Тонны	
"Сингапур"	111126	Единицы	134894	Единицы	130305	Единицы	113152	Единицы	128841	Единицы	75813	Единицы	46780	Единицы	41375	Единицы	41739	Единицы	35955	Единицы	47656	Единицы	78641	Единицы	110941	Единицы	91088	Единицы	124803	Единицы	95871	Единицы	54074	Единицы	54127	Единицы	44552	Единицы	30272	Единицы	
"Черногория"					67250	Единицы	110925	Единицы	129863	Единицы	8407	Единицы	107897	Единицы	9820	Единицы	16497	Единицы	17966	Единицы	18543	Единицы	21233	Единицы	21341	Тонны	25728	Тонны	29093	Тонны	26653	Тонны	17445	Тонны	19593	Тонны	18330	Единицы	29257	Единицы	
"Бахрейн"	25534	Единицы	32428	Единицы	34954	Единицы	40110	Единицы	52820	Единицы	32809	Единицы	18565653	Единицы	36984	Единицы	53394	Единицы	94674	Единицы	72640	Единицы	60525	Единицы	48797	Единицы	39971	Единицы	39849	Единицы	32393	Единицы	23925	Единицы	24235	Единицы	27332	Единицы	28782	Единицы	
"Маврикий"	10361	Единицы	8479	Единицы	8538	Единицы	9600	Единицы	12223	Единицы	9495	Единицы	10206	Единицы	10117	Единицы	16935	Единицы	15073	Единицы	15723	Единицы	16909	Единицы	Нет объемов	Нет объемов	18004	Единицы	18352	Единицы	18656	Единицы	12916	Единицы	13741	Единицы	18051	Единицы	23515	Единицы	
"Мавритания"	2279	Единицы	1601	Единицы			3807	Единицы	3673	Единицы	3261	Единицы	2931	Единицы	13798	Тонны	4869	Единицы	4781	Единицы	4668	Единицы	8009	Тонны	8886	Тонны	12494	Тонны	12398	Тонны	16880	Тонны	14577	Тонны	31325	Тонны	25232	Тонны	22342	Тонны	
"Республика Молдова"	2723	Единицы	4773	Единицы	7426	Единицы	9289	Единицы	11707	Единицы	4926	Единицы	5187	Единицы	7130	Единицы	6060	Единицы	7059	Единицы	6540	Единицы	4610	Единицы	5210	Единицы	7275	Единицы	8657	Единицы	10739	Единицы	10161	Единицы	14520	Единицы	15824	Единицы	20327	Единицы	
"Гайана"	3543	Единицы	2822	Единицы	3321	Единицы	2430	Единицы	5728	Единицы	5865	Единицы	8256	Единицы	8285	Единицы	9460	Единицы	9555	Единицы	6903	Единицы	9415	Единицы	6093	Единицы	4641	Единицы	5357	Единицы	6133	Единицы	5216620	Единицы	11746	Единицы	10498	Единицы	18854	Единицы	
"Индия"	6835	Единицы	9040	Единицы	59653	Единицы	9668	Единицы	13431	Единицы	7258	Единицы	14523	Единицы	28707	Единицы	21563	Единицы	42264	Единицы	8205	Единицы	9838	Единицы	15350	Единицы	10819	Единицы	42225	Единицы	10782	Единицы	6993	Единицы	18833	Единицы	16397	Единицы	18700	Единицы	
"Мальта"	11803	Единицы	13146	Единицы	14058	Единицы	14084	Единицы	11821	Единицы	12513	Единицы	11958	Единицы	8762	Единицы	8316	Единицы	7877	Единицы	27376	Единицы	16363	Единицы	24111	Единицы	15796	Тонны	16338	Тонны	16359	Тонны	10194	Тонны	10179	Единицы	11422	Единицы	17545	Единицы	
"Никарагуа"	3287	Единицы	5051	Единицы	6074	Единицы	7000	Единицы	10453	Тонны	2865	Единицы	3668	Единицы	11548	Тонны	7740	Единицы	7885	Единицы	7910	Единицы	17576	Тонны	9331	Единицы	22322	Тонны	10124	Тонны	5754	Тонны	7103	Тонны	10108	Тонны	13107	Тонны	16993	Тонны	
"Тринидад и Тобаго"	19660	Единицы	23750	Единицы	69173	Единицы	34203	Единицы	77582	Единицы	26683	Единицы	114044	Единицы	44154	Единицы	25239	Единицы	30077	Единицы	30195	Единицы	34301	Единицы	28036	Единицы	29104	Единицы	25465	Единицы	32916	Единицы	52885	Единицы	8418	Единицы	9313	Единицы	15757	Единицы	
"Центральноафриканская Республика"					3	Единицы	249	Единицы	286	Единицы	268	Единицы	1820	Тонны	1739	Тонны	2024	Тонны	717	Тонны	1737	Тонны	1762	Тонны	5870	Тонны	4077	Тонны	3820	Тонны	3586	Тонны	4794	Тонны	2293	Тонны	2138	Тонны	15248	Тонны	
"Габон"	2497	Единицы	11191	Тонны	14550	Тонны	15926	Тонны	13993	Тонны	12832	Тонны	9947	Единицы	15696	Единицы	15438	Единицы	13023	Единицы	8851	Единицы	5475	Единицы	30224	Единицы	13562	Единицы	41570	Единицы	37646	Единицы	47390	Единицы	46462	Единицы	56644	Единицы	14839	Единицы	
"Нигер"	1792	Единицы	1581	Единицы	1407	Единицы	1841	Единицы	9386	Тонны	1877	Единицы	2117	Единицы	12357	Тонны	2537	Единицы	3593	Единицы	4028	Единицы	19589	Тонны	23937	Тонны	11360	Тонны	11258	Тонны	15815	Тонны	20445	Тонны	26527	Тонны	24238	Тонны	14708	Тонны	
"Мадагаскар"	1413	Единицы	1260	Единицы	4986	Единицы	5326	Тонны	7017	Тонны	6300	Тонны	2327	Единицы	8455	Тонны	8163	Тонны	2864	Единицы	10811	Тонны	8233	Тонны	10774	Тонны	15017	Тонны	11318	Тонны	13330	Тонны	9362	Тонны	7770	Тонны	9721	Тонны	13604	Тонны	
"Белиз"	660	Единицы	606	Единицы	1538	Единицы	42876	Единицы	838	Единицы	565	Единицы	471	Единицы	570	Единицы	719	Единицы	807	Единицы	751	Единицы	10477	Тонны	12313	Тонны	11239	Тонны	11040	Тонны	11503	Тонны	5318	Тонны	6900	Тонны	10027	Тонны	13445	Тонны	
"Гамбия"	11908	Тонны	13378	Тонны	12868	Тонны	14951	Тонны	1704	Единицы	9183	Единицы	5585	Единицы	9470	Тонны	10974	Тонны	11373	Тонны	11796	Тонны	14966	Тонны	17687	Тонны	22841623	Единицы	13469609	Единицы	13453476	Единицы	90630	Единицы	69300	Единицы	71291	Единицы	11828	Единицы	
"Бруней-Даруссалам"	14068	Единицы	15451	Единицы	11386	Единицы	14358	Единицы	20153	Тонны	14706	Тонны	17734	Единицы	13083	Единицы	17329	Единицы	18489	Единицы	18822	Единицы	13513	Единицы	11972	Единицы	15630	Единицы	10711	Единицы	13573	Единицы	24522	Единицы	14020	Единицы	14208	Единицы	10664	Единицы	
"Малави"	1429	Единицы	1622	Единицы	2126	Единицы	2421	Единицы	2813	Единицы	3597	Единицы	2979	Единицы	8811	Тонны	8496	Тонны	8402	Единицы	9271	Единицы	10955	Единицы	100295	Единицы	14044	Единицы	22131	Единицы	22800	Единицы	19381	Единицы	18959	Единицы	11500	Единицы	9841	Единицы	
"Либерия"																											7656	Тонны	6850	Тонны	6470	Тонны	6212	Тонны	11555	Тонны	9175	Тонны	8456	Тонны	
"Андорра"	7476	Единицы			6264	Единицы	5132	Единицы	4260	Единицы	3314	Единицы	3599	Единицы	3451	Единицы	2507	Единицы	3047	Единицы	4245	Единицы	4741	Единицы	4978	Единицы	5800	Единицы	6174	Единицы	6021	Единицы	4735	Единицы	6228	Единицы	5867	Единицы	6943	Единицы	
"Суринам"	2443	Единицы	2590	Единицы			2748	Единицы			19509	Тонны	2720	Единицы	14120	Тонны	4235	Единицы	3534	Единицы	3442	Единицы	22587	Единицы	6605	Единицы	1641	Единицы	10374	Единицы	12812	Единицы	7986	Единицы	7208	Единицы	7636	Единицы	6431	Единицы	
"Барбадос"	6508	Единицы	16058	Единицы	4541	Единицы	5137	Единицы	4445	Единицы	3130	Единицы	3882	Единицы	3775	Единицы	2521	Единицы	2559	Единицы	2770	Единицы	4016	Единицы	6081	Единицы	5377	Единицы	4898	Единицы	5514	Тонны	4861	Тонны	4161	Тонны	4128	Единицы	6105	Единицы	
"Тимор-Лешти"	410	Единицы	203	Единицы															1102	Единицы							1367	Единицы	2421	Тонны	3219	Тонны	3496	Тонны	3835	Тонны	4478	Тонны	5385	Тонны	
"Фиджи"	2023	Единицы	2161	Единицы	158220	Единицы	1611	Единицы	4403	Единицы	1579	Единицы	1395	Единицы	2112	Тонны	Нет объемов	Нет объемов	4146	Единицы	6647	Единицы	0	Смешанный	0	Смешанный	0	Смешанный	0	Смешанный	0	Смешанный	0	Смешанный	0	Смешанный	0	Смешанный	5130	Единицы	
"Эсватини"	33616	Единицы	17376	Единицы	128623	Единицы	471137	Единицы	9406	Тонны	8582	Тонны	Нет объемов	Нет объемов	4202	Единицы	10255	Единицы	12073	Единицы	7786	Единицы	2792	Единицы	7966	Единицы	14534	Единицы	41196	Единицы	22552	Единицы	13300	Единицы	5888	Единицы	6190	Единицы	4667	Единицы	
"Того"	596	Единицы	570	Единицы			1140	Единицы	1166	Единицы	1744	Единицы	9584	Тонны	1831	Единицы	1722	Единицы	1424	Единицы	2012	Единицы	19069	Тонны	21529	Тонны	22334	Тонны	22415	Тонны	28772	Тонны	26498	Тонны	34685	Тонны	31917	Тонны	4512	Единицы	
"Аруба"			47	Тонны	124	Тонны	238	Тонны	118	Тонны	3761	Тонны	2251	Единицы	5048	Тонны	3008	Единицы	3309	Единицы	3486	Единицы	6085	Тонны	6437	Тонны	7063	Тонны	7207	Тонны	6322	Тонны	2838	Тонны	3318	Тонны	4976	Тонны	3665	Единицы	
"Антигуа и Барбуда"			2303	Единицы			3038	Единицы			7131	Единицы	3434	Единицы	2400	Единицы	1218	Единицы	1126	Единицы	1650	Единицы	4199	Тонны	5085	Тонны	5861	Тонны	7236	Тонны	6186	Тонны	2828	Тонны	956	Единицы	2123	Тонны	3333	Единицы	
"Французская Полинезия"	8237	Единицы	9987	Единицы	7142	Единицы	6769	Единицы	10865	Тонны	4858	Единицы	4687	Единицы	5919	Тонны	5463	Тонны	3653	Единицы	4367	Единицы	4073	Единицы	4326	Единицы	5909	Единицы	7229	Единицы	6750	Единицы	5360	Единицы	6745	Единицы	7213	Единицы	3208	Единицы	
"Мальдивские Острова"	441	Единицы	397	Единицы	403	Единицы	503	Единицы	413	Единицы	313	Единицы	191	Единицы	399	Единицы	439	Единицы	462	Единицы	860	Единицы	1247	Единицы	784	Единицы	800	Единицы	963	Единицы	1442	Единицы	1003	Единицы	1313	Единицы	2857	Единицы	3122	Единицы	
"Остров Норфолк"	46	Единицы	51	Единицы	33	Единицы	34	Единицы	90	Тонны	63	Единицы	Нет объемов	Нет объемов	Нет объемов	Нет объемов	Нет объемов	Нет объемов	43	Единицы	Нет объемов	Нет объемов	Нет объемов	Нет объемов	Нет объемов	Нет объемов	Нет объемов	Нет объемов	Нет объемов	Нет объемов	Нет объемов	Нет объемов	34	Единицы	18	Единицы	Нет объемов	Нет объемов	3065	Единицы	
"Сейшельские Острова"	724	Тонны	911	Единицы	971	Единицы			3459	Тонны	Нет объемов	Нет объемов	1240	Единицы	3093	Единицы	2212	Единицы	22474	Единицы	2630	Единицы	2395	Единицы	2965	Тонны	5410	Единицы	5866	Единицы	2196	Тонны	864	Тонны	373	Тонны	1682	Тонны	2571	Тонны	
"Кабо-Верде"	756	Единицы	882	Единицы	1496	Единицы	1409	Единицы	1634	Единицы	952	Единицы	919	Единицы	1128	Единицы	861	Единицы	1160	Тонны	1285	Тонны	1506	Тонны	1595	Единицы	1163	Единицы	7906	Единицы	2458	Единицы	6159	Единицы	4044	Единицы	15099	Единицы	2104	Единицы	
"Сент-Винсент и Гренадины"	1085	Единицы	1021	Единицы	636	Единицы	434	Единицы	1384	Тонны	373	Единицы	538	Единицы	1167	Тонны	287	Единицы	307	Единицы	272	Единицы	1525	Тонны	2067	Тонны	2200	Тонны	1990	Тонны	2013	Тонны	1682	Тонны	1520	Тонны	1488	Тонны	1392	Тонны	
"Зоны Свободной Торговли"	2096	Единицы	1888	Единицы	4589	Единицы	2970	Единицы	4266	Тонны	4502	Единицы	3790	Единицы	772	Тонны	12749	Тонны	9545	Тонны	25856	Тонны	44629	Тонны	53786	Тонны	Нет объемов	Нет объемов	Нет объемов	Нет объемов	Нет объемов	Нет объемов	Нет объемов	Нет объемов	1745	Единицы	2119	Тонны	1326	Единицы	
"Доминика"	239	Единицы	309	Единицы	266	Единицы	268	Единицы	299	Единицы	328	Единицы	335	Единицы	1	Тонны	192	Единицы	1	Тонны					1729	Тонны	1767	Тонны	2250	Тонны	2094	Тонны	1009	Тонны	599	Тонны	632	Тонны	1103	Тонны	
"Гренада"	1436	Единицы	1462	Единицы	1298	Единицы	1431	Единицы	5014	Единицы			426	Единицы	449	Единицы	356	Единицы	455	Единицы	386	Единицы	557	Единицы	577	Единицы	736	Единицы	888	Единицы	662	Единицы	519	Единицы	400	Единицы	526	Единицы	990	Единицы	
"Шри-Ланка"	58324	Единицы	55099	Единицы	78780	Единицы	56776	Единицы	1602918	Единицы	32142	Единицы	121667	Единицы	193629	Единицы	119422	Единицы	46534	Единицы	123408	Единицы	234877	Единицы	90345	Единицы	55256	Единицы			52035	Единицы	18555	Единицы	2437	Единицы	597	Единицы	934	Единицы	
"Бутан"			1464	Единицы	1851	Единицы	1969	Единицы	3813	Единицы	3625	Единицы	3478	Единицы	6366	Единицы	2205	Единицы							0	Смешанный	0	Смешанный	3946	Единицы	3524	Единицы	3354	Единицы	4032	Единицы	1548	Единицы	455	Единицы	
"Грузия"	25470	Единицы	37023	Единицы	51979	Единицы	44971	Единицы	51556	Тонны	39566	Единицы	47886	Единицы	57218	Единицы	67112	Единицы	81253	Единицы	96574	Единицы	210	Тонны	184	Тонны	166	Тонны	211	Тонны	337	Тонны	203	Тонны	246	Тонны	289	Тонны	356	Тонны	
"Гуам"							4	Единицы							2	Единицы	4	Единицы	1	Единицы			67	Единицы	22	Единицы	Нет объемов	Нет объемов	Нет объемов	Нет объемов	Нет объемов	Нет объемов	Нет объемов	Нет объемов	96	Единицы	Нет объемов	Нет объемов	326	Тонны	
"Сан-Томе и Принсипи"	320	Единицы	617	Единицы	398	Единицы	340	Единицы	721	Тонны	351	Единицы	460	Единицы	893	Тонны	298	Единицы	263	Единицы	338	Единицы	255	Единицы	289	Единицы	1002	Тонны	899	Тонны	1072	Тонны	773	Тонны	237	Единицы	184	Единицы	196	Единицы	
"Фолклендские (Мальвинские) острова"	149	Единицы	Нет объемов	Нет объемов	35	Единицы	65	Единицы	71	Единицы	72	Единицы	112	Единицы	101	Единицы	Нет объемов	Нет объемов	Нет объемов	Нет объемов	227	Единицы	Нет объемов	Нет объемов	130	Единицы	160	Единицы	Нет объемов	Нет объемов	151	Единицы	Нет объемов	Нет объемов	Нет объемов	Нет объемов	168	Единицы	195	Единицы	
"остров Рождества"	34	Единицы	85	Единицы	54	Единицы	61	Единицы	Нет объемов	Нет объемов	158	Единицы	232	Единицы	Нет объемов	Нет объемов	Нет объемов	Нет объемов	115	Единицы	Нет объемов	Нет объемов	30	Единицы	93	Единицы	58	Единицы	39	Единицы	45	Единицы	37	Единицы	57	Единицы	69	Единицы	68	Единицы	
"Монтсеррат"	68	Единицы	83	Единицы	88	Единицы	83	Единицы	78	Единицы	92	Единицы					53	Единицы	63	Единицы	69	Единицы	73	Единицы	92	Единицы	87	Единицы	318	Тонны	48	Единицы	41	Единицы			27	Единицы	45	Единицы	
"Острова Уоллис и Футуна"	24	Единицы	25	Единицы	48	Единицы	25	Единицы	Нет объемов	Нет объемов	5	Единицы	18	Единицы	51	Тонны	Нет объемов	Нет объемов	25	Единицы	Нет объемов	Нет объемов	Нет объемов	Нет объемов	Нет объемов	Нет объемов	Нет объемов	Нет объемов	Нет объемов	Нет объемов	Нет объемов	Нет объемов	Нет объемов	Нет объемов	49	Единицы	25	Единицы	22	Единицы	
"Британская территория в Индийском океане"	7	Единицы	16	Единицы	40	Единицы	12	Единицы	76	Единицы	18	Тонны			9	Единицы	4	Тонны							4	Единицы			2	Тонны	Нет объемов	Нет объемов			Нет объемов	Нет объемов			15	Тонны	
"Южные земли (французская заморская территория)"	19	Тонны	8	Единицы	10	Единицы	7	Тонны	Нет объемов	Нет объемов	14	Единицы	Нет объемов	Нет объемов	Нет объемов	Нет объемов	Нет объемов	Нет объемов	Нет объемов	Нет объемов	Нет объемов	Нет объемов	5	Единицы	Нет объемов	Нет объемов	Нет объемов	Нет объемов	Нет объемов	Нет объемов	Нет объемов	Нет объемов	3	Единицы	26	Единицы	3	Единицы	11	Тонны	
"Бермудские острова"																	Нет объемов	Нет объемов	998	Единицы	1365	Единицы	2	Тонны	2	Тонны	3880	Единицы	Нет объемов	Нет объемов	4	Тонны	Нет объемов	Нет объемов	Нет объемов	Нет объемов	1675	Единицы	2	Тонны	
"Американское Самоа"																									2	Единицы	1	Единицы			Нет объемов	Нет объемов	3	Единицы	1	Единицы	1	Единицы	2	Тонны	
"Ниуэ"	77	Единицы	75	Единицы	94	Единицы	57	Единицы	Нет объемов	Нет объемов	83	Тонны	Нет объемов	Нет объемов	Нет объемов	Нет объемов	Нет объемов	Нет объемов	Нет объемов	Нет объемов	Нет объемов	Нет объемов	Нет объемов	Нет объемов	Нет объемов	Нет объемов	Нет объемов	Нет объемов	19	Единицы	7	Единицы	Нет объемов	Нет объемов	Нет объемов	Нет объемов	Нет объемов	Нет объемов	1	Единицы	
"Тонга"									38109	Единицы	18263	Единицы	2357	Единицы	7239	Единицы	990	Единицы	6037	Единицы	10726	Единицы					2911	Единицы	26602	Единицы	26050	Единицы	2406	Единицы	0	Смешанный	87064624	Единицы	0	Смешанный	
"Испания"	1434485	Единицы	1653793	Единицы	2036888	Тонны	2288294	Тонны	Нет объемов	Нет объемов	739844	Единицы	Нет объемов	Нет объемов	982598	Тонны	Нет объемов	Нет объемов	973727	Тонны	1130751	Тонны	1033111	Единицы	Нет объемов	Нет объемов	Нет объемов	Нет объемов	1685841	Тонны	Нет объемов	Нет объемов	Нет объемов	Нет объемов	1012438	Тонны	Нет объемов	Нет объемов	Нет объемов	Нет объемов	
"Самоа"	0		0		0		0		0		262	Единицы	1893	Единицы	495	Единицы	335	Единицы	120	Единицы	3024	Единицы	1608	Единицы	2166	Единицы	1794	Единицы	2208	Единицы	3201	Единицы	2623	Единицы	2283	Единицы	2317	Единицы	0	Смешанный	
"Бенин"	2288	Единицы	2516	Единицы	7355	Тонны	4323	Единицы	19248	Тонны	4103	Единицы	4156	Единицы	25823	Тонны	4535	Единицы	3522	Единицы	3833	Единицы	33244	Тонны	38943	Тонны	56072	Тонны	31217	Тонны	26612	Тонны	31833	Тонны	33383	Тонны	31045	Тонны	Нет объемов	Нет объемов	
"Венгрия"	217861	Единицы	209231	Единицы	222169	Единицы	266063	Единицы	256306	Тонны	85345	Тонны	90327	Единицы	171979	Тонны	118338	Единицы	117952	Единицы	137566	Единицы	147489	Единицы	Нет объемов	Нет объемов	Нет объемов	Нет объемов	Нет объемов	Нет объемов	Нет объемов	Нет объемов	Нет объемов	Нет объемов	Нет объемов	Нет объемов	Нет объемов	Нет объемов	Нет объемов	Нет объемов	
"Мексика"	857488	Единицы	1032087	Единицы	1610372	Единицы	1556109	Единицы	1178827	Единицы	524327	Единицы	732263	Единицы	824211	Единицы	810084	Единицы	970036	Единицы	Нет объемов	Нет объемов	838141	Единицы	909394	Единицы	1001606	Единицы	914193	Единицы	Нет объемов	Нет объемов	Нет объемов	Нет объемов	Нет объемов	Нет объемов	Нет объемов	Нет объемов	Нет объемов	Нет объемов	
"Намибия"	15357	Единицы	14299	Единицы	15796	Единицы	17758	Единицы	33422	Тонны	44851	Тонны	22460	Единицы	33853	Тонны	44404	Тонны	20263	Единицы	21227	Единицы	37213	Тонны	27468	Тонны	16142	Тонны	Нет объемов	Нет объемов	22841	Тонны	18165	Тонны	18161	Тонны	17324	Тонны	Нет объемов	Нет объемов	
"Китай, Специальный административный район Макао"	Нет объемов	Нет объемов	Нет объемов	Нет объемов	Нет объемов	Нет объемов	Нет объемов	Нет объемов	Нет объемов	Нет объемов	6591	Единицы	Нет объемов	Нет объемов	Нет объемов	Нет объемов	Нет объемов	Нет объемов	Нет объемов	Нет объемов	Нет объемов	Нет объемов	15041	Единицы	7371	Единицы	9042	Единицы	Нет объемов	Нет объемов	Нет объемов	Нет объемов	Нет объемов	Нет объемов	Нет объемов	Нет объемов	Нет объемов	Нет объемов	Нет объемов	Нет объемов	
"Мали"	3006	Единицы	2748	Единицы	3748	Единицы	4786	Единицы	13637	Тонны			6375	Единицы	18801	Тонны	3693	Единицы							3615	Единицы	2958	Единицы	33490	Тонны	39487	Тонны	35491	Тонны	48611	Тонны	33762	Тонны	Нет объемов	Нет объемов	
"Ливия"							100160	Единицы	71315	Единицы	93309	Единицы	116462	Единицы									97001	Единицы	39142	Единицы	137739	Единицы	92054	Единицы	454426	Единицы	Нет объемов	Нет объемов	Нет объемов	Нет объемов	Нет объемов	Нет объемов	Нет объемов	Нет объемов	
"Лаосская Народно-Демократическая Республика"													1044	Единицы	3891	Тонны	1699	Единицы	4959	Единицы	3811	Единицы	2458	Единицы	15577	Единицы	14047	Единицы	9145	Единицы	12606	Единицы	6781	Тонны	10735	Тонны	Нет объемов	Нет объемов	Нет объемов	Нет объемов	
"Ливан"	36837	Единицы	33070	Единицы	32273	Единицы	42422	Единицы	150763	Тонны	171605	Тонны	69722	Единицы	114401	Тонны	111823	Тонны	118347	Тонны	107973	Тонны	121112	Тонны	130334	Тонны	135930	Тонны	127362	Тонны	80702	Тонны	7235	Единицы	24434	Единицы	126457	Тонны	Нет объемов	Нет объемов	
"Кувейт"	23	Единицы			111348	Единицы	128509	Единицы	142379	Единицы	162823	Единицы	110818	Единицы	118107	Единицы	136230	Единицы	145800	Единицы	139141	Единицы	140690	Единицы	102181	Единицы	120944	Единицы	121099	Единицы	127688	Единицы	91196	Единицы	106396	Единицы	117886	Единицы	Нет объемов	Нет объемов	
"Науру"	45	Тонны	28952	Единицы	6034	Единицы	2554	Единицы	Нет объемов	Нет объемов	21	Единицы	Нет объемов	Нет объемов	Нет объемов	Нет объемов	Нет объемов	Нет объемов	Нет объемов	Нет объемов	Нет объемов	Нет объемов	Нет объемов	Нет объемов	Нет объемов	Нет объемов	Нет объемов	Нет объемов	133	Единицы	2595	Единицы	Нет объемов	Нет объемов	292	Единицы	274009	Единицы	Нет объемов	Нет объемов	
"Непал"											3593	Единицы	86811	Единицы	5037	Тонны	17196	Единицы	8161	Единицы	13731	Единицы	18634	Единицы	233757	Единицы	30779	Единицы	38761	Единицы	34407	Единицы	14180	Единицы	30189	Единицы	18388	Единицы	Нет объемов	Нет объемов	
"Нидерландские Антильские Острова"			9159	Единицы	10689	Единицы	8891	Единицы	9075	Тонны	Нет объемов	Нет объемов	Нет объемов	Нет объемов																											
"Кюрасао"																											10035	Тонны	8478	Тонны	7719	Тонны	5620	Тонны	Нет объемов	Нет объемов	Нет объемов	Нет объемов	Нет объемов	Нет объемов	
"Синт-Мартен (нидерландская часть)"															615	Единицы	1173	Единицы	Нет объемов	Нет объемов	Нет объемов	Нет объемов	Нет объемов	Нет объемов	Нет объемов	Нет объемов	Нет объемов	Нет объемов	Нет объемов	Нет объемов	Нет объемов	Нет объемов	Нет объемов	Нет объемов	Нет объемов	Нет объемов	Нет объемов	Нет объемов	Нет объемов	Нет объемов	
"Бонайре, Синт-Эстатиус и Саба"																			128	Единицы	149	Единицы	237	Единицы	Нет объемов	Нет объемов	Нет объемов	Нет объемов	Нет объемов	Нет объемов	Нет объемов	Нет объемов	Нет объемов	Нет объемов	Нет объемов	Нет объемов	Нет объемов	Нет объемов	Нет объемов	Нет объемов	
"Новая Каледония"	9600	Единицы	9901	Единицы	9908	Единицы	10768	Единицы	15621	Тонны	14372	Тонны	10166	Единицы	16347	Тонны	9531	Единицы	8776	Единицы	8729	Единицы	9114	Единицы	Нет объемов	Нет объемов	Нет объемов	Нет объемов	Нет объемов	Нет объемов	Нет объемов	Нет объемов	Нет объемов	Нет объемов	Нет объемов	Нет объемов	Нет объемов	Нет объемов	Нет объемов	Нет объемов	
"Вануату"					196	Единицы	442	Единицы			427	Единицы	661	Единицы	613	Единицы	Нет объемов	Нет объемов	Нет объемов	Нет объемов	Нет объемов	Нет объемов	Нет объемов	Нет объемов	Нет объемов	Нет объемов	Нет объемов	Нет объемов	Нет объемов	Нет объемов	Нет объемов	Нет объемов	Нет объемов	Нет объемов	Нет объемов	Нет объемов	Нет объемов	Нет объемов	Нет объемов	Нет объемов	
"Оман"	56064	Единицы	66116	Единицы	87668	Единицы	116454	Единицы	160450	Единицы	91345	Единицы	109457	Единицы	252148	Тонны	0		136460	Единицы	0		0		57206	Единицы	0		45781	Единицы	56275	Единицы	54668	Единицы	46479	Единицы	46829	Единицы	Нет объемов	Нет объемов	
"Гаити"																			29173	Тонны	28803	Тонны	26616	Тонны	37868	Тонны	35161	Тонны	Нет объемов	Нет объемов	Нет объемов	Нет объемов	Нет объемов	Нет объемов	Нет объемов	Нет объемов	Нет объемов	Нет объемов	Нет объемов	Нет объемов	
"Иран (Исламская Республика)"	1462	Единицы	16619	Единицы	7872	Единицы	65805	Тонны	76196	Тонны	65768	Тонны	70122	Тонны	64080	Тонны	73264	Тонны	118020	Тонны	159219	Тонны	83221	Тонны	120995	Тонны	105299	Тонны	24252	Тонны	12963	Тонны	2760	Тонны	1516	Тонны	872	Тонны	Нет объемов	Нет объемов	
"Ирак"																					145033	Единицы	Нет объемов	Нет объемов	Нет объемов	Нет объемов	Нет объемов	Нет объемов	Нет объемов	Нет объемов	Нет объемов	Нет объемов	Нет объемов	Нет объемов	Нет объемов	Нет объемов	Нет объемов	Нет объемов	Нет объемов	Нет объемов	
"Корейская Народно-Демократическая Республика"	Нет объемов	Нет объемов	Нет объемов	Нет объемов	2155	Единицы	Нет объемов	Нет объемов	1599	Единицы	3349	Единицы	3226	Единицы	3734	Единицы	Нет объемов	Нет объемов	4119	Единицы	Нет объемов	Нет объемов	Нет объемов	Нет объемов	Нет объемов	Нет объемов	Нет объемов	Нет объемов	Нет объемов	Нет объемов	11	Тонны	4	Единицы	0	Единицы					
"Гибралтар"	5749	Единицы	2720	Единицы	3603	Единицы	5636	Тонны	Нет объемов	Нет объемов	2176	Единицы	2497	Единицы	5489	Тонны	2737	Единицы	3314	Единицы	6018	Тонны	Нет объемов	Нет объемов	Нет объемов	Нет объемов	Нет объемов	Нет объемов	Нет объемов	Нет объемов	Нет объемов	Нет объемов	Нет объемов	Нет объемов	Нет объемов	Нет объемов	Нет объемов	Нет объемов	Нет объемов	Нет объемов	
"Кирибати"			221	Единицы			188	Единицы	256	Единицы	2074	Единицы	178	Единицы	218	Единицы	15500	Единицы	580	Единицы	369	Единицы	405	Единицы	606	Единицы	520	Единицы	570	Единицы			630	Единицы	54588	Единицы	Нет объемов	Нет объемов	Нет объемов	Нет объемов	
"Гвинея"	1528	Единицы	1358	Единицы	1026	Единицы	1976	Единицы	27649	Тонны	4699533783	Единицы	912355564	Единицы	19715	Единицы	6431742944	Единицы	1767	Единицы	2232	Единицы	47921	Тонны	44443	Тонны	Нет объемов	Нет объемов	Нет объемов	Нет объемов	Нет объемов	Нет объемов	Нет объемов	Нет объемов	Нет объемов	Нет объемов	Нет объемов	Нет объемов	Нет объемов	Нет объемов	
"Государство Палестина"							20487	Единицы	9906	Единицы	10516	Единицы	6999	Единицы	11317	Тонны	6831	Единицы	7189	Единицы	8756	Единицы	9501	Единицы	Нет объемов	Нет объемов	Нет объемов	Нет объемов	15968	Тонны	12702	Тонны	8633	Тонны	13892	Тонны	15291	Тонны	Нет объемов	Нет объемов	
"Гренландия"	458	Единицы	509	Единицы	439	Единицы	458	Единицы	550	Единицы	633	Единицы	321	Тонны	448	Единицы	409	Единицы	406	Единицы	496	Единицы	581	Единицы	536	Единицы	944	Единицы	657	Единицы	Нет объемов	Нет объемов	Нет объемов	Нет объемов	Нет объемов	Нет объемов	Нет объемов	Нет объемов	Нет объемов	Нет объемов	
"Экваториальная Гвинея"	Нет объемов	Нет объемов	Нет объемов	Нет объемов	Нет объемов	Нет объемов	Нет объемов	Нет объемов	Нет объемов	Нет объемов	Нет объемов	Нет объемов	Нет объемов	Нет объемов	Нет объемов	Нет объемов	Нет объемов	Нет объемов	Нет объемов	Нет объемов	Нет объемов	Нет объемов	Нет объемов	Нет объемов	Нет объемов	Нет объемов	Нет объемов	Нет объемов	Нет объемов	Нет объемов	Нет объемов	Нет объемов	Нет объемов	Нет объемов	Нет объемов	Нет объемов	Нет объемов	Нет объемов	Нет объемов	Нет объемов	
"Фарерские острова"	1850	Единицы	2067	Единицы	3120	Единицы	3307	Единицы	2078	Единицы	664	Единицы	879	Единицы	958	Единицы	2358	Единицы	1415	Единицы	1779	Единицы	2032	Единицы	2125	Единицы	2038	Единицы	Нет объемов	Нет объемов	Нет объемов	Нет объемов	2205	Единицы	Нет объемов	Нет объемов	2004	Единицы	Нет объемов	Нет объемов	
"Эритрея"	Нет объемов	Нет объемов	Нет объемов	Нет объемов	Нет объемов	Нет объемов	Нет объемов	Нет объемов	Нет объемов	Нет объемов	Нет объемов	Нет объемов	Нет объемов	Нет объемов	Нет объемов	Нет объемов	Нет объемов	Нет объемов	Нет объемов	Нет объемов	Нет объемов	Нет объемов	Нет объемов	Нет объемов	Нет объемов	Нет объемов	Нет объемов	Нет объемов	Нет объемов	Нет объемов	Нет объемов	Нет объемов	Нет объемов	Нет объемов	Нет объемов	Нет объемов	Нет объемов	Нет объемов	Нет объемов	Нет объемов	
"Кокосовых (Килинг) островов"	12	Единицы	32	Единицы	20	Единицы	15	Единицы	40	Тонны	25	Единицы	20	Единицы	Нет объемов	Нет объемов	Нет объемов	Нет объемов	Нет объемов	Нет объемов	30	Единицы	21	Единицы	22	Единицы	Нет объемов	Нет объемов	Нет объемов	Нет объемов	33	Единицы	19	Единицы	Нет объемов	Нет объемов	Нет объемов	Нет объемов	Нет объемов	Нет объемов	
"Острова Кука"			264	Единицы	235	Единицы	412	Единицы	Нет объемов	Нет объемов	Нет объемов	Нет объемов	Нет объемов	Нет объемов	Нет объемов	Нет объемов	Нет объемов	Нет объемов	Нет объемов	Нет объемов	Нет объемов	Нет объемов	Нет объемов	Нет объемов	Нет объемов	Нет объемов	Нет объемов	Нет объемов	Нет объемов	Нет объемов	Нет объемов	Нет объемов	Нет объемов	Нет объемов	Нет объемов	Нет объемов	Нет объемов	Нет объемов	Нет объемов	Нет объемов	
"Куба"	11928	Единицы	9862	Единицы	6243	Единицы																			5273	Единицы	16972	Единицы	4923	Единицы	5738	Единицы	2717	Единицы	8681	Единицы	4848	Единицы	Нет объемов	Нет объемов	
"Чад"	Нет объемов	Нет объемов	Нет объемов	Нет объемов	Нет объемов	Нет объемов	Нет объемов	Нет объемов	Нет объемов	Нет объемов	Нет объемов	Нет объемов	Нет объемов	Нет объемов	Нет объемов	Нет объемов	Нет объемов	Нет объемов	Нет объемов	Нет объемов	Нет объемов	Нет объемов	Нет объемов	Нет объемов	Нет объемов	Нет объемов	Нет объемов	Нет объемов	Нет объемов	Нет объемов	Нет объемов	Нет объемов	Нет объемов	Нет объемов	Нет объемов	Нет объемов	Нет объемов	Нет объемов	Нет объемов	Нет объемов	
"Кайман острова"																																	3719	Единицы	4882	Единицы	Нет объемов	Нет объемов	Нет объемов	Нет объемов	
"Коморские Острова"	256	Единицы	136	Единицы			188	Единицы	1303	Единицы	645	Единицы	3182	Тонны	610	Единицы	629	Единицы	843	Единицы	1554	Единицы	3753	Тонны	3985	Тонны	4754	Тонны	6191	Тонны	6614	Тонны	7417	Тонны	6899	Тонны	Нет объемов	Нет объемов	Нет объемов	Нет объемов	
"Остров Майотта"	1750	Единицы	1595	Единицы	1976	Единицы	2663	Единицы	3459	Тонны	1467	Единицы	Нет объемов	Нет объемов	Нет объемов	Нет объемов	Нет объемов	Нет объемов	Нет объемов	Нет объемов																					
"Конго"							11732	Тонны	11351	Тонны	4969	Тонны	4533	Тонны	10011	Тонны	4984	Единицы	6134	Единицы	26629	Тонны	18344	Тонны	10819	Тонны	8299	Тонны	6786	Тонны	8186	Тонны	9027	Тонны	17837	Тонны	16818	Тонны	Нет объемов	Нет объемов	
"Ангола"	Нет объемов	Нет объемов	Нет объемов	Нет объемов	Нет объемов	Нет объемов	29954	Единицы			53171	Единицы	28018	Единицы	53161	Тонны	64288	Единицы	44970	Единицы	82378	Единицы	23381	Единицы	4910	Единицы	9850	Единицы	21673	Тонны	18851	Тонны	17617	Тонны	17588	Тонны	35094	Тонны	Нет объемов	Нет объемов	
"Афганистан"									Нет объемов	Нет объемов	0		0		68061	Единицы	12800	Единицы	15835	Единицы	7300	Единицы	0		0		6607	Единицы	5491	Единицы	1355	Единицы	Нет объемов	Нет объемов	Нет объемов	Нет объемов	Нет объемов	Нет объемов	Нет объемов	Нет объемов	
"Албания"	23630	Единицы	13903	Единицы	17109	Единицы	22676	Единицы	27036	Тонны	32781	Единицы	608258	Единицы	36829	Единицы	387103	Единицы	60786	Единицы	79052	Единицы	122477	Единицы	65417	Единицы	Нет объемов	Нет объемов	Нет объемов	Нет объемов	Нет объемов	Нет объемов	Нет объемов	Нет объемов	Нет объемов	Нет объемов	Нет объемов	Нет объемов	Нет объемов	Нет объемов	
"Алжир"	102306	Единицы	108022	Единицы	105628	Единицы	155187	Единицы	221317	Единицы	155697	Единицы	171013	Единицы	224410	Единицы	395817	Единицы	356263	Единицы	264941	Единицы	183649	Единицы	89299	Единицы	161514	Тонны	Нет объемов	Нет объемов	Нет объемов	Нет объемов	Нет объемов	Нет объемов	Нет объемов	Нет объемов	Нет объемов	Нет объемов	Нет объемов	Нет объемов	
"Бангладеш"	12103	Единицы	13896	Единицы	16785	Единицы	59380	Единицы	47166	Единицы	22527894	Единицы	33239680	Единицы	4946168	Единицы	4525987	Единицы	42773	Единицы			45634	Единицы	Нет объемов	Нет объемов	Нет объемов	Нет объемов	Нет объемов	Нет объемов	Нет объемов	Нет объемов	Нет объемов	Нет объемов	Нет объемов	Нет объемов	Нет объемов	Нет объемов	Нет объемов	Нет объемов	
"Соломоновы Острова"	330	Единицы	2604	Единицы	1540	Единицы	2619	Единицы	5137	Единицы	Нет объемов	Нет объемов	3062	Единицы	Нет объемов	Нет объемов	Нет объемов	Нет объемов	Нет объемов	Нет объемов	0		1151	Единицы	825	Единицы	1701	Единицы	1898	Единицы	Нет объемов	Нет объемов	Нет объемов	Нет объемов	Нет объемов	Нет объемов	Нет объемов	Нет объемов	Нет объемов	Нет объемов	
"Британские Виргинские острова"	570	Единицы	770	Единицы	938	Единицы	Нет объемов	Нет объемов	Нет объемов	Нет объемов	Нет объемов	Нет объемов	788	Единицы	1009	Тонны	Нет объемов	Нет объемов	Нет объемов	Нет объемов	Нет объемов	Нет объемов	Нет объемов	Нет объемов	Нет объемов	Нет объемов	Нет объемов	Нет объемов	Нет объемов	Нет объемов	Нет объемов	Нет объемов	Нет объемов	Нет объемов	Нет объемов	Нет объемов	Нет объемов	Нет объемов	Нет объемов	Нет объемов	
"Остров Буве"							2	Единицы	2	Единицы					1	Единицы					1	Единицы							1	Единицы											
"Камерун"	6502	Единицы	5195	Единицы	4845	Единицы	5554	Единицы	25379	Тонны	6215	Единицы	6695	Единицы	39467	Тонны	7025	Единицы	7134	Единицы	7845	Единицы	6900	Единицы	7210	Единицы	5867	Единицы	34743	Тонны	38896	Тонны	39755	Тонны	73786	Тонны	Нет объемов	Нет объемов	Нет объемов	Нет объемов	
"Бурунди"	2109	Тонны	1336	Единицы	3198	Единицы	2397	Единицы	3014	Тонны	1457	Единицы	1973	Единицы	5320	Тонны	1799	Единицы	4332	Тонны	1664	Единицы	12110	Тонны	4287	Тонны	14931	Единицы	5725	Единицы	7553	Тонны	16361	Единицы	29683	Единицы	7315	Единицы	Нет объемов	Нет объемов	
"Беларусь"	5494	Единицы	5647	Единицы	22301	Единицы	46152	Единицы	94422	Единицы	88146	Единицы	9397	Единицы	29641	Единицы	22701	Единицы	29103	Единицы	21829	Единицы	25094	Единицы	28752	Единицы	Нет объемов	Нет объемов	Нет объемов	Нет объемов	Нет объемов	Нет объемов	Нет объемов	Нет объемов	Нет объемов	Нет объемов	Нет объемов	Нет объемов	Нет объемов	Нет объемов	
"Йемен"	10355	Единицы	14380	Единицы	26455	Единицы	36839	Единицы	43469	Единицы	46150	Единицы	44622	Единицы	34893	Единицы	47491	Единицы	62216	Единицы	83709	Единицы	113672	Единицы	Нет объемов	Нет объемов	Нет объемов	Нет объемов	Нет объемов	Нет объемов	Нет объемов	Нет объемов	Нет объемов	Нет объемов	Нет объемов	Нет объемов	Нет объемов	Нет объемов	Нет объемов	Нет объемов	
"Сербия и Черногория"	36794	Единицы	36337	Единицы	20093	Единицы																																			
"Внешние малые острова Соединенных Штатов"	4024	Единицы	4143	Единицы	4808	Единицы	4901	Единицы	Нет объемов	Нет объемов	4823	Тонны	3539	Единицы	5260	Тонны	Нет объемов	Нет объемов	Нет объемов	Нет объемов	4215	Единицы	Нет объемов	Нет объемов	Нет объемов	Нет объемов	Нет объемов	Нет объемов	Нет объемов	Нет объемов	Нет объемов	Нет объемов	Нет объемов	Нет объемов	Нет объемов	Нет объемов	Нет объемов	Нет объемов	Нет объемов	Нет объемов	
"Узбекистан"																											8950	Единицы	16670	Единицы	25261	Единицы	21654	Единицы	27067	Единицы	30399	Единицы	Нет объемов	Нет объемов	
"Венесуэла (Боливарианская Республика)"	60893	Единицы	111309	Единицы	129368	Единицы	446468	Тонны	121228	Тонны	4122	Единицы	15044	Единицы	11769	Тонны	28061	Единицы	5048	Единицы	Нет объемов	Нет объемов	Нет объемов	Нет объемов	Нет объемов	Нет объемов	Нет объемов	Нет объемов	Нет объемов	Нет объемов	Нет объемов	Нет объемов	Нет объемов	Нет объемов	Нет объемов	Нет объемов	Нет объемов	Нет объемов	Нет объемов	Нет объемов	
"Южный Судан"																	Нет объемов	Нет объемов	Нет объемов	Нет объемов	Нет объемов	Нет объемов	Нет объемов	Нет объемов	Нет объемов	Нет объемов	Нет объемов	Нет объемов	Нет объемов	Нет объемов	Нет объемов	Нет объемов	Нет объемов	Нет объемов	Нет объемов	Нет объемов	Нет объемов	Нет объемов	Нет объемов	Нет объемов	
"Судан"																	10361	Единицы	9569	Единицы	12175	Единицы	17182	Единицы	11337	Единицы	37187	Тонны	Нет объемов	Нет объемов	Нет объемов	Нет объемов	Нет объемов	Нет объемов	Нет объемов	Нет объемов	Нет объемов	Нет объемов	Нет объемов	Нет объемов	
"Западная Сахара"	1	Единицы			35	Единицы			70	Единицы			10	Единицы	37	Тонны			2	Единицы			Нет объемов	Нет объемов	8	Единицы	Нет объемов	Нет объемов	Нет объемов	Нет объемов	2	Единицы			Нет объемов	Нет объемов	Нет объемов	Нет объемов	Нет объемов	Нет объемов	
"Судан (до 2012)"	Нет объемов	Нет объемов	26565	Единицы	25314	Единицы	Нет объемов	Нет объемов	Нет объемов	Нет объемов	Нет объемов	Нет объемов	152495	Единицы	573338	Единицы																									
"Вьетнам"	27141	Единицы	29448	Единицы	3606	Единицы	10724	Единицы	29314	Тонны	48252	Единицы	36299	Единицы	36533	Тонны	Нет объемов	Нет объемов	16747	Единицы	32567	Единицы	53560	Единицы	53625	Единицы	55047	Единицы	62954	Единицы	105456	Единицы	77398	Единицы	112531	Единицы	200350	Тонны	Нет объемов	Нет объемов	
"Сомали"	1542	Единицы	712	Единицы	216	Единицы	Нет объемов	Нет объемов	Нет объемов	Нет объемов	63	Единицы	Нет объемов	Нет объемов	Нет объемов	Нет объемов	Нет объемов	Нет объемов	Нет объемов	Нет объемов	Нет объемов	Нет объемов	Нет объемов	Нет объемов	Нет объемов	Нет объемов	Нет объемов	Нет объемов	Нет объемов	Нет объемов	Нет объемов	Нет объемов	Нет объемов	Нет объемов	Нет объемов	Нет объемов	Нет объемов	Нет объемов	Нет объемов	Нет объемов	
"Сирийская Арабская Республика"	83548	Единицы	35816	Единицы	48727	Единицы	50594	Единицы	39874	Единицы	87192	Тонны	45995	Единицы	Нет объемов	Нет объемов	Нет объемов	Нет объемов	Нет объемов	Нет объемов	Нет объемов	Нет объемов	Нет объемов	Нет объемов	Нет объемов	Нет объемов	Нет объемов	Нет объемов	Нет объемов	Нет объемов	Нет объемов	Нет объемов	Нет объемов	Нет объемов	Нет объемов	Нет объемов	Нет объемов	Нет объемов	Нет объемов	Нет объемов	
"Суда и бункеры"	Нет объемов	Нет объемов	8	Тонны	Нет объемов	Нет объемов	1981	Единицы	Нет объемов	Нет объемов	1	Единицы	6	Единицы	Нет объемов	Нет объемов	Нет объемов	Нет объемов	Нет объемов	Нет объемов	Нет объемов	Нет объемов	Нет объемов	Нет объемов	Нет объемов	Нет объемов	11	Единицы	22	Единицы	11	Тонны	Нет объемов	Нет объемов	Нет объемов	Нет объемов	Нет объемов	Нет объемов	Нет объемов	Нет объемов	
"Токелау"	Нет объемов	Нет объемов	5	Единицы	225	Единицы	Нет объемов	Нет объемов	Нет объемов	Нет объемов	12	Единицы	20	Единицы	1654	Единицы	Нет объемов	Нет объемов	1	Единицы	67	Единицы	1	Единицы	3	Единицы	5	Единицы	5	Единицы	10	Единицы	7	Единицы	Нет объемов	Нет объемов	6	Единицы	Нет объемов	Нет объемов	
"Объединенные Арабские Эмираты"			256412	Единицы			479833	Единицы	933094	Тонны							535710	Единицы	961400	Тонны	1041818	Тонны	1152121	Тонны	450520	Единицы	1452588	Тонны	1354490	Тонны	1317689	Тонны	352775	Единицы	392557	Единицы	522470	Единицы	Нет объемов	Нет объемов	
"Туркменистан"	Нет объемов	Нет объемов	6420	Единицы	Нет объемов	Нет объемов	26263	Тонны	Нет объемов	Нет объемов	Нет объемов	Нет объемов	9828	Тонны	13150	Тонны	Нет объемов	Нет объемов	Нет объемов	Нет объемов	Нет объемов	Нет объемов	Нет объемов	Нет объемов	Нет объемов	Нет объемов	Нет объемов	Нет объемов	Нет объемов	Нет объемов	Нет объемов	Нет объемов	Нет объемов	Нет объемов	Нет объемов	Нет объемов	Нет объемов	Нет объемов	Нет объемов	Нет объемов	
"Острова Теркс и Кайкос"	Нет объемов	Нет объемов													461	Единицы	917	Единицы	1044	Единицы	Нет объемов	Нет объемов	Нет объемов	Нет объемов	Нет объемов	Нет объемов	Нет объемов	Нет объемов	Нет объемов	Нет объемов	Нет объемов	Нет объемов	Нет объемов	Нет объемов	Нет объемов	Нет объемов	Нет объемов	Нет объемов	Нет объемов	Нет объемов	
"Тувалу"	5	Единицы	8	Тонны	7	Единицы	8	Тонны	Нет объемов	Нет объемов	8	Единицы	Нет объемов	Нет объемов	Нет объемов	Нет объемов	Нет объемов	Нет объемов	Нет объемов	Нет объемов	Нет объемов	Нет объемов	Нет объемов	Нет объемов	Нет объемов	Нет объемов	Нет объемов	Нет объемов	Нет объемов	Нет объемов	Нет объемов	Нет объемов	Нет объемов	Нет объемов	Нет объемов	Нет объемов	Нет объемов	Нет объемов	Нет объемов	Нет объемов	
"Северные Марианские острова"	891	Единицы	558	Единицы	531	Единицы	284	Единицы	379	Единицы	265	Единицы	324	Единицы	Нет объемов	Нет объемов	Нет объемов	Нет объемов	455	Единицы	754	Единицы	Нет объемов	Нет объемов	Нет объемов	Нет объемов	Нет объемов	Нет объемов	Нет объемов	Нет объемов	Нет объемов	Нет объемов	Нет объемов	Нет объемов	Нет объемов	Нет объемов	Нет объемов	Нет объемов	Нет объемов	Нет объемов	
"Микронезия (Федеративные Штаты)"	911	Единицы	829	Единицы	852	Единицы	597	Единицы	624	Единицы	713	Единицы	880	Единицы	658	Тонны	824	Единицы	715	Единицы	Нет объемов	Нет объемов	Нет объемов	Нет объемов	Нет объемов	Нет объемов	Нет объемов	Нет объемов	Нет объемов	Нет объемов	Нет объемов	Нет объемов	Нет объемов	Нет объемов	Нет объемов	Нет объемов	Нет объемов	Нет объемов	Нет объемов	Нет объемов	
"Маршалловы Острова"	147	Единицы	108	Единицы	93	Единицы	98	Единицы	Нет объемов	Нет объемов	251	Тонны	Нет объемов	Нет объемов	343	Тонны	Нет объемов	Нет объемов	268	Единицы	265	Единицы	Нет объемов	Нет объемов	Нет объемов	Нет объемов	Нет объемов	Нет объемов	Нет объемов	Нет объемов	Нет объемов	Нет объемов	Нет объемов	Нет объемов	Нет объемов	Нет объемов	Нет объемов	Нет объемов	Нет объемов	Нет объемов	
"Палау"																	1149	Единицы			2408	Единицы	1499	Единицы	1371	Единицы	1241	Единицы	1148	Единицы	Нет объемов	Нет объемов	Нет объемов	Нет объемов	Нет объемов	Нет объемов	Нет объемов	Нет объемов	Нет объемов	Нет объемов	
"Папуа-Новая Гвинея"	27649	Единицы													15785	Единицы	14938	Единицы													196001	Единицы	0	Смешанный	1382687	Единицы	Нет объемов	Нет объемов	Нет объемов	Нет объемов	
"Питкэрн"	2	Единицы	6	Единицы	5	Единицы	3	Единицы	Нет объемов	Нет объемов	1	Единицы	2	Единицы	Нет объемов	Нет объемов	Нет объемов	Нет объемов	12	Единицы	2	Единицы	Нет объемов	Нет объемов	16	Единицы	44	Единицы	21	Единицы							35	Тонны			
"Саудовская Аравия"	280505	Единицы	434799	Единицы	473259	Единицы	433261	Единицы	969919	Тонны	430149	Единицы	501052	Единицы	985738	Тонны	728793	Единицы	717802	Единицы	732990	Единицы	1378186	Тонны	998123	Тонны	739061	Тонны	462617	Единицы	843715	Тонны	842583	Тонны	901156	Тонны	1151684	Тонны	Нет объемов	Нет объемов	
"Сьерра-Леоне"																					3329	Единицы	11930	Тонны	13973	Тонны	14145	Тонны	16846	Тонны	Нет объемов	Нет объемов	Нет объемов	Нет объемов	Нет объемов	Нет объемов	Нет объемов	Нет объемов	Нет объемов	Нет объемов	
"Катар"	Нет объемов	Нет объемов	228409	Единицы	21812	Единицы	248565	Единицы	316952	Единицы	82197	Тонны	105463	Тонны	98832	Тонны	168121	Тонны	152372	Тонны	158859	Тонны	183212	Тонны			77608	Единицы	62014	Единицы	59263	Тонны	41375	Единицы	54057	Единицы	44389	Единицы	Нет объемов	Нет объемов	
"Гвинея-Бисау"	193	Единицы	214	Единицы															1470	Тонны	1035	Тонны	1528	Тонны	1422	Тонны	1222	Тонны	3314	Тонны	Нет объемов	Нет объемов	Нет объемов	Нет объемов	Нет объемов	Нет объемов	Нет объемов	Нет объемов	Нет объемов	Нет объемов	
"Российская Федерация"	525145	Единицы	773734	Единицы	1051658	Единицы	1601006	Единицы	1993175	Единицы	521341	Единицы	686607	Единицы	983932	Единицы	1078306	Единицы	894111	Единицы	703906	Единицы	342090	Единицы	266879	Единицы	267694	Единицы	293064	Единицы	302521	Единицы	243203	Единицы	339125	Единицы	Нет объемов	Нет объемов	Нет объемов	Нет объемов	
"Руанда"	755	Единицы	1284	Единицы	1103	Единицы	1745	Единицы	5666	Тонны	4093	Тонны	3521	Единицы	2132	Единицы	4069	Единицы	1990	Единицы	2065	Единицы	10004	Тонны	12697	Тонны	16472	Тонны	10900	Тонны	669	Единицы	1016	Единицы	820	Единицы	7152	Единицы	Нет объемов	Нет объемов	
"Остров Святой Елены"	199	Единицы	152	Единицы	221	Единицы	Нет объемов	Нет объемов	Нет объемов	Нет объемов	Нет объемов	Нет объемов	110	Единицы	202	Единицы	157	Единицы	180	Единицы	202	Единицы	Нет объемов	Нет объемов	Нет объемов	Нет объемов	Нет объемов	Нет объемов	Нет объемов	Нет объемов	Нет объемов	Нет объемов	Нет объемов	Нет объемов	Нет объемов	Нет объемов	Нет объемов	Нет объемов	Нет объемов	Нет объемов	
"Сент-Китс и Невис"	916	Единицы	1059	Единицы	4524	Единицы	2893	Единицы	810	Единицы	639	Единицы	541	Единицы	925	Тонны	384	Единицы	542	Единицы	708	Единицы	931	Единицы	1091	Единицы	800	Единицы	Нет объемов	Нет объемов	Нет объемов	Нет объемов	Нет объемов	Нет объемов	Нет объемов	Нет объемов	Нет объемов	Нет объемов	Нет объемов	Нет объемов	
"Ангилья"	511	Единицы	798	Единицы	1009	Единицы	Нет объемов	Нет объемов	Нет объемов	Нет объемов	Нет объемов	Нет объемов	260	Единицы	224	Единицы	864	Единицы	Нет объемов	Нет объемов	203	Тонны	Нет объемов	Нет объемов	Нет объемов	Нет объемов	Нет объемов	Нет объемов	Нет объемов	Нет объемов	Нет объемов	Нет объемов	Нет объемов	Нет объемов	Нет объемов	Нет объемов	Нет объемов	Нет объемов	Нет объемов	Нет объемов	
"Сент-Люсия"	1038	Единицы	2525	Единицы	2335	Единицы	3102	Единицы	2261	Единицы							1175	Единицы	817	Тонны	1295	Тонны	1949	Тонны	2985	Тонны	3635	Тонны	2788	Единицы	2844	Единицы	2844	Тонны	Нет объемов	Нет объемов	Нет объемов	Нет объемов	Нет объемов	Нет объемов	
"Сен-Пьер и Микелон"	146	Единицы	120	Единицы	246	Единицы	Нет объемов	Нет объемов	Нет объемов	Нет объемов	Нет объемов	Нет объемов	Нет объемов	Нет объемов	276	Тонны	Нет объемов	Нет объемов	Нет объемов	Нет объемов	Нет объемов	Нет объемов	Нет объемов	Нет объемов	Нет объемов	Нет объемов	Нет объемов	Нет объемов	Нет объемов	Нет объемов	Нет объемов	Нет объемов	Нет объемов	Нет объемов	Нет объемов	Нет объемов	Нет объемов	Нет объемов	Нет объемов	Нет объемов	
