"country","variable","Unit","Date","Value"
"Argentina","Car Production","Number","1999","224733"
"Argentina","Car Production","Number","2000","238921"
"Argentina","Car Production","Number","2001","169580"
"Argentina","Car Production","Number","2002","111340"
"Argentina","Car Production","Number","2003","109364"
"Argentina","Car Production","Number","2004","171400"
"Argentina","Car Production","Number","2005","182761"
"Argentina","Car Production","Number","2006","263120"
"Argentina","Car Production","Number","2007","350735"
"Argentina","Car Production","Number","2008","399236"
"Argentina","Car Production","Number","2009","380067"
"Argentina","Car Production","Number","2010","508401"
"Argentina","Car Production","Number","2011","577233"
"Argentina","Car Production","Number","2012","497376"
"Argentina","Car Production","Number","2013","506539"
"Argentina","Car Production","Number","2014","363711"
"Argentina","Car Production","Number","2015","308756"
"Argentina","Car Production","Number","2016","241315"
"Argentina","Car Production","Number","2017","203700"
"Argentina","Car Production","Number","2018","208573"
"Argentina","Car Production","Number","2019","108364"
"Argentina","Car Production","Number","2020","93001"
"Argentina","Car Production","Number","2021","184106"
"Argentina","Car Production","Number","2022","257505"
"Argentina","Car Production","Number","2023","304783"
"Australia","Car Production","Number","1999","281417"
"Australia","Car Production","Number","2000","323649"
"Australia","Car Production","Number","2001","285870"
"Australia","Car Production","Number","2002","306876"
"Australia","Car Production","Number","2003","365611"
"Australia","Car Production","Number","2004","337510"
"Australia","Car Production","Number","2005","316414"
"Australia","Car Production","Number","2006","270000"
"Australia","Car Production","Number","2007","283348"
"Australia","Car Production","Number","2008","285590"
"Australia","Car Production","Number","2009","188158"
"Australia","Car Production","Number","2010","205334"
"Australia","Car Production","Number","2011","189503"
"Australia","Car Production","Number","2012","178480"
"Australia","Car Production","Number","2013","185427"
"Australia","Car Production","Number","2014","145607"
"Australia","Car Production","Number","2015","159872"
"Australia","Car Production","Number","2016","149000"
"Australia","Car Production","Number","2017","88195"
"Austria","Car Production","Number","1999","123586"
"Austria","Car Production","Number","2000","115979"
"Austria","Car Production","Number","2001","131098"
"Austria","Car Production","Number","2002","132768"
"Austria","Car Production","Number","2003","118650"
"Austria","Car Production","Number","2004","227244"
"Austria","Car Production","Number","2005","230505"
"Austria","Car Production","Number","2006","248059"
"Austria","Car Production","Number","2007","199969"
"Austria","Car Production","Number","2008","125836"
"Austria","Car Production","Number","2009","56620"
"Austria","Car Production","Number","2010","86183"
"Austria","Car Production","Number","2011","130343"
"Austria","Car Production","Number","2012","124000"
"Austria","Car Production","Number","2013","148320"
"Austria","Car Production","Number","2014","135000"
"Austria","Car Production","Number","2015","109000"
"Austria","Car Production","Number","2016","90000"
"Austria","Car Production","Number","2017","81000"
"Austria","Car Production","Number","2018","144500"
"Austria","Car Production","Number","2019","158400"
"Austria","Car Production","Number","2020","104544"
"Austria","Car Production","Number","2021","124700"
"Austria","Car Production","Number","2022","107500"
"Austria","Car Production","Number","2023","102291"
"Belgium","Car Production","Number","1999","917513"
"Belgium","Car Production","Number","2000","912233"
"Belgium","Car Production","Number","2001","1058656"
"Belgium","Car Production","Number","2002","936903"
"Belgium","Car Production","Number","2003","791703"
"Belgium","Car Production","Number","2004","857119"
"Belgium","Car Production","Number","2005","895788"
"Belgium","Car Production","Number","2006","881929"
"Belgium","Car Production","Number","2007","789674"
"Belgium","Car Production","Number","2008","680131"
"Belgium","Car Production","Number","2009","524595"
"Belgium","Car Production","Number","2010","528996"
"Belgium","Car Production","Number","2011","560779"
"Belgium","Car Production","Number","2012","507204"
"Belgium","Car Production","Number","2013","449600"
"Belgium","Car Production","Number","2014","481637"
"Belgium","Car Production","Number","2015","369172"
"Belgium","Car Production","Number","2016","354003"
"Belgium","Car Production","Number","2017","336000"
"Belgium","Car Production","Number","2018","265958"
"Belgium","Car Production","Number","2019","247020"
"Belgium","Car Production","Number","2020","237057"
"Belgium","Car Production","Number","2021","224180"
"Belgium","Car Production","Number","2022","232100"
"Belgium","Car Production","Number","2023","285159"
"Brazil","Car Production","Number","1999","1107751"
"Brazil","Car Production","Number","2000","1351998"
"Brazil","Car Production","Number","2001","1501586"
"Brazil","Car Production","Number","2002","1520285"
"Brazil","Car Production","Number","2003","1505139"
"Brazil","Car Production","Number","2004","1862780"
"Brazil","Car Production","Number","2005","2009494"
"Brazil","Car Production","Number","2006","2092029"
"Brazil","Car Production","Number","2007","2391354"
"Brazil","Car Production","Number","2008","2545729"
"Brazil","Car Production","Number","2009","2575418"
"Brazil","Car Production","Number","2010","2584690"
"Brazil","Car Production","Number","2011","2534534"
"Brazil","Car Production","Number","2012","2623704"
"Brazil","Car Production","Number","2013","2742309"
"Brazil","Car Production","Number","2014","2314789"
"Brazil","Car Production","Number","2015","2018954"
"Brazil","Car Production","Number","2016","1778464"
"Brazil","Car Production","Number","2017","2269468"
"Brazil","Car Production","Number","2018","2386758"
"Brazil","Car Production","Number","2019","2448490"
"Brazil","Car Production","Number","2020","1608870"
"Brazil","Car Production","Number","2021","1707851"
"Brazil","Car Production","Number","2022","1824833"
"Brazil","Car Production","Number","2023","1781612"
"Canada","Car Production","Number","1999","1626316"
"Canada","Car Production","Number","2000","1550500"
"Canada","Car Production","Number","2001","1274853"
"Canada","Car Production","Number","2002","1369042"
"Canada","Car Production","Number","2003","1340175"
"Canada","Car Production","Number","2004","1335516"
"Canada","Car Production","Number","2005","1356198"
"Canada","Car Production","Number","2006","1389536"
"Canada","Car Production","Number","2007","1342133"
"Canada","Car Production","Number","2008","1195436"
"Canada","Car Production","Number","2009","822267"
"Canada","Car Production","Number","2010","967077"
"Canada","Car Production","Number","2011","990483"
"Canada","Car Production","Number","2012","1040298"
"Canada","Car Production","Number","2013","965191"
"Canada","Car Production","Number","2014","913533"
"Canada","Car Production","Number","2015","888565"
"Canada","Car Production","Number","2016","802057"
"Canada","Car Production","Number","2017","749458"
"Canada","Car Production","Number","2018","655896"
"Canada","Car Production","Number","2019","461370"
"Canada","Car Production","Number","2020","327681"
"Canada","Car Production","Number","2021","288235"
"Canada","Car Production","Number","2022","289371"
"Canada","Car Production","Number","2023","376888"
"China","Car Production","Number","1999","565366"
"China","Car Production","Number","2000","604677"
"China","Car Production","Number","2001","703521"
"China","Car Production","Number","2002","1101696"
"China","Car Production","Number","2003","2018875"
"China","Car Production","Number","2004","2480231"
"China","Car Production","Number","2005","3078153"
"China","Car Production","Number","2006","5233132"
"China","Car Production","Number","2007","6381116"
"China","Car Production","Number","2008","6737745"
"China","Car Production","Number","2009","10383831"
"China","Car Production","Number","2010","13897083"
"China","Car Production","Number","2011","14485326"
"China","Car Production","Number","2012","15523658"
"China","Car Production","Number","2013","18085213"
"China","Car Production","Number","2014","19919795"
"China","Car Production","Number","2015","21079427"
"China","Car Production","Number","2016","24420744"
"China","Car Production","Number","2017","24806687"
"China","Car Production","Number","2018","23529423"
"China","Car Production","Number","2019","21360193"
"China","Car Production","Number","2020","19994081"
"China","Car Production","Number","2021","21407962"
"China","Car Production","Number","2022","23836083"
"China","Car Production","Number","2023","26123757"
"Colombia","Car Production","Number","2018","69000"
"Czech Republic","Car Production","Number","1999","348482"
"Czech Republic","Car Production","Number","2000","428224"
"Czech Republic","Car Production","Number","2001","456927"
"Czech Republic","Car Production","Number","2002","441312"
"Czech Republic","Car Production","Number","2003","436279"
"Czech Republic","Car Production","Number","2004","443065"
"Czech Republic","Car Production","Number","2005","599472"
"Czech Republic","Car Production","Number","2006","848922"
"Czech Republic","Car Production","Number","2007","925060"
"Czech Republic","Car Production","Number","2008","934046"
"Czech Republic","Car Production","Number","2009","976435"
"Czech Republic","Car Production","Number","2010","1069518"
"Czech Republic","Car Production","Number","2011","1191968"
"Czech Republic","Car Production","Number","2012","1171774"
"Czech Republic","Car Production","Number","2013","1128473"
"Czech Republic","Car Production","Number","2014","1246506"
"Czech Republic","Car Production","Number","2015","1298236"
"Czech Republic","Car Production","Number","2016","1344182"
"Czech Republic","Car Production","Number","2017","1413881"
"Czech Republic","Car Production","Number","2018","1345041"
"Czech Republic","Car Production","Number","2019","1427563"
"Czech Republic","Car Production","Number","2020","1152901"
"Czech Republic","Car Production","Number","2021","1105223"
"Czech Republic","Car Production","Number","2022","1217787"
"Czech Republic","Car Production","Number","2023","1397816"
"Egypt","Car Production","Number","1999","45416"
"Egypt","Car Production","Number","2000","39616"
"Egypt","Car Production","Number","2001","37006"
"Egypt","Car Production","Number","2002","27422"
"Egypt","Car Production","Number","2003","32581"
"Egypt","Car Production","Number","2004","34591"
"Egypt","Car Production","Number","2005","48034"
"Egypt","Car Production","Number","2006","59462"
"Egypt","Car Production","Number","2007","68934"
"Egypt","Car Production","Number","2008","72485"
"Egypt","Car Production","Number","2009","60249"
"Egypt","Car Production","Number","2010","76412"
"Egypt","Car Production","Number","2011","53072"
"Egypt","Car Production","Number","2012","36880"
"Egypt","Car Production","Number","2013","25650"
"Egypt","Car Production","Number","2014","17542"
"Egypt","Car Production","Number","2015","12000"
"Egypt","Car Production","Number","2016","10930"
"Egypt","Car Production","Number","2017","9970"
"Egypt","Car Production","Number","2018","19500"
"Egypt","Car Production","Number","2019","18500"
"Egypt","Car Production","Number","2020","23754"
"Egypt","Car Production","Number","2021","23754"
"Finland","Car Production","Number","1999","33903"
"Finland","Car Production","Number","2000","38468"
"Finland","Car Production","Number","2001","41916"
"Finland","Car Production","Number","2002","41068"
"Finland","Car Production","Number","2003","19226"
"Finland","Car Production","Number","2004","10051"
"Finland","Car Production","Number","2005","21233"
"Finland","Car Production","Number","2006","32417"
"Finland","Car Production","Number","2007","24000"
"Finland","Car Production","Number","2008","17519"
"Finland","Car Production","Number","2009","10907"
"Finland","Car Production","Number","2010","6385"
"Finland","Car Production","Number","2011","2540"
"Finland","Car Production","Number","2012","2900"
"Finland","Car Production","Number","2013","3330"
"Finland","Car Production","Number","2014","45000"
"Finland","Car Production","Number","2015","69000"
"Finland","Car Production","Number","2016","55280"
"Finland","Car Production","Number","2017","91598"
"Finland","Car Production","Number","2018","112104"
"Finland","Car Production","Number","2019","114785"
"Finland","Car Production","Number","2020","86270"
"Finland","Car Production","Number","2021","93172"
"Finland","Car Production","Number","2022","73044"
"Finland","Car Production","Number","2023","30191"
"France","Car Production","Number","1999","2784469"
"France","Car Production","Number","2000","2879810"
"France","Car Production","Number","2001","3181549"
"France","Car Production","Number","2002","3292797"
"France","Car Production","Number","2003","3220329"
"France","Car Production","Number","2004","3227416"
"France","Car Production","Number","2005","3112961"
"France","Car Production","Number","2006","2723196"
"France","Car Production","Number","2007","2550869"
"France","Car Production","Number","2008","2145935"
"France","Car Production","Number","2009","1819497"
"France","Car Production","Number","2010","1924171"
"France","Car Production","Number","2011","1931030"
"France","Car Production","Number","2012","1682814"
"France","Car Production","Number","2013","1460000"
"France","Car Production","Number","2014","1499464"
"France","Car Production","Number","2015","1553800"
"France","Car Production","Number","2016","1626000"
"France","Car Production","Number","2017","1748000"
"France","Car Production","Number","2018","1763000"
"France","Car Production","Number","2019","1675198"
"France","Car Production","Number","2020","927718"
"France","Car Production","Number","2021","917907"
"France","Car Production","Number","2022","1010466"
"France","Car Production","Number","2023","1026690"
"Germany","Car Production","Number","1999","5309524"
"Germany","Car Production","Number","2000","5131918"
"Germany","Car Production","Number","2001","5301189"
"Germany","Car Production","Number","2002","5123238"
"Germany","Car Production","Number","2003","5145403"
"Germany","Car Production","Number","2004","5192101"
"Germany","Car Production","Number","2005","5350187"
"Germany","Car Production","Number","2006","5398508"
"Germany","Car Production","Number","2007","5709139"
"Germany","Car Production","Number","2008","5532030"
"Germany","Car Production","Number","2009","4964523"
"Germany","Car Production","Number","2010","5552409"
"Germany","Car Production","Number","2011","5871918"
"Germany","Car Production","Number","2012","5388456"
"Germany","Car Production","Number","2013","5439904"
"Germany","Car Production","Number","2014","5604026"
"Germany","Car Production","Number","2015","5707938"
"Germany","Car Production","Number","2016","5746808"
"Germany","Car Production","Number","2017","5645581"
"Germany","Car Production","Number","2018","5120409"
"Germany","Car Production","Number","2019","4661328"
"Germany","Car Production","Number","2020","3515372"
"Germany","Car Production","Number","2021","3096165"
"Germany","Car Production","Number","2022","3480357"
"Germany","Car Production","Number","2023","4109371"
"Hungary","Car Production","Number","1999","125889"
"Hungary","Car Production","Number","2000","134029"
"Hungary","Car Production","Number","2001","140401"
"Hungary","Car Production","Number","2002","138239"
"Hungary","Car Production","Number","2003","122338"
"Hungary","Car Production","Number","2004","118590"
"Hungary","Car Production","Number","2005","148533"
"Hungary","Car Production","Number","2006","187633"
"Hungary","Car Production","Number","2007","287982"
"Hungary","Car Production","Number","2008","342359"
"Hungary","Car Production","Number","2009","212773"
"Hungary","Car Production","Number","2010","208571"
"Hungary","Car Production","Number","2011","211218"
"Hungary","Car Production","Number","2012","215440"
"Hungary","Car Production","Number","2013","220000"
"Hungary","Car Production","Number","2014","434069"
"Hungary","Car Production","Number","2015","491720"
"Hungary","Car Production","Number","2016","472000"
"Hungary","Car Production","Number","2017","502000"
"Hungary","Car Production","Number","2018","430988"
"Hungary","Car Production","Number","2019","498158"
"Hungary","Car Production","Number","2020","406497"
"Hungary","Car Production","Number","2021","394302"
"Hungary","Car Production","Number","2022","441729"
"Hungary","Car Production","Number","2023","507225"
"India","Car Production","Number","1999","533149"
"India","Car Production","Number","2000","517957"
"India","Car Production","Number","2001","654557"
"India","Car Production","Number","2002","703948"
"India","Car Production","Number","2003","907968"
"India","Car Production","Number","2004","1178354"
"India","Car Production","Number","2005","1264000"
"India","Car Production","Number","2006","1473000"
"India","Car Production","Number","2007","1713479"
"India","Car Production","Number","2008","1846051"
"India","Car Production","Number","2009","2175220"
"India","Car Production","Number","2010","2831542"
"India","Car Production","Number","2011","3038332"
"India","Car Production","Number","2012","3285496"
"India","Car Production","Number","2013","3138988"
"India","Car Production","Number","2014","3158215"
"India","Car Production","Number","2015","3378063"
"India","Car Production","Number","2016","3677605"
"India","Car Production","Number","2017","3952550"
"India","Car Production","Number","2018","4064774"
"India","Car Production","Number","2019","3623335"
"India","Car Production","Number","2020","2851268"
"India","Car Production","Number","2021","3631095"
"India","Car Production","Number","2022","4439039"
"India","Car Production","Number","2023","4783628"
"Indonesia","Car Production","Number","1999","76715"
"Indonesia","Car Production","Number","2000","257058"
"Indonesia","Car Production","Number","2001","32237"
"Indonesia","Car Production","Number","2002","193492"
"Indonesia","Car Production","Number","2003","203196"
"Indonesia","Car Production","Number","2004","262752"
"Indonesia","Car Production","Number","2005","233492"
"Indonesia","Car Production","Number","2006","256285"
"Indonesia","Car Production","Number","2007","309208"
"Indonesia","Car Production","Number","2008","431423"
"Indonesia","Car Production","Number","2009","352172"
"Indonesia","Car Production","Number","2010","496524"
"Indonesia","Car Production","Number","2011","561863"
"Indonesia","Car Production","Number","2012","743501"
"Indonesia","Car Production","Number","2013","925111"
"Indonesia","Car Production","Number","2014","1011260"
"Indonesia","Car Production","Number","2015","824445"
"Indonesia","Car Production","Number","2016","968101"
"Indonesia","Car Production","Number","2017","982356"
"Indonesia","Car Production","Number","2018","1055774"
"Indonesia","Car Production","Number","2019","1045666"
"Indonesia","Car Production","Number","2020","551400"
"Indonesia","Car Production","Number","2021","889756"
"Indonesia","Car Production","Number","2022","1214250"
"Indonesia","Car Production","Number","2023","1180355"
"Iran","Car Production","Number","1999","119419"
"Iran","Car Production","Number","2000","274985"
"Iran","Car Production","Number","2001","316334"
"Iran","Car Production","Number","2002","439116"
"Iran","Car Production","Number","2003","516930"
"Iran","Car Production","Number","2004","707773"
"Iran","Car Production","Number","2005","725000"
"Iran","Car Production","Number","2006","800000"
"Iran","Car Production","Number","2007","882000"
"Iran","Car Production","Number","2008","940870"
"Iran","Car Production","Number","2009","1170503"
"Iran","Car Production","Number","2010","1367014"
"Iran","Car Production","Number","2011","1413276"
"Iran","Car Production","Number","2012","848000"
"Iran","Car Production","Number","2013","630639"
"Iran","Car Production","Number","2014","925975"
"Iran","Car Production","Number","2015","884866"
"Iran","Car Production","Number","2016","1074000"
"Iran","Car Production","Number","2017","1418550"
"Iran","Car Production","Number","2018","1027313"
"Iran","Car Production","Number","2019","770000"
"Iran","Car Production","Number","2020","826210"
"Italy","Car Production","Number","1999","1410459"
"Italy","Car Production","Number","2000","1422284"
"Italy","Car Production","Number","2001","1271780"
"Italy","Car Production","Number","2002","1125769"
"Italy","Car Production","Number","2003","1026454"
"Italy","Car Production","Number","2004","833578"
"Italy","Car Production","Number","2005","725528"
"Italy","Car Production","Number","2006","892502"
"Italy","Car Production","Number","2007","910860"
"Italy","Car Production","Number","2008","659221"
"Italy","Car Production","Number","2009","661100"
"Italy","Car Production","Number","2010","573169"
"Italy","Car Production","Number","2011","485606"
"Italy","Car Production","Number","2012","396817"
"Italy","Car Production","Number","2013","388465"
"Italy","Car Production","Number","2014","401317"
"Italy","Car Production","Number","2015","663139"
"Italy","Car Production","Number","2016","713182"
"Italy","Car Production","Number","2017","742642"
"Italy","Car Production","Number","2018","670932"
"Italy","Car Production","Number","2019","542007"
"Italy","Car Production","Number","2020","451826"
"Italy","Car Production","Number","2021","442432"
"Italy","Car Production","Number","2022","473194"
"Italy","Car Production","Number","2023","541953"
"Kazakhstan","Car Production","Number","2020","64790"
"Kazakhstan","Car Production","Number","2021","80679"
"Kazakhstan","Car Production","Number","2022","103345"
"Kazakhstan","Car Production","Number","2023","134054"
"Japan","Car Production","Number","1999","8100169"
"Japan","Car Production","Number","2000","8359434"
"Japan","Car Production","Number","2001","8117563"
"Japan","Car Production","Number","2002","8618354"
"Japan","Car Production","Number","2003","8478328"
"Japan","Car Production","Number","2004","8720385"
"Japan","Car Production","Number","2005","9016735"
"Japan","Car Production","Number","2006","9756515"
"Japan","Car Production","Number","2007","9944637"
"Japan","Car Production","Number","2008","9928143"
"Japan","Car Production","Number","2009","6862161"
"Japan","Car Production","Number","2010","8310362"
"Japan","Car Production","Number","2011","7158525"
"Japan","Car Production","Number","2012","8554219"
"Japan","Car Production","Number","2013","8189323"
"Japan","Car Production","Number","2014","8277070"
"Japan","Car Production","Number","2015","7830722"
"Japan","Car Production","Number","2016","7873886"
"Japan","Car Production","Number","2017","8347836"
"Japan","Car Production","Number","2018","8358220"
"Japan","Car Production","Number","2019","8328756"
"Japan","Car Production","Number","2020","6960025"
"Japan","Car Production","Number","2021","6619242"
"Japan","Car Production","Number","2022","6566356"
"Japan","Car Production","Number","2023","7765428"
"Malaysia","Car Production","Number","1999","237998"
"Malaysia","Car Production","Number","2000","280283"
"Malaysia","Car Production","Number","2001","344686"
"Malaysia","Car Production","Number","2002","380000"
"Malaysia","Car Production","Number","2003","324911"
"Malaysia","Car Production","Number","2004","364852"
"Malaysia","Car Production","Number","2005","405000"
"Malaysia","Car Production","Number","2006","377952"
"Malaysia","Car Production","Number","2007","347971"
"Malaysia","Car Production","Number","2008","484512"
"Malaysia","Car Production","Number","2009","447002"
"Malaysia","Car Production","Number","2010","522568"
"Malaysia","Car Production","Number","2011","488441"
"Malaysia","Car Production","Number","2012","510400"
"Malaysia","Car Production","Number","2013","540200"
"Malaysia","Car Production","Number","2014","547150"
"Malaysia","Car Production","Number","2015","558324"
"Malaysia","Car Production","Number","2016","469720"
"Malaysia","Car Production","Number","2017","424880"
"Malaysia","Car Production","Number","2018","522000"
"Malaysia","Car Production","Number","2019","534115"
"Malaysia","Car Production","Number","2020","457755"
"Malaysia","Car Production","Number","2021","446431"
"Malaysia","Car Production","Number","2022","650190"
"Malaysia","Car Production","Number","2023","724891"
"Mexico","Car Production","Number","1999","993772"
"Mexico","Car Production","Number","2000","1279089"
"Mexico","Car Production","Number","2001","1000715"
"Mexico","Car Production","Number","2002","960097"
"Mexico","Car Production","Number","2003","774048"
"Mexico","Car Production","Number","2004","903313"
"Mexico","Car Production","Number","2005","989840"
"Mexico","Car Production","Number","2006","1097619"
"Mexico","Car Production","Number","2007","1209097"
"Mexico","Car Production","Number","2008","1217458"
"Mexico","Car Production","Number","2009","942876"
"Mexico","Car Production","Number","2010","1386148"
"Mexico","Car Production","Number","2011","1657080"
"Mexico","Car Production","Number","2012","1810007"
"Mexico","Car Production","Number","2013","1771987"
"Mexico","Car Production","Number","2014","1915709"
"Mexico","Car Production","Number","2015","1968054"
"Mexico","Car Production","Number","2016","1993168"
"Mexico","Car Production","Number","2017","1900029"
"Mexico","Car Production","Number","2018","1575808"
"Mexico","Car Production","Number","2019","1382714"
"Mexico","Car Production","Number","2020","967479"
"Mexico","Car Production","Number","2021","708242"
"Mexico","Car Production","Number","2022","658001"
"Mexico","Car Production","Number","2023","903753"
"Morocco","Car Production","Number","2017","341802"
"Morocco","Car Production","Number","2018","368601"
"Morocco","Car Production","Number","2019","360110"
"Morocco","Car Production","Number","2020","221299"
"Morocco","Car Production","Number","2021","338339"
"Morocco","Car Production","Number","2022","404742"
"Morocco","Car Production","Number","2023","471950"
"Netherlands","Car Production","Number","1999","262242"
"Netherlands","Car Production","Number","2000","215085"
"Netherlands","Car Production","Number","2001","189261"
"Netherlands","Car Production","Number","2002","182368"
"Netherlands","Car Production","Number","2003","163080"
"Netherlands","Car Production","Number","2004","187600"
"Netherlands","Car Production","Number","2005","115121"
"Netherlands","Car Production","Number","2006","87332"
"Netherlands","Car Production","Number","2007","61912"
"Netherlands","Car Production","Number","2008","59223"
"Netherlands","Car Production","Number","2009","50620"
"Netherlands","Car Production","Number","2010","48025"
"Netherlands","Car Production","Number","2011","40772"
"Netherlands","Car Production","Number","2012","28000"
"Netherlands","Car Production","Number","2013","0"
"Netherlands","Car Production","Number","2014","0"
"Netherlands","Car Production","Number","2015","41870"
"Netherlands","Car Production","Number","2016","42150"
"Netherlands","Car Production","Number","2017","155000"
"Poland","Car Production","Number","1999","546843"
"Poland","Car Production","Number","2000","481689"
"Poland","Car Production","Number","2001","335996"
"Poland","Car Production","Number","2002","287534"
"Poland","Car Production","Number","2003","306847"
"Poland","Car Production","Number","2004","523000"
"Poland","Car Production","Number","2005","540000"
"Poland","Car Production","Number","2006","632300"
"Poland","Car Production","Number","2007","695000"
"Poland","Car Production","Number","2008","842000"
"Poland","Car Production","Number","2009","818800"
"Poland","Car Production","Number","2010","785000"
"Poland","Car Production","Number","2011","722285"
"Poland","Car Production","Number","2012","540000"
"Poland","Car Production","Number","2013","475000"
"Poland","Car Production","Number","2014","473000"
"Poland","Car Production","Number","2015","534700"
"Poland","Car Production","Number","2016","554600"
"Poland","Car Production","Number","2017","514700"
"Poland","Car Production","Number","2018","451600"
"Poland","Car Production","Number","2019","434700"
"Poland","Car Production","Number","2020","278900"
"Poland","Car Production","Number","2021","260800"
"Poland","Car Production","Number","2022","255100"
"Poland","Car Production","Number","2023","299300"
"Portugal","Car Production","Number","1999","186996"
"Portugal","Car Production","Number","2000","178509"
"Portugal","Car Production","Number","2001","177357"
"Portugal","Car Production","Number","2002","182573"
"Portugal","Car Production","Number","2003","165576"
"Portugal","Car Production","Number","2004","150781"
"Portugal","Car Production","Number","2005","137602"
"Portugal","Car Production","Number","2006","143478"
"Portugal","Car Production","Number","2007","134047"
"Portugal","Car Production","Number","2008","132242"
"Portugal","Car Production","Number","2009","101680"
"Portugal","Car Production","Number","2010","114563"
"Portugal","Car Production","Number","2011","141779"
"Portugal","Car Production","Number","2012","115735"
"Portugal","Car Production","Number","2013","109698"
"Portugal","Car Production","Number","2014","117744"
"Portugal","Car Production","Number","2015","115468"
"Portugal","Car Production","Number","2016","99200"
"Portugal","Car Production","Number","2017","126426"
"Portugal","Car Production","Number","2018","234151"
"Portugal","Car Production","Number","2019","282142"
"Portugal","Car Production","Number","2020","211281"
"Portugal","Car Production","Number","2021","229221"
"Portugal","Car Production","Number","2022","256018"
"Portugal","Car Production","Number","2023","243201"
"Romania","Car Production","Number","1999","88313"
"Romania","Car Production","Number","2000","64181"
"Romania","Car Production","Number","2001","56774"
"Romania","Car Production","Number","2002","65266"
"Romania","Car Production","Number","2003","75706"
"Romania","Car Production","Number","2004","98997"
"Romania","Car Production","Number","2005","174538"
"Romania","Car Production","Number","2006","201663"
"Romania","Car Production","Number","2007","234103"
"Romania","Car Production","Number","2008","231056"
"Romania","Car Production","Number","2009","279320"
"Romania","Car Production","Number","2010","323587"
"Romania","Car Production","Number","2011","310243"
"Romania","Car Production","Number","2012","326556"
"Romania","Car Production","Number","2013","410959"
"Romania","Car Production","Number","2014","391422"
"Romania","Car Production","Number","2015","387171"
"Romania","Car Production","Number","2016","358861"
"Romania","Car Production","Number","2017","359240"
"Romania","Car Production","Number","2018","476769"
"Romania","Car Production","Number","2019","490412"
"Romania","Car Production","Number","2020","438107"
"Romania","Car Production","Number","2021","420755"
"Romania","Car Production","Number","2022","509465"
"Romania","Car Production","Number","2023","513050"
"Russia","Car Production","Number","1999","943732"
"Russia","Car Production","Number","2000","969235"
"Russia","Car Production","Number","2001","1021682"
"Russia","Car Production","Number","2002","980061"
"Russia","Car Production","Number","2003","1010436"
"Russia","Car Production","Number","2004","1110079"
"Russia","Car Production","Number","2005","1068145"
"Russia","Car Production","Number","2006","1177918"
"Russia","Car Production","Number","2007","1288652"
"Russia","Car Production","Number","2008","1469429"
"Russia","Car Production","Number","2009","599265"
"Russia","Car Production","Number","2010","1208362"
"Russia","Car Production","Number","2011","1738163"
"Russia","Car Production","Number","2012","1968789"
"Russia","Car Production","Number","2013","1919636"
"Russia","Car Production","Number","2014","1692505"
"Russia","Car Production","Number","2015","1214849"
"Russia","Car Production","Number","2016","1124774"
"Russia","Car Production","Number","2017","1348029"
"Russia","Car Production","Number","2018","1563572"
"Russia","Car Production","Number","2019","1523594"
"Russia","Car Production","Number","2020","1260517"
"Russia","Car Production","Number","2021","1352740"
"Russia","Car Production","Number","2022","448897"
"Russia","Car Production","Number","2023","526439"
"Serbia","Car Production","Number","1999","3816"
"Serbia","Car Production","Number","2000","11091"
"Serbia","Car Production","Number","2001","7489"
"Serbia","Car Production","Number","2002","10271"
"Serbia","Car Production","Number","2003","12996"
"Serbia","Car Production","Number","2004","13266"
"Serbia","Car Production","Number","2005","12574"
"Serbia","Car Production","Number","2006","9832"
"Serbia","Car Production","Number","2007","8236"
"Serbia","Car Production","Number","2008","9818"
"Serbia","Car Production","Number","2009","16337"
"Serbia","Car Production","Number","2010","17384"
"Serbia","Car Production","Number","2011","25494"
"Serbia","Car Production","Number","2012","10227"
"Serbia","Car Production","Number","2013","10100"
"Serbia","Car Production","Number","2014","101576"
"Serbia","Car Production","Number","2015","82400"
"Serbia","Car Production","Number","2016","79360"
"Serbia","Car Production","Number","2017","79360"
"Serbia","Car Production","Number","2018","56303"
"Serbia","Car Production","Number","2019","34985"
"Serbia","Car Production","Number","2020","23272"
"Serbia","Car Production","Number","2021","21109"
"Serbia","Car Production","Number","2022","4358"
"Slovakia","Car Production","Number","1999","126503"
"Slovakia","Car Production","Number","2000","181333"
"Slovakia","Car Production","Number","2001","181644"
"Slovakia","Car Production","Number","2002","225442"
"Slovakia","Car Production","Number","2003","281160"
"Slovakia","Car Production","Number","2004","223542"
"Slovakia","Car Production","Number","2005","218349"
"Slovakia","Car Production","Number","2006","295391"
"Slovakia","Car Production","Number","2007","571071"
"Slovakia","Car Production","Number","2008","575776"
"Slovakia","Car Production","Number","2009","461340"
"Slovakia","Car Production","Number","2010","561933"
"Slovakia","Car Production","Number","2011","639763"
"Slovakia","Car Production","Number","2012","900000"
"Slovakia","Car Production","Number","2013","975000"
"Slovakia","Car Production","Number","2014","971160"
"Slovakia","Car Production","Number","2015","1000001"
"Slovakia","Car Production","Number","2016","1040000"
"Slovakia","Car Production","Number","2017","1001520"
"Slovakia","Car Production","Number","2018","1090000"
"Slovakia","Car Production","Number","2019","1100000"
"Slovakia","Car Production","Number","2020","985000"
"Slovakia","Car Production","Number","2021","1000000"
"Slovakia","Car Production","Number","2022","1000000"
"Slovakia","Car Production","Number","2023","1080000"
"Slovenia","Car Production","Number","1999","118132"
"Slovenia","Car Production","Number","2000","122949"
"Slovenia","Car Production","Number","2001","116082"
"Slovenia","Car Production","Number","2002","126661"
"Slovenia","Car Production","Number","2003","110597"
"Slovenia","Car Production","Number","2004","116609"
"Slovenia","Car Production","Number","2005","138393"
"Slovenia","Car Production","Number","2006","115000"
"Slovenia","Car Production","Number","2007","174209"
"Slovenia","Car Production","Number","2008","180233"
"Slovenia","Car Production","Number","2009","202570"
"Slovenia","Car Production","Number","2010","201039"
"Slovenia","Car Production","Number","2011","168955"
"Slovenia","Car Production","Number","2012","126836"
"Slovenia","Car Production","Number","2013","89395"
"Slovenia","Car Production","Number","2014","118533"
"Slovenia","Car Production","Number","2015","133092"
"Slovenia","Car Production","Number","2016","133702"
"Slovenia","Car Production","Number","2017","189852"
"Slovenia","Car Production","Number","2018","209378"
"Slovenia","Car Production","Number","2019","199102"
"Slovenia","Car Production","Number","2020","141714"
"Slovenia","Car Production","Number","2021","95797"
"Slovenia","Car Production","Number","2022","68130"
"Slovenia","Car Production","Number","2023","60881"
"South Africa","Car Production","Number","1999","214694"
"South Africa","Car Production","Number","2000","230577"
"South Africa","Car Production","Number","2001","270538"
"South Africa","Car Production","Number","2002","276499"
"South Africa","Car Production","Number","2003","291249"
"South Africa","Car Production","Number","2004","300963"
"South Africa","Car Production","Number","2005","324875"
"South Africa","Car Production","Number","2006","334482"
"South Africa","Car Production","Number","2007","276018"
"South Africa","Car Production","Number","2008","321124"
"South Africa","Car Production","Number","2009","222981"
"South Africa","Car Production","Number","2010","295394"
"South Africa","Car Production","Number","2011","312265"
"South Africa","Car Production","Number","2012","274873"
"South Africa","Car Production","Number","2013","265257"
"South Africa","Car Production","Number","2014","277491"
"South Africa","Car Production","Number","2015","341025"
"South Africa","Car Production","Number","2016","335539"
"South Africa","Car Production","Number","2017","321358"
"South Africa","Car Production","Number","2018","321097"
"South Africa","Car Production","Number","2019","348665"
"South Africa","Car Production","Number","2020","238216"
"South Africa","Car Production","Number","2021","239267"
"South Africa","Car Production","Number","2022","309423"
"South Africa","Car Production","Number","2023","336980"
"South Korea","Car Production","Number","1999","2361735"
"South Korea","Car Production","Number","2000","2602008"
"South Korea","Car Production","Number","2001","2471444"
"South Korea","Car Production","Number","2002","2651273"
"South Korea","Car Production","Number","2003","2767716"
"South Korea","Car Production","Number","2004","3122600"
"South Korea","Car Production","Number","2005","3357094"
"South Korea","Car Production","Number","2006","3489136"
"South Korea","Car Production","Number","2007","3723482"
"South Korea","Car Production","Number","2008","3450478"
"South Korea","Car Production","Number","2009","3158417"
"South Korea","Car Production","Number","2010","3866206"
"South Korea","Car Production","Number","2011","4221617"
"South Korea","Car Production","Number","2012","4167089"
"South Korea","Car Production","Number","2013","4122604"
"South Korea","Car Production","Number","2014","4124116"
"South Korea","Car Production","Number","2015","4135108"
"South Korea","Car Production","Number","2016","3859991"
"South Korea","Car Production","Number","2017","3735399"
"South Korea","Car Production","Number","2018","3661730"
"South Korea","Car Production","Number","2019","3612587"
"South Korea","Car Production","Number","2020","3211706"
"South Korea","Car Production","Number","2021","3162727"
"South Korea","Car Production","Number","2022","3438355"
"South Korea","Car Production","Number","2023","3908747"
"Spain","Car Production","Number","1999","2281617"
"Spain","Car Production","Number","2000","2366359"
"Spain","Car Production","Number","2001","2211172"
"Spain","Car Production","Number","2002","2266902"
"Spain","Car Production","Number","2003","2399374"
"Spain","Car Production","Number","2004","2402501"
"Spain","Car Production","Number","2005","2098168"
"Spain","Car Production","Number","2006","2078639"
"Spain","Car Production","Number","2007","2195780"
"Spain","Car Production","Number","2008","1943049"
"Spain","Car Production","Number","2009","1812688"
"Spain","Car Production","Number","2013","1719700"
"Spain","Car Production","Number","2014","1898342"
"Spain","Car Production","Number","2015","2218980"
"Spain","Car Production","Number","2016","2354117"
"Spain","Car Production","Number","2017","2291492"
"Spain","Car Production","Number","2018","2267396"
"Spain","Car Production","Number","2019","2248019"
"Spain","Car Production","Number","2020","1800664"
"Spain","Car Production","Number","2021","1662174"
"Spain","Car Production","Number","2022","1785432"
"Spain","Car Production","Number","2023","1907050"
"Sweden","Car Production","Number","1999","213895"
"Sweden","Car Production","Number","2000","259959"
"Sweden","Car Production","Number","2001","251035"
"Sweden","Car Production","Number","2002","237975"
"Sweden","Car Production","Number","2003","280394"
"Sweden","Car Production","Number","2004","290383"
"Sweden","Car Production","Number","2005","288659"
"Sweden","Car Production","Number","2006","288583"
"Sweden","Car Production","Number","2007","316850"
"Sweden","Car Production","Number","2008","252287"
"Sweden","Car Production","Number","2009","128738"
"Sweden","Car Production","Number","2010","177084"
"Sweden","Car Production","Number","2011","188969"
"Sweden","Car Production","Number","2012","162814"
"Sweden","Car Production","Number","2013","161080"
"Sweden","Car Production","Number","2014","154173"
"Sweden","Car Production","Number","2015","188987"
"Sweden","Car Production","Number","2016","205374"
"Sweden","Car Production","Number","2017","226000"
"Taiwan","Car Production","Number","1999","266000"
"Taiwan","Car Production","Number","2000","263013"
"Taiwan","Car Production","Number","2001","195109"
"Taiwan","Car Production","Number","2002","231506"
"Taiwan","Car Production","Number","2003","264837"
"Taiwan","Car Production","Number","2004","299639"
"Taiwan","Car Production","Number","2005","323819"
"Taiwan","Car Production","Number","2006","211306"
"Taiwan","Car Production","Number","2007","212685"
"Taiwan","Car Production","Number","2008","138714"
"Taiwan","Car Production","Number","2009","183986"
"Taiwan","Car Production","Number","2010","251490"
"Taiwan","Car Production","Number","2011","288523"
"Taiwan","Car Production","Number","2012","278043"
"Taiwan","Car Production","Number","2013","291037"
"Taiwan","Car Production","Number","2014","332629"
"Taiwan","Car Production","Number","2015","298418"
"Taiwan","Car Production","Number","2016","251096"
"Taiwan","Car Production","Number","2017","230356"
"Taiwan","Car Production","Number","2018","190052"
"Taiwan","Car Production","Number","2019","189549"
"Taiwan","Car Production","Number","2020","180967"
"Taiwan","Car Production","Number","2021","196749"
"Taiwan","Car Production","Number","2022","191409"
"Taiwan","Car Production","Number","2023","221329"
"Thailand","Car Production","Number","1999","63538"
"Thailand","Car Production","Number","2000","97129"
"Thailand","Car Production","Number","2001","156066"
"Thailand","Car Production","Number","2002","169321"
"Thailand","Car Production","Number","2003","251691"
"Thailand","Car Production","Number","2004","299439"
"Thailand","Car Production","Number","2005","277603"
"Thailand","Car Production","Number","2006","298819"
"Thailand","Car Production","Number","2007","315444"
"Thailand","Car Production","Number","2008","401309"
"Thailand","Car Production","Number","2009","313442"
"Thailand","Car Production","Number","2010","554387"
"Thailand","Car Production","Number","2011","537987"
"Thailand","Car Production","Number","2012","957623"
"Thailand","Car Production","Number","2013","1122780"
"Thailand","Car Production","Number","2014","742678"
"Thailand","Car Production","Number","2015","772250"
"Thailand","Car Production","Number","2016","805033"
"Thailand","Car Production","Number","2017","818440"
"Thailand","Car Production","Number","2018","877015"
"Thailand","Car Production","Number","2019","795254"
"Thailand","Car Production","Number","2020","537633"
"Thailand","Car Production","Number","2021","594690"
"Thailand","Car Production","Number","2022","594057"
"Thailand","Car Production","Number","2023","580857"
"Turkey","Car Production","Number","1999","222041"
"Turkey","Car Production","Number","2000","297476"
"Turkey","Car Production","Number","2001","175343"
"Turkey","Car Production","Number","2002","204198"
"Turkey","Car Production","Number","2003","294116"
"Turkey","Car Production","Number","2004","447152"
"Turkey","Car Production","Number","2005","453663"
"Turkey","Car Production","Number","2006","545682"
"Turkey","Car Production","Number","2007","634883"
"Turkey","Car Production","Number","2008","621567"
"Turkey","Car Production","Number","2009","510931"
"Turkey","Car Production","Number","2010","603394"
"Turkey","Car Production","Number","2011","639734"
"Turkey","Car Production","Number","2012","576660"
"Turkey","Car Production","Number","2013","633604"
"Turkey","Car Production","Number","2014","733439"
"Turkey","Car Production","Number","2015","791027"
"Turkey","Car Production","Number","2016","950888"
"Turkey","Car Production","Number","2017","1142906"
"Turkey","Car Production","Number","2018","1026461"
"Turkey","Car Production","Number","2019","982642"
"Turkey","Car Production","Number","2020","855043"
"Turkey","Car Production","Number","2021","782835"
"Turkey","Car Production","Number","2022","810889"
"Turkey","Car Production","Number","2023","952667"
"Ukraine","Car Production","Number","1999","10136"
"Ukraine","Car Production","Number","2000","18124"
"Ukraine","Car Production","Number","2001","24995"
"Ukraine","Car Production","Number","2002","50393"
"Ukraine","Car Production","Number","2003","103000"
"Ukraine","Car Production","Number","2004","179098"
"Ukraine","Car Production","Number","2005","196722"
"Ukraine","Car Production","Number","2006","274860"
"Ukraine","Car Production","Number","2007","380061"
"Ukraine","Car Production","Number","2008","400799"
"Ukraine","Car Production","Number","2009","65646"
"Ukraine","Car Production","Number","2010","75261"
"Ukraine","Car Production","Number","2011","97585"
"Ukraine","Car Production","Number","2012","69687"
"Ukraine","Car Production","Number","2013","45758"
"Ukraine","Car Production","Number","2014","25941"
"Ukraine","Car Production","Number","2015","5654"
"Ukraine","Car Production","Number","2016","4340"
"Ukraine","Car Production","Number","2017","7296"
"Ukraine","Car Production","Number","2018","5660"
"Ukraine","Car Production","Number","2019","6254"
"Ukraine","Car Production","Number","2020","4202"
"Ukraine","Car Production","Number","2021","7342"
"Ukraine","Car Production","Number","2022","1490"
"Ukraine","Car Production","Number","2023","1993"
"United Kingdom","Car Production","Number","1999","1786624"
"United Kingdom","Car Production","Number","2000","1641452"
"United Kingdom","Car Production","Number","2001","1492365"
"United Kingdom","Car Production","Number","2002","1629934"
"United Kingdom","Car Production","Number","2003","1657558"
"United Kingdom","Car Production","Number","2004","1647246"
"United Kingdom","Car Production","Number","2005","1596296"
"United Kingdom","Car Production","Number","2006","1442085"
"United Kingdom","Car Production","Number","2007","1534567"
"United Kingdom","Car Production","Number","2008","1446619"
"United Kingdom","Car Production","Number","2009","999460"
"United Kingdom","Car Production","Number","2010","1270444"
"United Kingdom","Car Production","Number","2011","1343810"
"United Kingdom","Car Production","Number","2012","1464906"
"United Kingdom","Car Production","Number","2013","1509762"
"United Kingdom","Car Production","Number","2014","1528148"
"United Kingdom","Car Production","Number","2015","1587677"
"United Kingdom","Car Production","Number","2016","1722698"
"United Kingdom","Car Production","Number","2017","1671166"
"United Kingdom","Car Production","Number","2018","1519440"
"United Kingdom","Car Production","Number","2019","1303135"
"United Kingdom","Car Production","Number","2020","920928"
"United Kingdom","Car Production","Number","2021","859575"
"United Kingdom","Car Production","Number","2022","775014"
"United Kingdom","Car Production","Number","2023","905117"
"United States","Car Production","Number","1999","5637949"
"United States","Car Production","Number","2000","5542217"
"United States","Car Production","Number","2001","4879119"
"United States","Car Production","Number","2002","5018777"
"United States","Car Production","Number","2003","4510469"
"United States","Car Production","Number","2004","4229625"
"United States","Car Production","Number","2005","4321272"
"United States","Car Production","Number","2006","4366220"
"United States","Car Production","Number","2007","3924268"
"United States","Car Production","Number","2008","3776641"
"United States","Car Production","Number","2009","2195588"
"United States","Car Production","Number","2010","2731105"
"United States","Car Production","Number","2011","2966133"
"United States","Car Production","Number","2012","4105853"
"United States","Car Production","Number","2013","4346958"
"United States","Car Production","Number","2014","4253098"
"United States","Car Production","Number","2015","4163679"
"United States","Car Production","Number","2016","3934357"
"United States","Car Production","Number","2017","3033216"
"United States","Car Production","Number","2018","2795971"
"United States","Car Production","Number","2019","2512780"
"United States","Car Production","Number","2020","1926795"
"United States","Car Production","Number","2021","1563060"
"United States","Car Production","Number","2022","1751736"
"United States","Car Production","Number","2023","1745171"
"Uzbekistan","Car Production","Number","1999","44433"
"Uzbekistan","Car Production","Number","2000","32273"
"Uzbekistan","Car Production","Number","2001","32425"
"Uzbekistan","Car Production","Number","2002","22705"
"Uzbekistan","Car Production","Number","2003","39196"
"Uzbekistan","Car Production","Number","2004","66896"
"Uzbekistan","Car Production","Number","2005","87512"
"Uzbekistan","Car Production","Number","2006","100000"
"Uzbekistan","Car Production","Number","2007","170000"
"Uzbekistan","Car Production","Number","2008","195038"
"Uzbekistan","Car Production","Number","2009","110200"
"Uzbekistan","Car Production","Number","2010","201251"
"Uzbekistan","Car Production","Number","2011","146300"
"Uzbekistan","Car Production","Number","2012","144980"
"Uzbekistan","Car Production","Number","2013","133740"
"Uzbekistan","Car Production","Number","2014","245660"
"Uzbekistan","Car Production","Number","2015","185400"
"Uzbekistan","Car Production","Number","2016","88152"
"Uzbekistan","Car Production","Number","2017","140247"
"Uzbekistan","Car Production","Number","2018","220667"
"Uzbekistan","Car Production","Number","2019","271113"
"Uzbekistan","Car Production","Number","2020","280080"
"Uzbekistan","Car Production","Number","2021","236667"
"Uzbekistan","Car Production","Number","2022","328118"
"Uzbekistan","Car Production","Number","2023","421414"
