"location","indicator","Unit","Date","Value"
"Austria","Passengers Cars","thousand units","2005","4157"
"Austria","Passengers Cars","thousand units","2006","4205"
"Austria","Passengers Cars","thousand units","2007","4246"
"Austria","Passengers Cars","thousand units","2008","4285"
"Austria","Passengers Cars","thousand units","2009","4360"
"Austria","Passengers Cars","thousand units","2010","4441"
"Austria","Passengers Cars","thousand units","2011","4513"
"Austria","Passengers Cars","thousand units","2012","4584"
"Austria","Passengers Cars","thousand units","2013","4641.308"
"Austria","Passengers Cars","thousand units","2014","4694.921"
"Austria","Passengers Cars","thousand units","2015","4748.048"
"Belgium","Passengers Cars","thousand units","2005","4861"
"Belgium","Passengers Cars","thousand units","2006","4929"
"Belgium","Passengers Cars","thousand units","2007","5006"
"Belgium","Passengers Cars","thousand units","2008","5087"
"Belgium","Passengers Cars","thousand units","2009","5160"
"Belgium","Passengers Cars","thousand units","2010","5279"
"Belgium","Passengers Cars","thousand units","2011","5359"
"Belgium","Passengers Cars","thousand units","2012","5393"
"Belgium","Passengers Cars","thousand units","2013","5439.295"
"Belgium","Passengers Cars","thousand units","2014","5511.08"
"Belgium","Passengers Cars","thousand units","2015","5587.415"
"Denmark","Passengers Cars","thousand units","2005","1971"
"Denmark","Passengers Cars","thousand units","2006","2026"
"Denmark","Passengers Cars","thousand units","2007","2075"
"Denmark","Passengers Cars","thousand units","2008","2105"
"Denmark","Passengers Cars","thousand units","2009","2126"
"Denmark","Passengers Cars","thousand units","2010","2169"
"Denmark","Passengers Cars","thousand units","2011","2203"
"Denmark","Passengers Cars","thousand units","2012","2240"
"Denmark","Passengers Cars","thousand units","2013","2279.792"
"Denmark","Passengers Cars","thousand units","2014","2321.172"
"Denmark","Passengers Cars","thousand units","2015","2392.079"
"Finland","Passengers Cars","thousand units","2005","2414.477"
"Finland","Passengers Cars","thousand units","2006","2489.287"
"Finland","Passengers Cars","thousand units","2007","2480.88"
"Finland","Passengers Cars","thousand units","2008","2449.722"
"Finland","Passengers Cars","thousand units","2009","2449.604"
"Finland","Passengers Cars","thousand units","2010","2486.283"
"Finland","Passengers Cars","thousand units","2011","2532.496"
"Finland","Passengers Cars","thousand units","2012","2560.19"
"Finland","Passengers Cars","thousand units","2013","2575.951"
"Finland","Passengers Cars","thousand units","2014","2595.867"
"Finland","Passengers Cars","thousand units","2015","2612.922"
"France","Passengers Cars","thousand units","2005","30100"
"France","Passengers Cars","thousand units","2006","30400"
"France","Passengers Cars","thousand units","2007","30700"
"France","Passengers Cars","thousand units","2008","30850"
"France","Passengers Cars","thousand units","2009","31050"
"France","Passengers Cars","thousand units","2010","31300"
"France","Passengers Cars","thousand units","2011","31550"
"France","Passengers Cars","thousand units","2012","31600"
"France","Passengers Cars","thousand units","2013","31650"
"France","Passengers Cars","thousand units","2014","31800"
"France","Passengers Cars","thousand units","2015","32000"
"Germany","Passengers Cars","thousand units","2005","46090"
"Germany","Passengers Cars","thousand units","2006","46570"
"Germany","Passengers Cars","thousand units","2007","41184"
"Germany","Passengers Cars","thousand units","2008","41321"
"Germany","Passengers Cars","thousand units","2009","41738"
"Germany","Passengers Cars","thousand units","2010","42302"
"Germany","Passengers Cars","thousand units","2011","42928"
"Germany","Passengers Cars","thousand units","2012","43431"
"Germany","Passengers Cars","thousand units","2013","43851.23"
"Germany","Passengers Cars","thousand units","2014","44403.124"
"Germany","Passengers Cars","thousand units","2015","45071.209"
"Greece","Passengers Cars","thousand units","2005","4303.129"
"Greece","Passengers Cars","thousand units","2006","4543.016"
"Greece","Passengers Cars","thousand units","2007","4798.53"
"Greece","Passengers Cars","thousand units","2008","5023.944"
"Greece","Passengers Cars","thousand units","2009","5131.96"
"Greece","Passengers Cars","thousand units","2010","5216.873"
"Greece","Passengers Cars","thousand units","2011","5203.591"
"Greece","Passengers Cars","thousand units","2012","5167.557"
"Greece","Passengers Cars","thousand units","2013","5124.208"
"Greece","Passengers Cars","thousand units","2014","5102.203"
"Greece","Passengers Cars","thousand units","2015","5104.908"
"Iceland","Passengers Cars","thousand units","2005","187"
"Iceland","Passengers Cars","thousand units","2006","197"
"Iceland","Passengers Cars","thousand units","2007","208"
"Iceland","Passengers Cars","thousand units","2008","210"
"Iceland","Passengers Cars","thousand units","2009","205"
"Iceland","Passengers Cars","thousand units","2010","205"
"Iceland","Passengers Cars","thousand units","2011","206.112"
"Iceland","Passengers Cars","thousand units","2012","210.07"
"Iceland","Passengers Cars","thousand units","2013","213.113"
"Iceland","Passengers Cars","thousand units","2014","217.454"
"Iceland","Passengers Cars","thousand units","2015","226.321"
"Ireland","Passengers Cars","thousand units","2005","1662.157"
"Ireland","Passengers Cars","thousand units","2006","1778.861"
"Ireland","Passengers Cars","thousand units","2007","1882.901"
"Ireland","Passengers Cars","thousand units","2008","1924.281"
"Ireland","Passengers Cars","thousand units","2009","1902.429"
"Ireland","Passengers Cars","thousand units","2010","1872.715"
"Ireland","Passengers Cars","thousand units","2011","1887.81"
"Ireland","Passengers Cars","thousand units","2012","1882.55"
"Ireland","Passengers Cars","thousand units","2013","1910.165"
"Ireland","Passengers Cars","thousand units","2014","1943.868"
"Ireland","Passengers Cars","thousand units","2015","1985.13"
"Italy","Passengers Cars","thousand units","2005","34667"
"Italy","Passengers Cars","thousand units","2006","35297"
"Italy","Passengers Cars","thousand units","2007","35680"
"Italy","Passengers Cars","thousand units","2008","36105"
"Italy","Passengers Cars","thousand units","2009","36372"
"Italy","Passengers Cars","thousand units","2010","36751"
"Italy","Passengers Cars","thousand units","2011","37113"
"Italy","Passengers Cars","thousand units","2012","37078"
"Italy","Passengers Cars","thousand units","2013","36962.934"
"Italy","Passengers Cars","thousand units","2014","37080.753"
"Italy","Passengers Cars","thousand units","2015","37351.233"
"Luxembourg","Passengers Cars","thousand units","2005","307"
"Luxembourg","Passengers Cars","thousand units","2006","315"
"Luxembourg","Passengers Cars","thousand units","2007","322"
"Luxembourg","Passengers Cars","thousand units","2008","329"
"Luxembourg","Passengers Cars","thousand units","2009","332"
"Luxembourg","Passengers Cars","thousand units","2010","337"
"Luxembourg","Passengers Cars","thousand units","2011","346"
"Luxembourg","Passengers Cars","thousand units","2012","355.85"
"Luxembourg","Passengers Cars","thousand units","2013","363.247"
"Luxembourg","Passengers Cars","thousand units","2014","372.827"
"Luxembourg","Passengers Cars","thousand units","2015","380.86"
"Netherlands","Passengers Cars","thousand units","2005","7092"
"Netherlands","Passengers Cars","thousand units","2006","7230"
"Netherlands","Passengers Cars","thousand units","2007","7392"
"Netherlands","Passengers Cars","thousand units","2008","7542"
"Netherlands","Passengers Cars","thousand units","2009","7622"
"Netherlands","Passengers Cars","thousand units","2010","7736"
"Netherlands","Passengers Cars","thousand units","2011","7859"
"Netherlands","Passengers Cars","thousand units","2012","7915.613"
"Netherlands","Passengers Cars","thousand units","2013","8154"
"Netherlands","Passengers Cars","thousand units","2014","8193"
"Netherlands","Passengers Cars","thousand units","2015","8336"
"Norway","Passengers Cars","thousand units","2005","2029"
"Norway","Passengers Cars","thousand units","2006","2085"
"Norway","Passengers Cars","thousand units","2007","2155"
"Norway","Passengers Cars","thousand units","2008","2198"
"Norway","Passengers Cars","thousand units","2009","2243"
"Norway","Passengers Cars","thousand units","2010","2305"
"Norway","Passengers Cars","thousand units","2011","2370"
"Norway","Passengers Cars","thousand units","2012","2433"
"Norway","Passengers Cars","thousand units","2013","2487.353"
"Norway","Passengers Cars","thousand units","2014","2539.552"
"Norway","Passengers Cars","thousand units","2015","2592.39"
"Portugal","Passengers Cars","thousand units","2005","4200"
"Portugal","Passengers Cars","thousand units","2006","4290"
"Portugal","Passengers Cars","thousand units","2007","4379"
"Portugal","Passengers Cars","thousand units","2008","4408"
"Portugal","Passengers Cars","thousand units","2009","4457"
"Portugal","Passengers Cars","thousand units","2010","4480"
"Portugal","Passengers Cars","thousand units","2011","4522"
"Portugal","Passengers Cars","thousand units","2012","4497"
"Portugal","Passengers Cars","thousand units","2013","4480"
"Portugal","Passengers Cars","thousand units","2014","4496"
"Portugal","Passengers Cars","thousand units","2015","4593.156"
"Spain","Passengers Cars","thousand units","2005","20250"
"Spain","Passengers Cars","thousand units","2006","21053"
"Spain","Passengers Cars","thousand units","2007","21760"
"Spain","Passengers Cars","thousand units","2008","22145"
"Spain","Passengers Cars","thousand units","2009","21983"
"Spain","Passengers Cars","thousand units","2010","22147"
"Spain","Passengers Cars","thousand units","2011","22277"
"Spain","Passengers Cars","thousand units","2012","22248"
"Spain","Passengers Cars","thousand units","2013","22024.538"
"Spain","Passengers Cars","thousand units","2014","22029.512"
"Spain","Passengers Cars","thousand units","2015","22355.549"
"Sweden","Passengers Cars","thousand units","2005","4154"
"Sweden","Passengers Cars","thousand units","2006","4202"
"Sweden","Passengers Cars","thousand units","2007","4258"
"Sweden","Passengers Cars","thousand units","2008","4279"
"Sweden","Passengers Cars","thousand units","2009","4301"
"Sweden","Passengers Cars","thousand units","2010","4335"
"Sweden","Passengers Cars","thousand units","2011","4401"
"Sweden","Passengers Cars","thousand units","2012","4447"
"Sweden","Passengers Cars","thousand units","2013","4495.473"
"Sweden","Passengers Cars","thousand units","2014","4585.519"
"Sweden","Passengers Cars","thousand units","2015","4669.063"
"Switzerland","Passengers Cars","thousand units","2005","3906"
"Switzerland","Passengers Cars","thousand units","2006","3946"
"Switzerland","Passengers Cars","thousand units","2007","4002.584"
"Switzerland","Passengers Cars","thousand units","2008","4031.205"
"Switzerland","Passengers Cars","thousand units","2009","4051.832"
"Switzerland","Passengers Cars","thousand units","2010","4119.684"
"Switzerland","Passengers Cars","thousand units","2011","4209.672"
"Switzerland","Passengers Cars","thousand units","2012","4300.036"
"Switzerland","Passengers Cars","thousand units","2013","4366.895"
"Switzerland","Passengers Cars","thousand units","2014","4430.375"
"Switzerland","Passengers Cars","thousand units","2015","4503.865"
"United Kingdom","Passengers Cars","thousand units","2005","30477.058"
"United Kingdom","Passengers Cars","thousand units","2006","30817.036"
"United Kingdom","Passengers Cars","thousand units","2007","31105.988"
"United Kingdom","Passengers Cars","thousand units","2008","31252.476"
"United Kingdom","Passengers Cars","thousand units","2009","31035.791"
"United Kingdom","Passengers Cars","thousand units","2010","31258.197"
"United Kingdom","Passengers Cars","thousand units","2011","31362.716"
"United Kingdom","Passengers Cars","thousand units","2012","31482"
"United Kingdom","Passengers Cars","thousand units","2013","32103"
"United Kingdom","Passengers Cars","thousand units","2014","32612.782"
"United Kingdom","Passengers Cars","thousand units","2015","33542.448"
"Bulgaria","Passengers Cars","thousand units","2005","2538"
"Bulgaria","Passengers Cars","thousand units","2006","1768"
"Bulgaria","Passengers Cars","thousand units","2007","2082"
"Bulgaria","Passengers Cars","thousand units","2008","2366"
"Bulgaria","Passengers Cars","thousand units","2009","2502"
"Bulgaria","Passengers Cars","thousand units","2010","2602"
"Bulgaria","Passengers Cars","thousand units","2011","2694"
"Bulgaria","Passengers Cars","thousand units","2012","2806.814"
"Bulgaria","Passengers Cars","thousand units","2013","2910.235"
"Bulgaria","Passengers Cars","thousand units","2014","3013.863"
"Bulgaria","Passengers Cars","thousand units","2015","3162.037"
"Croatia","Passengers Cars","thousand units","2005","1385"
"Croatia","Passengers Cars","thousand units","2006","1436"
"Croatia","Passengers Cars","thousand units","2007","1491"
"Croatia","Passengers Cars","thousand units","2008","1535"
"Croatia","Passengers Cars","thousand units","2009","1533"
"Croatia","Passengers Cars","thousand units","2010","1515"
"Croatia","Passengers Cars","thousand units","2011","1518"
"Croatia","Passengers Cars","thousand units","2012","1445.22"
"Croatia","Passengers Cars","thousand units","2013","1448.299"
"Croatia","Passengers Cars","thousand units","2014","1474.495"
"Croatia","Passengers Cars","thousand units","2015","1499.802"
"Cyprus","Passengers Cars","thousand units","2005","355"
"Cyprus","Passengers Cars","thousand units","2006","373"
"Cyprus","Passengers Cars","thousand units","2007","411"
"Cyprus","Passengers Cars","thousand units","2008","444"
"Cyprus","Passengers Cars","thousand units","2009","461"
"Cyprus","Passengers Cars","thousand units","2010","463"
"Cyprus","Passengers Cars","thousand units","2011","470"
"Cyprus","Passengers Cars","thousand units","2012","475"
"Cyprus","Passengers Cars","thousand units","2013","474.561"
"Cyprus","Passengers Cars","thousand units","2014","478.492"
"Cyprus","Passengers Cars","thousand units","2015","487.692"
"Czech Republic","Passengers Cars","thousand units","2005","3959"
"Czech Republic","Passengers Cars","thousand units","2006","4109"
"Czech Republic","Passengers Cars","thousand units","2007","4280"
"Czech Republic","Passengers Cars","thousand units","2008","4423"
"Czech Republic","Passengers Cars","thousand units","2009","4435"
"Czech Republic","Passengers Cars","thousand units","2010","4496"
"Czech Republic","Passengers Cars","thousand units","2011","4583"
"Czech Republic","Passengers Cars","thousand units","2012","4699"
"Czech Republic","Passengers Cars","thousand units","2013","4820.299"
"Czech Republic","Passengers Cars","thousand units","2014","4937.206"
"Czech Republic","Passengers Cars","thousand units","2015","5158.516"
"Estonia","Passengers Cars","thousand units","2005","493.8"
"Estonia","Passengers Cars","thousand units","2006","554"
"Estonia","Passengers Cars","thousand units","2007","523.8"
"Estonia","Passengers Cars","thousand units","2008","551.8"
"Estonia","Passengers Cars","thousand units","2009","545.7"
"Estonia","Passengers Cars","thousand units","2010","552.7"
"Estonia","Passengers Cars","thousand units","2011","574.015"
"Estonia","Passengers Cars","thousand units","2012","602.133"
"Estonia","Passengers Cars","thousand units","2013","628.5"
"Estonia","Passengers Cars","thousand units","2014","653"
"Estonia","Passengers Cars","thousand units","2015","676.6"
"Hungary","Passengers Cars","thousand units","2005","2889"
"Hungary","Passengers Cars","thousand units","2006","2954"
"Hungary","Passengers Cars","thousand units","2007","3012"
"Hungary","Passengers Cars","thousand units","2008","3055.427"
"Hungary","Passengers Cars","thousand units","2009","3013.719"
"Hungary","Passengers Cars","thousand units","2010","2984.063"
"Hungary","Passengers Cars","thousand units","2011","2967.808"
"Hungary","Passengers Cars","thousand units","2012","2986.028"
"Hungary","Passengers Cars","thousand units","2013","3040.732"
"Hungary","Passengers Cars","thousand units","2014","3107.695"
"Hungary","Passengers Cars","thousand units","2015","3196.856"
"Latvia","Passengers Cars","thousand units","2005","742.447"
"Latvia","Passengers Cars","thousand units","2006","822.011"
"Latvia","Passengers Cars","thousand units","2007","904.869"
"Latvia","Passengers Cars","thousand units","2008","932.828"
"Latvia","Passengers Cars","thousand units","2009","904.308"
"Latvia","Passengers Cars","thousand units","2010","636.664"
"Latvia","Passengers Cars","thousand units","2011","612.321"
"Latvia","Passengers Cars","thousand units","2012","618.274"
"Latvia","Passengers Cars","thousand units","2013","634.603"
"Latvia","Passengers Cars","thousand units","2014","657.799"
"Latvia","Passengers Cars","thousand units","2015","679.048"
"Lithuania","Passengers Cars","thousand units","2005","1455.276"
"Lithuania","Passengers Cars","thousand units","2006","1592.238"
"Lithuania","Passengers Cars","thousand units","2007","1587.903"
"Lithuania","Passengers Cars","thousand units","2008","1671.065"
"Lithuania","Passengers Cars","thousand units","2009","1695.286"
"Lithuania","Passengers Cars","thousand units","2010","1691.855"
"Lithuania","Passengers Cars","thousand units","2011","1713.277"
"Lithuania","Passengers Cars","thousand units","2012","1753.407"
"Lithuania","Passengers Cars","thousand units","2013","1808.982"
"Lithuania","Passengers Cars","thousand units","2014","1205.668"
"Lithuania","Passengers Cars","thousand units","2015","1244.063"
"Malta","Passengers Cars","thousand units","2005","206"
"Malta","Passengers Cars","thousand units","2006","212"
"Malta","Passengers Cars","thousand units","2007","218"
"Malta","Passengers Cars","thousand units","2008","222"
"Malta","Passengers Cars","thousand units","2009","227"
"Malta","Passengers Cars","thousand units","2010","234"
"Malta","Passengers Cars","thousand units","2011","240"
"Malta","Passengers Cars","thousand units","2012","249.612"
"Malta","Passengers Cars","thousand units","2013","256.096"
"Malta","Passengers Cars","thousand units","2014","265.95"
"Malta","Passengers Cars","thousand units","2015","275.38"
"Poland","Passengers Cars","thousand units","2005","12339"
"Poland","Passengers Cars","thousand units","2006","13384"
"Poland","Passengers Cars","thousand units","2007","14589"
"Poland","Passengers Cars","thousand units","2008","16080"
"Poland","Passengers Cars","thousand units","2009","16495"
"Poland","Passengers Cars","thousand units","2010","17240"
"Poland","Passengers Cars","thousand units","2011","17872"
"Poland","Passengers Cars","thousand units","2012","18744"
"Poland","Passengers Cars","thousand units","2013","19342.12"
"Poland","Passengers Cars","thousand units","2014","19978.589"
"Poland","Passengers Cars","thousand units","2015","20688.174"
"Romania","Passengers Cars","thousand units","2005","3364"
"Romania","Passengers Cars","thousand units","2006","3221"
"Romania","Passengers Cars","thousand units","2007","3554"
"Romania","Passengers Cars","thousand units","2008","4027"
"Romania","Passengers Cars","thousand units","2009","4245"
"Romania","Passengers Cars","thousand units","2010","4320"
"Romania","Passengers Cars","thousand units","2011","4335"
"Romania","Passengers Cars","thousand units","2012","4487"
"Romania","Passengers Cars","thousand units","2013","4693.651"
"Romania","Passengers Cars","thousand units","2014","4905.63"
"Romania","Passengers Cars","thousand units","2015","5153.182"
"Slovakia","Passengers Cars","thousand units","2005","1304"
"Slovakia","Passengers Cars","thousand units","2006","1334"
"Slovakia","Passengers Cars","thousand units","2007","1434"
"Slovakia","Passengers Cars","thousand units","2008","1545"
"Slovakia","Passengers Cars","thousand units","2009","1589"
"Slovakia","Passengers Cars","thousand units","2010","1669"
"Slovakia","Passengers Cars","thousand units","2011","1749"
"Slovakia","Passengers Cars","thousand units","2012","1826"
"Slovakia","Passengers Cars","thousand units","2013","1882.577"
"Slovakia","Passengers Cars","thousand units","2014","1952.002"
"Slovakia","Passengers Cars","thousand units","2015","2037.772"
"Slovenia","Passengers Cars","thousand units","2005","964.781"
"Slovenia","Passengers Cars","thousand units","2006","985.567"
"Slovenia","Passengers Cars","thousand units","2007","1020.127"
"Slovenia","Passengers Cars","thousand units","2008","1051.836"
"Slovenia","Passengers Cars","thousand units","2009","1065.927"
"Slovenia","Passengers Cars","thousand units","2010","1068.932"
"Slovenia","Passengers Cars","thousand units","2011","1074.109"
"Slovenia","Passengers Cars","thousand units","2012","1073.967"
"Slovenia","Passengers Cars","thousand units","2013","1071.922"
"Slovenia","Passengers Cars","thousand units","2014","1076.962"
"Slovenia","Passengers Cars","thousand units","2015","1087.686"
"Russia, Turkey & Other Europe","Passengers Cars","thousand units","2005","41839.537"
"Russia, Turkey & Other Europe","Passengers Cars","thousand units","2006","43840.371"
"Russia, Turkey & Other Europe","Passengers Cars","thousand units","2007","47365.866"
"Russia, Turkey & Other Europe","Passengers Cars","thousand units","2008","51073.473"
"Russia, Turkey & Other Europe","Passengers Cars","thousand units","2009","52969.894"
"Russia, Turkey & Other Europe","Passengers Cars","thousand units","2010","55147.002"
"Russia, Turkey & Other Europe","Passengers Cars","thousand units","2011","58258.343"
"Russia, Turkey & Other Europe","Passengers Cars","thousand units","2012","61083.017"
"Russia, Turkey & Other Europe","Passengers Cars","thousand units","2013","64990.495"
"Russia, Turkey & Other Europe","Passengers Cars","thousand units","2014","68205.869"
"Russia, Turkey & Other Europe","Passengers Cars","thousand units","2015","70153.633"
"Albania","Passengers Cars","thousand units","2005","195.125"
"Albania","Passengers Cars","thousand units","2006","225.114"
"Albania","Passengers Cars","thousand units","2007","237.932"
"Albania","Passengers Cars","thousand units","2008","264.828"
"Albania","Passengers Cars","thousand units","2009","281.236"
"Albania","Passengers Cars","thousand units","2010","294.729"
"Albania","Passengers Cars","thousand units","2011","300.974"
"Albania","Passengers Cars","thousand units","2012","297.341"
"Albania","Passengers Cars","thousand units","2013","341.691"
"Albania","Passengers Cars","thousand units","2014","378.053"
"Albania","Passengers Cars","thousand units","2015","403.68"
"Belarus","Passengers Cars","thousand units","2005","1824"
"Belarus","Passengers Cars","thousand units","2006","2027"
"Belarus","Passengers Cars","thousand units","2007","2180"
"Belarus","Passengers Cars","thousand units","2008","2293"
"Belarus","Passengers Cars","thousand units","2009","2442.62"
"Belarus","Passengers Cars","thousand units","2010","2601.415"
"Belarus","Passengers Cars","thousand units","2011","2750.548"
"Belarus","Passengers Cars","thousand units","2012","2748.575"
"Belarus","Passengers Cars","thousand units","2013","2777.918"
"Belarus","Passengers Cars","thousand units","2014","2942.603"
"Belarus","Passengers Cars","thousand units","2015","3037.213"
"Bosnia","Passengers Cars","thousand units","2005","555"
"Bosnia","Passengers Cars","thousand units","2006","579"
"Bosnia","Passengers Cars","thousand units","2007","624"
"Bosnia","Passengers Cars","thousand units","2008","673"
"Bosnia","Passengers Cars","thousand units","2009","694"
"Bosnia","Passengers Cars","thousand units","2010","724.787"
"Bosnia","Passengers Cars","thousand units","2011","735.258"
"Bosnia","Passengers Cars","thousand units","2012","612.771"
"Bosnia","Passengers Cars","thousand units","2013","673.014"
"Bosnia","Passengers Cars","thousand units","2014","801.253"
"Bosnia","Passengers Cars","thousand units","2015","828.73"
"Georgia","Passengers Cars","thousand units","2005","340"
"Georgia","Passengers Cars","thousand units","2006","382"
"Georgia","Passengers Cars","thousand units","2007","428"
"Georgia","Passengers Cars","thousand units","2008","501"
"Georgia","Passengers Cars","thousand units","2009","536"
"Georgia","Passengers Cars","thousand units","2010","577"
"Georgia","Passengers Cars","thousand units","2011","625"
"Georgia","Passengers Cars","thousand units","2012","673"
"Georgia","Passengers Cars","thousand units","2013","738"
"Georgia","Passengers Cars","thousand units","2014","821"
"Georgia","Passengers Cars","thousand units","2015","894.7"
"Macedonia","Passengers Cars","thousand units","2005","253"
"Macedonia","Passengers Cars","thousand units","2006","242"
"Macedonia","Passengers Cars","thousand units","2007","248.774"
"Macedonia","Passengers Cars","thousand units","2008","263.112"
"Macedonia","Passengers Cars","thousand units","2009","282.196"
"Macedonia","Passengers Cars","thousand units","2010","310.231"
"Macedonia","Passengers Cars","thousand units","2011","313.08"
"Macedonia","Passengers Cars","thousand units","2012","301.761"
"Macedonia","Passengers Cars","thousand units","2013","346.798"
"Macedonia","Passengers Cars","thousand units","2014","371.449"
"Macedonia","Passengers Cars","thousand units","2015","383.833"
"Moldavia","Passengers Cars","thousand units","2005","292.994"
"Moldavia","Passengers Cars","thousand units","2006","319.311"
"Moldavia","Passengers Cars","thousand units","2007","338.944"
"Moldavia","Passengers Cars","thousand units","2008","366.351"
"Moldavia","Passengers Cars","thousand units","2009","386.365"
"Moldavia","Passengers Cars","thousand units","2010","404.29"
"Moldavia","Passengers Cars","thousand units","2011","426.973"
"Moldavia","Passengers Cars","thousand units","2012","456.379"
"Moldavia","Passengers Cars","thousand units","2013","487.418"
"Moldavia","Passengers Cars","thousand units","2014","512.561"
"Moldavia","Passengers Cars","thousand units","2015","529.813"
"Russia","Passengers Cars","thousand units","2005","25570"
"Russia","Passengers Cars","thousand units","2006","26794"
"Russia","Passengers Cars","thousand units","2007","29405"
"Russia","Passengers Cars","thousand units","2008","32021"
"Russia","Passengers Cars","thousand units","2009","33084"
"Russia","Passengers Cars","thousand units","2010","34354"
"Russia","Passengers Cars","thousand units","2011","36415"
"Russia","Passengers Cars","thousand units","2012","38482"
"Russia","Passengers Cars","thousand units","2013","41224.527"
"Russia","Passengers Cars","thousand units","2014","43383.783"
"Russia","Passengers Cars","thousand units","2015","44253.108"
"Serbia","Passengers Cars","thousand units","2005","1497.418"
"Serbia","Passengers Cars","thousand units","2006","1526.946"
"Serbia","Passengers Cars","thousand units","2007","1491.216"
"Serbia","Passengers Cars","thousand units","2008","1500.182"
"Serbia","Passengers Cars","thousand units","2009","1650.477"
"Serbia","Passengers Cars","thousand units","2010","1565.55"
"Serbia","Passengers Cars","thousand units","2011","1677.51"
"Serbia","Passengers Cars","thousand units","2012","1726.19"
"Serbia","Passengers Cars","thousand units","2013","1770.206"
"Serbia","Passengers Cars","thousand units","2014","1797.252"
"Serbia","Passengers Cars","thousand units","2015","1833.219"
"Turkey","Passengers Cars","thousand units","2005","5773"
"Turkey","Passengers Cars","thousand units","2006","6141"
"Turkey","Passengers Cars","thousand units","2007","6472"
"Turkey","Passengers Cars","thousand units","2008","6797"
"Turkey","Passengers Cars","thousand units","2009","7094"
"Turkey","Passengers Cars","thousand units","2010","7545"
"Turkey","Passengers Cars","thousand units","2011","8113"
"Turkey","Passengers Cars","thousand units","2012","8649"
"Turkey","Passengers Cars","thousand units","2013","9283.923"
"Turkey","Passengers Cars","thousand units","2014","9857.915"
"Turkey","Passengers Cars","thousand units","2015","10589.337"
"Ukraine","Passengers Cars","thousand units","2005","5539"
"Ukraine","Passengers Cars","thousand units","2006","5604"
"Ukraine","Passengers Cars","thousand units","2007","5940"
"Ukraine","Passengers Cars","thousand units","2008","6394"
"Ukraine","Passengers Cars","thousand units","2009","6519"
"Ukraine","Passengers Cars","thousand units","2010","6770"
"Ukraine","Passengers Cars","thousand units","2011","6901"
"Ukraine","Passengers Cars","thousand units","2012","7136"
"Ukraine","Passengers Cars","thousand units","2013","7347"
"Ukraine","Passengers Cars","thousand units","2014","7340"
"Ukraine","Passengers Cars","thousand units","2015","7400"
"Canada","Passengers Cars","thousand units","2005","18124"
"Canada","Passengers Cars","thousand units","2006","18739"
"Canada","Passengers Cars","thousand units","2007","19199"
"Canada","Passengers Cars","thousand units","2008","19613"
"Canada","Passengers Cars","thousand units","2009","19877"
"Canada","Passengers Cars","thousand units","2010","20268"
"Canada","Passengers Cars","thousand units","2011","20608"
"Canada","Passengers Cars","thousand units","2012","20652"
"Canada","Passengers Cars","thousand units","2013","21261.66"
"Canada","Passengers Cars","thousand units","2014","21729.596"
"Canada","Passengers Cars","thousand units","2015","22067.778"
"Mexico","Passengers Cars","thousand units","2005","14300"
"Mexico","Passengers Cars","thousand units","2006","16412"
"Mexico","Passengers Cars","thousand units","2007","17697"
"Mexico","Passengers Cars","thousand units","2008","19421"
"Mexico","Passengers Cars","thousand units","2009","20519"
"Mexico","Passengers Cars","thousand units","2010","21153"
"Mexico","Passengers Cars","thousand units","2011","22374"
"Mexico","Passengers Cars","thousand units","2012","23570"
"Mexico","Passengers Cars","thousand units","2013","24820"
"Mexico","Passengers Cars","thousand units","2014","25543.908"
"Mexico","Passengers Cars","thousand units","2015","26937.356"
"United States Of America","Passengers Cars","thousand units","2005","132909"
"United States Of America","Passengers Cars","thousand units","2006","135047"
"United States Of America","Passengers Cars","thousand units","2007","135222"
"United States Of America","Passengers Cars","thousand units","2008","135882"
"United States Of America","Passengers Cars","thousand units","2009","132500"
"United States Of America","Passengers Cars","thousand units","2010","129053"
"United States Of America","Passengers Cars","thousand units","2011","127577"
"United States Of America","Passengers Cars","thousand units","2012","120901.628"
"United States Of America","Passengers Cars","thousand units","2013","120213.973"
"United States Of America","Passengers Cars","thousand units","2014","120983.811"
"United States Of America","Passengers Cars","thousand units","2015","122321.991"
"Argentina","Passengers Cars","thousand units","2005","5230"
"Argentina","Passengers Cars","thousand units","2006","5325"
"Argentina","Passengers Cars","thousand units","2007","5745"
"Argentina","Passengers Cars","thousand units","2008","6271"
"Argentina","Passengers Cars","thousand units","2009","6706"
"Argentina","Passengers Cars","thousand units","2010","7605"
"Argentina","Passengers Cars","thousand units","2011","8269"
"Argentina","Passengers Cars","thousand units","2012","8683"
"Argentina","Passengers Cars","thousand units","2013","9451"
"Argentina","Passengers Cars","thousand units","2014","10143.583"
"Argentina","Passengers Cars","thousand units","2015","10413.343"
"Bahamas","Passengers Cars","thousand units","2005","86"
"Bahamas","Passengers Cars","thousand units","2006","86"
"Bahamas","Passengers Cars","thousand units","2007","89"
"Bahamas","Passengers Cars","thousand units","2008","91"
"Bahamas","Passengers Cars","thousand units","2009","91"
"Bahamas","Passengers Cars","thousand units","2010","92"
"Bahamas","Passengers Cars","thousand units","2011","93"
"Bahamas","Passengers Cars","thousand units","2012","93.635"
"Bahamas","Passengers Cars","thousand units","2013","95.46"
"Bahamas","Passengers Cars","thousand units","2014","97"
"Bahamas","Passengers Cars","thousand units","2015","100"
"Barbados","Passengers Cars","thousand units","2005","72"
"Barbados","Passengers Cars","thousand units","2006","75"
"Barbados","Passengers Cars","thousand units","2007","77"
"Barbados","Passengers Cars","thousand units","2008","79"
"Barbados","Passengers Cars","thousand units","2009","80"
"Barbados","Passengers Cars","thousand units","2010","81"
"Barbados","Passengers Cars","thousand units","2011","82"
"Barbados","Passengers Cars","thousand units","2012","82.506"
"Barbados","Passengers Cars","thousand units","2013","85.05"
"Barbados","Passengers Cars","thousand units","2014","86"
"Barbados","Passengers Cars","thousand units","2015","90"
"Belize","Passengers Cars","thousand units","2005","12"
"Belize","Passengers Cars","thousand units","2006","12"
"Belize","Passengers Cars","thousand units","2007","12"
"Belize","Passengers Cars","thousand units","2008","13"
"Belize","Passengers Cars","thousand units","2009","13"
"Belize","Passengers Cars","thousand units","2010","13"
"Belize","Passengers Cars","thousand units","2011","13.9"
"Belize","Passengers Cars","thousand units","2012","14.7"
"Belize","Passengers Cars","thousand units","2013","15.5"
"Belize","Passengers Cars","thousand units","2014","16"
"Belize","Passengers Cars","thousand units","2015","20"
"Bermuda","Passengers Cars","thousand units","2005","22"
"Bermuda","Passengers Cars","thousand units","2006","22"
"Bermuda","Passengers Cars","thousand units","2007","23"
"Bermuda","Passengers Cars","thousand units","2008","23"
"Bermuda","Passengers Cars","thousand units","2009","23"
"Bermuda","Passengers Cars","thousand units","2010","22"
"Bermuda","Passengers Cars","thousand units","2011","22"
"Bermuda","Passengers Cars","thousand units","2012","22.282"
"Bermuda","Passengers Cars","thousand units","2013","22.145"
"Bermuda","Passengers Cars","thousand units","2014","22.347"
"Bermuda","Passengers Cars","thousand units","2015","20"
"Bolivia","Passengers Cars","thousand units","2005","147.94"
"Bolivia","Passengers Cars","thousand units","2006","160.128"
"Bolivia","Passengers Cars","thousand units","2007","173.102"
"Bolivia","Passengers Cars","thousand units","2008","189.513"
"Bolivia","Passengers Cars","thousand units","2009","197.691"
"Bolivia","Passengers Cars","thousand units","2010","205.959"
"Bolivia","Passengers Cars","thousand units","2011","218.739"
"Bolivia","Passengers Cars","thousand units","2012","231.724"
"Bolivia","Passengers Cars","thousand units","2013","248.645"
"Bolivia","Passengers Cars","thousand units","2014","267.459"
"Bolivia","Passengers Cars","thousand units","2015","280"
"Brazil","Passengers Cars","thousand units","2005","18925.913525"
"Brazil","Passengers Cars","thousand units","2006","19892.111395"
"Brazil","Passengers Cars","thousand units","2007","21296.75603"
"Brazil","Passengers Cars","thousand units","2008","22917.13966"
"Brazil","Passengers Cars","thousand units","2009","24814.742645"
"Brazil","Passengers Cars","thousand units","2010","26887.691905"
"Brazil","Passengers Cars","thousand units","2011","28945.93271"
"Brazil","Passengers Cars","thousand units","2012","31122.62194"
"Brazil","Passengers Cars","thousand units","2013","33091.826185"
"Brazil","Passengers Cars","thousand units","2014","34676.23183"
"Brazil","Passengers Cars","thousand units","2015","35471.423"
"Chile","Passengers Cars","thousand units","2005","1595"
"Chile","Passengers Cars","thousand units","2006","1702"
"Chile","Passengers Cars","thousand units","2007","1803"
"Chile","Passengers Cars","thousand units","2008","1927"
"Chile","Passengers Cars","thousand units","2009","2008"
"Chile","Passengers Cars","thousand units","2010","2172"
"Chile","Passengers Cars","thousand units","2011","2363"
"Chile","Passengers Cars","thousand units","2012","2580"
"Chile","Passengers Cars","thousand units","2013","2786.463"
"Chile","Passengers Cars","thousand units","2014","2993.73"
"Chile","Passengers Cars","thousand units","2015","3125.047"
"Colombia","Passengers Cars","thousand units","2005","1638"
"Colombia","Passengers Cars","thousand units","2006","1776"
"Colombia","Passengers Cars","thousand units","2007","1914"
"Colombia","Passengers Cars","thousand units","2008","2074"
"Colombia","Passengers Cars","thousand units","2009","2199"
"Colombia","Passengers Cars","thousand units","2010","2319"
"Colombia","Passengers Cars","thousand units","2011","2506"
"Colombia","Passengers Cars","thousand units","2012","2707"
"Colombia","Passengers Cars","thousand units","2013","2828.671"
"Colombia","Passengers Cars","thousand units","2014","3047.234"
"Colombia","Passengers Cars","thousand units","2015","3092.787"
"Costa Rica","Passengers Cars","thousand units","2005","476"
"Costa Rica","Passengers Cars","thousand units","2006","489"
"Costa Rica","Passengers Cars","thousand units","2007","538.383"
"Costa Rica","Passengers Cars","thousand units","2008","583.082"
"Costa Rica","Passengers Cars","thousand units","2009","605.943"
"Costa Rica","Passengers Cars","thousand units","2010","641.307"
"Costa Rica","Passengers Cars","thousand units","2011","685.945"
"Costa Rica","Passengers Cars","thousand units","2012","734.17"
"Costa Rica","Passengers Cars","thousand units","2013","766.95"
"Costa Rica","Passengers Cars","thousand units","2014","801.68"
"Costa Rica","Passengers Cars","thousand units","2015","846.205"
"Cuba","Passengers Cars","thousand units","2005","195"
"Cuba","Passengers Cars","thousand units","2006","197"
"Cuba","Passengers Cars","thousand units","2007","200"
"Cuba","Passengers Cars","thousand units","2008","202"
"Cuba","Passengers Cars","thousand units","2009","206"
"Cuba","Passengers Cars","thousand units","2010","210"
"Cuba","Passengers Cars","thousand units","2011","214"
"Cuba","Passengers Cars","thousand units","2012","216.038"
"Cuba","Passengers Cars","thousand units","2013","222.24"
"Cuba","Passengers Cars","thousand units","2014","227"
"Cuba","Passengers Cars","thousand units","2015","230"
"Dominican Republic","Passengers Cars","thousand units","2005","557"
"Dominican Republic","Passengers Cars","thousand units","2006","577"
"Dominican Republic","Passengers Cars","thousand units","2007","602"
"Dominican Republic","Passengers Cars","thousand units","2008","630"
"Dominican Republic","Passengers Cars","thousand units","2009","645"
"Dominican Republic","Passengers Cars","thousand units","2010","662"
"Dominican Republic","Passengers Cars","thousand units","2011","663"
"Dominican Republic","Passengers Cars","thousand units","2012","697.18"
"Dominican Republic","Passengers Cars","thousand units","2013","717.087"
"Dominican Republic","Passengers Cars","thousand units","2014","741.583"
"Dominican Republic","Passengers Cars","thousand units","2015","773.019"
"Ecuador","Passengers Cars","thousand units","2005","530"
"Ecuador","Passengers Cars","thousand units","2006","560"
"Ecuador","Passengers Cars","thousand units","2007","590"
"Ecuador","Passengers Cars","thousand units","2008","630"
"Ecuador","Passengers Cars","thousand units","2009","670"
"Ecuador","Passengers Cars","thousand units","2010","727"
"Ecuador","Passengers Cars","thousand units","2011","790"
"Ecuador","Passengers Cars","thousand units","2012","844"
"Ecuador","Passengers Cars","thousand units","2013","890.705"
"Ecuador","Passengers Cars","thousand units","2014","938.556"
"Ecuador","Passengers Cars","thousand units","2015","968.9"
"El Salvador","Passengers Cars","thousand units","2005","74"
"El Salvador","Passengers Cars","thousand units","2006","79"
"El Salvador","Passengers Cars","thousand units","2007","82"
"El Salvador","Passengers Cars","thousand units","2008","85"
"El Salvador","Passengers Cars","thousand units","2009","86"
"El Salvador","Passengers Cars","thousand units","2010","88"
"El Salvador","Passengers Cars","thousand units","2011","92"
"El Salvador","Passengers Cars","thousand units","2012","94.091"
"El Salvador","Passengers Cars","thousand units","2013","101.48"
"El Salvador","Passengers Cars","thousand units","2014","107"
"El Salvador","Passengers Cars","thousand units","2015","110"
"Guatemala","Passengers Cars","thousand units","2005","350.354"
"Guatemala","Passengers Cars","thousand units","2006","400.327"
"Guatemala","Passengers Cars","thousand units","2007","456.344"
"Guatemala","Passengers Cars","thousand units","2008","495.401"
"Guatemala","Passengers Cars","thousand units","2009","525.17"
"Guatemala","Passengers Cars","thousand units","2010","552.059"
"Guatemala","Passengers Cars","thousand units","2011","576.202"
"Guatemala","Passengers Cars","thousand units","2012","597.521"
"Guatemala","Passengers Cars","thousand units","2013","622.16"
"Guatemala","Passengers Cars","thousand units","2014","653.412"
"Guatemala","Passengers Cars","thousand units","2015","696.744"
"Haiti","Passengers Cars","thousand units","2005","37"
"Haiti","Passengers Cars","thousand units","2006","37"
"Haiti","Passengers Cars","thousand units","2007","36"
"Haiti","Passengers Cars","thousand units","2008","37"
"Haiti","Passengers Cars","thousand units","2009","35"
"Haiti","Passengers Cars","thousand units","2010","37"
"Haiti","Passengers Cars","thousand units","2011","38"
"Haiti","Passengers Cars","thousand units","2012","38.781"
"Haiti","Passengers Cars","thousand units","2013","41.31"
"Haiti","Passengers Cars","thousand units","2014","43"
"Haiti","Passengers Cars","thousand units","2015","40"
"Honduras","Passengers Cars","thousand units","2005","27"
"Honduras","Passengers Cars","thousand units","2006","29"
"Honduras","Passengers Cars","thousand units","2007","30"
"Honduras","Passengers Cars","thousand units","2008","31"
"Honduras","Passengers Cars","thousand units","2009","32"
"Honduras","Passengers Cars","thousand units","2010","33"
"Honduras","Passengers Cars","thousand units","2011","34"
"Honduras","Passengers Cars","thousand units","2012","36.4"
"Honduras","Passengers Cars","thousand units","2013","38.6"
"Honduras","Passengers Cars","thousand units","2014","41"
"Honduras","Passengers Cars","thousand units","2015","40"
"Jamaica","Passengers Cars","thousand units","2005","122"
"Jamaica","Passengers Cars","thousand units","2006","127"
"Jamaica","Passengers Cars","thousand units","2007","128"
"Jamaica","Passengers Cars","thousand units","2008","133"
"Jamaica","Passengers Cars","thousand units","2009","133"
"Jamaica","Passengers Cars","thousand units","2010","135"
"Jamaica","Passengers Cars","thousand units","2011","139.046"
"Jamaica","Passengers Cars","thousand units","2012","141.4"
"Jamaica","Passengers Cars","thousand units","2013","144"
"Jamaica","Passengers Cars","thousand units","2014","146"
"Jamaica","Passengers Cars","thousand units","2015","150"
"Nicaragua","Passengers Cars","thousand units","2005","100"
"Nicaragua","Passengers Cars","thousand units","2006","106"
"Nicaragua","Passengers Cars","thousand units","2007","115"
"Nicaragua","Passengers Cars","thousand units","2008","119"
"Nicaragua","Passengers Cars","thousand units","2009","122"
"Nicaragua","Passengers Cars","thousand units","2010","117"
"Nicaragua","Passengers Cars","thousand units","2011","112.373"
"Nicaragua","Passengers Cars","thousand units","2012","115"
"Nicaragua","Passengers Cars","thousand units","2013","116"
"Nicaragua","Passengers Cars","thousand units","2014","119"
"Nicaragua","Passengers Cars","thousand units","2015","120"
"Panama","Passengers Cars","thousand units","2005","261.095"
"Panama","Passengers Cars","thousand units","2006","278.418"
"Panama","Passengers Cars","thousand units","2007","294.895"
"Panama","Passengers Cars","thousand units","2008","306.927"
"Panama","Passengers Cars","thousand units","2009","327.817"
"Panama","Passengers Cars","thousand units","2010","352.024"
"Panama","Passengers Cars","thousand units","2011","367.438"
"Panama","Passengers Cars","thousand units","2012","428.06"
"Panama","Passengers Cars","thousand units","2013","449.168"
"Panama","Passengers Cars","thousand units","2014","490.348"
"Panama","Passengers Cars","thousand units","2015","535.557"
"Paraguay","Passengers Cars","thousand units","2005","208"
"Paraguay","Passengers Cars","thousand units","2006","217"
"Paraguay","Passengers Cars","thousand units","2007","234"
"Paraguay","Passengers Cars","thousand units","2008","270"
"Paraguay","Passengers Cars","thousand units","2009","284"
"Paraguay","Passengers Cars","thousand units","2010","295.147"
"Paraguay","Passengers Cars","thousand units","2011","321.134"
"Paraguay","Passengers Cars","thousand units","2012","350.51"
"Paraguay","Passengers Cars","thousand units","2013","374.438"
"Paraguay","Passengers Cars","thousand units","2014","378.95"
"Paraguay","Passengers Cars","thousand units","2015","384.007"
"Peru","Passengers Cars","thousand units","2005","895.689"
"Peru","Passengers Cars","thousand units","2006","919.1"
"Peru","Passengers Cars","thousand units","2007","947.876"
"Peru","Passengers Cars","thousand units","2008","996.755"
"Peru","Passengers Cars","thousand units","2009","1041.308"
"Peru","Passengers Cars","thousand units","2010","1095.267"
"Peru","Passengers Cars","thousand units","2011","1150.015"
"Peru","Passengers Cars","thousand units","2012","1220.538"
"Peru","Passengers Cars","thousand units","2013","1311.727"
"Peru","Passengers Cars","thousand units","2014","1398.084"
"Peru","Passengers Cars","thousand units","2015","1485.78"
"Puerto Rico","Passengers Cars","thousand units","2005","2208"
"Puerto Rico","Passengers Cars","thousand units","2006","2342"
"Puerto Rico","Passengers Cars","thousand units","2007","2421"
"Puerto Rico","Passengers Cars","thousand units","2008","2413"
"Puerto Rico","Passengers Cars","thousand units","2009","2309.931"
"Puerto Rico","Passengers Cars","thousand units","2010","2229.121"
"Puerto Rico","Passengers Cars","thousand units","2011","2439.144"
"Puerto Rico","Passengers Cars","thousand units","2012","2649.167"
"Puerto Rico","Passengers Cars","thousand units","2013","2940"
"Puerto Rico","Passengers Cars","thousand units","2014","2980"
"Puerto Rico","Passengers Cars","thousand units","2015","3000"
"Suriname","Passengers Cars","thousand units","2005","67"
"Suriname","Passengers Cars","thousand units","2006","71"
"Suriname","Passengers Cars","thousand units","2007","83"
"Suriname","Passengers Cars","thousand units","2008","95"
"Suriname","Passengers Cars","thousand units","2009","108"
"Suriname","Passengers Cars","thousand units","2010","120"
"Suriname","Passengers Cars","thousand units","2011","124.994"
"Suriname","Passengers Cars","thousand units","2012","130.444"
"Suriname","Passengers Cars","thousand units","2013","136.418"
"Suriname","Passengers Cars","thousand units","2014","140"
"Suriname","Passengers Cars","thousand units","2015","150"
"Trinidad","Passengers Cars","thousand units","2005","310"
"Trinidad","Passengers Cars","thousand units","2006","308"
"Trinidad","Passengers Cars","thousand units","2007","312"
"Trinidad","Passengers Cars","thousand units","2008","314"
"Trinidad","Passengers Cars","thousand units","2009","317"
"Trinidad","Passengers Cars","thousand units","2010","320"
"Trinidad","Passengers Cars","thousand units","2011","324"
"Trinidad","Passengers Cars","thousand units","2012","326"
"Trinidad","Passengers Cars","thousand units","2013","332.64"
"Trinidad","Passengers Cars","thousand units","2014","340"
"Trinidad","Passengers Cars","thousand units","2015","350"
"Uruguay","Passengers Cars","thousand units","2005","466"
"Uruguay","Passengers Cars","thousand units","2006","548"
"Uruguay","Passengers Cars","thousand units","2007","574"
"Uruguay","Passengers Cars","thousand units","2008","573"
"Uruguay","Passengers Cars","thousand units","2009","600"
"Uruguay","Passengers Cars","thousand units","2010","602.5"
"Uruguay","Passengers Cars","thousand units","2011","649.502"
"Uruguay","Passengers Cars","thousand units","2012","690.933"
"Uruguay","Passengers Cars","thousand units","2013","740.9"
"Uruguay","Passengers Cars","thousand units","2014","790"
"Uruguay","Passengers Cars","thousand units","2015","840"
"Venezuela","Passengers Cars","thousand units","2005","2658"
"Venezuela","Passengers Cars","thousand units","2006","2869"
"Venezuela","Passengers Cars","thousand units","2007","3244"
"Venezuela","Passengers Cars","thousand units","2008","3826"
"Venezuela","Passengers Cars","thousand units","2009","3821"
"Venezuela","Passengers Cars","thousand units","2010","3927"
"Venezuela","Passengers Cars","thousand units","2011","3983"
"Venezuela","Passengers Cars","thousand units","2012","4000"
"Venezuela","Passengers Cars","thousand units","2013","3444"
"Venezuela","Passengers Cars","thousand units","2014","3510"
"Venezuela","Passengers Cars","thousand units","2015","3600"
"Afghanistan","Passengers Cars","thousand units","2005","460"
"Afghanistan","Passengers Cars","thousand units","2006","485"
"Afghanistan","Passengers Cars","thousand units","2007","520"
"Afghanistan","Passengers Cars","thousand units","2008","558.495"
"Afghanistan","Passengers Cars","thousand units","2009","621.937"
"Afghanistan","Passengers Cars","thousand units","2010","691.573"
"Afghanistan","Passengers Cars","thousand units","2011","745.875"
"Afghanistan","Passengers Cars","thousand units","2012","1109.146"
"Afghanistan","Passengers Cars","thousand units","2013","1141.023"
"Afghanistan","Passengers Cars","thousand units","2014","1151.531"
"Afghanistan","Passengers Cars","thousand units","2015","1156.215"
"Australia","Passengers Cars","thousand units","2005","11011"
"Australia","Passengers Cars","thousand units","2006","11273"
"Australia","Passengers Cars","thousand units","2007","11519"
"Australia","Passengers Cars","thousand units","2008","11804"
"Australia","Passengers Cars","thousand units","2009","12023"
"Australia","Passengers Cars","thousand units","2010","12269.305"
"Australia","Passengers Cars","thousand units","2011","12474"
"Australia","Passengers Cars","thousand units","2012","12714.235"
"Australia","Passengers Cars","thousand units","2013","13000.021"
"Australia","Passengers Cars","thousand units","2014","13297.26"
"Australia","Passengers Cars","thousand units","2015","13549.449"
"Azerbaijan","Passengers Cars","thousand units","2005","479.447"
"Azerbaijan","Passengers Cars","thousand units","2006","548.979"
"Azerbaijan","Passengers Cars","thousand units","2007","616.853"
"Azerbaijan","Passengers Cars","thousand units","2008","700.08"
"Azerbaijan","Passengers Cars","thousand units","2009","759.203"
"Azerbaijan","Passengers Cars","thousand units","2010","815.683"
"Azerbaijan","Passengers Cars","thousand units","2011","871.449"
"Azerbaijan","Passengers Cars","thousand units","2012","958.594"
"Azerbaijan","Passengers Cars","thousand units","2013","1048.806"
"Azerbaijan","Passengers Cars","thousand units","2014","1100.124"
"Azerbaijan","Passengers Cars","thousand units","2015","1129.596"
"Bahrain","Passengers Cars","thousand units","2005","256.853"
"Bahrain","Passengers Cars","thousand units","2006","275.491"
"Bahrain","Passengers Cars","thousand units","2007","298.319"
"Bahrain","Passengers Cars","thousand units","2008","323.323"
"Bahrain","Passengers Cars","thousand units","2009","346.114"
"Bahrain","Passengers Cars","thousand units","2010","363.653"
"Bahrain","Passengers Cars","thousand units","2011","381.312"
"Bahrain","Passengers Cars","thousand units","2012","401.573"
"Bahrain","Passengers Cars","thousand units","2013","436.924"
"Bahrain","Passengers Cars","thousand units","2014","466.576"
"Bahrain","Passengers Cars","thousand units","2015","499.584"
"Bangladesh","Passengers Cars","thousand units","2005","281"
"Bangladesh","Passengers Cars","thousand units","2006","285"
"Bangladesh","Passengers Cars","thousand units","2007","288"
"Bangladesh","Passengers Cars","thousand units","2008","291"
"Bangladesh","Passengers Cars","thousand units","2009","288.315"
"Bangladesh","Passengers Cars","thousand units","2010","311.098"
"Bangladesh","Passengers Cars","thousand units","2011","325.556"
"Bangladesh","Passengers Cars","thousand units","2012","337.509"
"Bangladesh","Passengers Cars","thousand units","2013","351.981"
"Bangladesh","Passengers Cars","thousand units","2014","372.873"
"Bangladesh","Passengers Cars","thousand units","2015","380"
"Brunei","Passengers Cars","thousand units","2005","77"
"Brunei","Passengers Cars","thousand units","2006","80"
"Brunei","Passengers Cars","thousand units","2007","86"
"Brunei","Passengers Cars","thousand units","2008","94"
"Brunei","Passengers Cars","thousand units","2009","154.86"
"Brunei","Passengers Cars","thousand units","2010","102.896"
"Brunei","Passengers Cars","thousand units","2011","132.756"
"Brunei","Passengers Cars","thousand units","2012","218.136"
"Brunei","Passengers Cars","thousand units","2013","241.898"
"Brunei","Passengers Cars","thousand units","2014","264.959"
"Brunei","Passengers Cars","thousand units","2015","294.605"
"China","Passengers Cars","thousand units","2005","21325"
"China","Passengers Cars","thousand units","2006","26196"
"China","Passengers Cars","thousand units","2007","31960"
"China","Passengers Cars","thousand units","2008","38389"
"China","Passengers Cars","thousand units","2009","48451"
"China","Passengers Cars","thousand units","2010","61634"
"China","Passengers Cars","thousand units","2011","74850"
"China","Passengers Cars","thousand units","2012","87376"
"China","Passengers Cars","thousand units","2013","101360.8"
"China","Passengers Cars","thousand units","2014","117481.913"
"China","Passengers Cars","thousand units","2015","135804.833"
"Guam","Passengers Cars","thousand units","2005","64"
"Guam","Passengers Cars","thousand units","2006","63"
"Guam","Passengers Cars","thousand units","2007","65"
"Guam","Passengers Cars","thousand units","2008","69"
"Guam","Passengers Cars","thousand units","2009","69"
"Guam","Passengers Cars","thousand units","2010","71"
"Guam","Passengers Cars","thousand units","2011","72"
"Guam","Passengers Cars","thousand units","2012","74"
"Guam","Passengers Cars","thousand units","2013","75.5"
"Guam","Passengers Cars","thousand units","2014","77.1"
"Guam","Passengers Cars","thousand units","2015","80"
"Hong-Kong","Passengers Cars","thousand units","2005","369"
"Hong-Kong","Passengers Cars","thousand units","2006","378"
"Hong-Kong","Passengers Cars","thousand units","2007","390"
"Hong-Kong","Passengers Cars","thousand units","2008","401"
"Hong-Kong","Passengers Cars","thousand units","2009","412"
"Hong-Kong","Passengers Cars","thousand units","2010","433"
"Hong-Kong","Passengers Cars","thousand units","2011","453"
"Hong-Kong","Passengers Cars","thousand units","2012","473"
"Hong-Kong","Passengers Cars","thousand units","2013","493.835"
"Hong-Kong","Passengers Cars","thousand units","2014","513.104"
"Hong-Kong","Passengers Cars","thousand units","2015","539.97"
"India","Passengers Cars","thousand units","2005","7626"
"India","Passengers Cars","thousand units","2006","8572"
"India","Passengers Cars","thousand units","2007","9444"
"India","Passengers Cars","thousand units","2008","10606"
"India","Passengers Cars","thousand units","2009","11744"
"India","Passengers Cars","thousand units","2010","13268"
"India","Passengers Cars","thousand units","2011","15027"
"India","Passengers Cars","thousand units","2012","16896"
"India","Passengers Cars","thousand units","2013","18918"
"India","Passengers Cars","thousand units","2014","20442"
"India","Passengers Cars","thousand units","2015","22468"
"Indonesia","Passengers Cars","thousand units","2005","5076.23"
"Indonesia","Passengers Cars","thousand units","2006","6035.291"
"Indonesia","Passengers Cars","thousand units","2007","6877.229"
"Indonesia","Passengers Cars","thousand units","2008","7489.852"
"Indonesia","Passengers Cars","thousand units","2009","7910.407"
"Indonesia","Passengers Cars","thousand units","2010","8891.041"
"Indonesia","Passengers Cars","thousand units","2011","9548.866"
"Indonesia","Passengers Cars","thousand units","2012","10432.259"
"Indonesia","Passengers Cars","thousand units","2013","11484.514"
"Indonesia","Passengers Cars","thousand units","2014","12599.038"
"Indonesia","Passengers Cars","thousand units","2015","13480.973"
"Iraq","Passengers Cars","thousand units","2005","775"
"Iraq","Passengers Cars","thousand units","2006","857"
"Iraq","Passengers Cars","thousand units","2007","864"
"Iraq","Passengers Cars","thousand units","2008","872"
"Iraq","Passengers Cars","thousand units","2009","878"
"Iraq","Passengers Cars","thousand units","2010","990"
"Iraq","Passengers Cars","thousand units","2011","1225.483"
"Iraq","Passengers Cars","thousand units","2012","1340.562"
"Iraq","Passengers Cars","thousand units","2013","1442"
"Iraq","Passengers Cars","thousand units","2014","1550"
"Iraq","Passengers Cars","thousand units","2015","1700"
"Iran","Passengers Cars","thousand units","2005","6500"
"Iran","Passengers Cars","thousand units","2006","6800"
"Iran","Passengers Cars","thousand units","2007","7100"
"Iran","Passengers Cars","thousand units","2008","7453.66666666667"
"Iran","Passengers Cars","thousand units","2009","7807.33333333333"
"Iran","Passengers Cars","thousand units","2010","8161"
"Iran","Passengers Cars","thousand units","2011","9220.2"
"Iran","Passengers Cars","thousand units","2012","10279.4"
"Iran","Passengers Cars","thousand units","2013","11338.6"
"Iran","Passengers Cars","thousand units","2014","11980"
"Iran","Passengers Cars","thousand units","2015","12700"
"Israel","Passengers Cars","thousand units","2005","1643.811"
"Israel","Passengers Cars","thousand units","2006","1703.114"
"Israel","Passengers Cars","thousand units","2007","1797.627"
"Israel","Passengers Cars","thousand units","2008","1894.903"
"Israel","Passengers Cars","thousand units","2009","1965.373"
"Israel","Passengers Cars","thousand units","2010","2072.126"
"Israel","Passengers Cars","thousand units","2011","2183.405"
"Israel","Passengers Cars","thousand units","2012","2265.275"
"Israel","Passengers Cars","thousand units","2013","2358.508"
"Israel","Passengers Cars","thousand units","2014","2477.342"
"Israel","Passengers Cars","thousand units","2015","2603.845"
"Japan","Passengers Cars","thousand units","2005","57091"
"Japan","Passengers Cars","thousand units","2006","57521"
"Japan","Passengers Cars","thousand units","2007","57624"
"Japan","Passengers Cars","thousand units","2008","57865"
"Japan","Passengers Cars","thousand units","2009","58020"
"Japan","Passengers Cars","thousand units","2010","58347"
"Japan","Passengers Cars","thousand units","2011","58670"
"Japan","Passengers Cars","thousand units","2012","59421"
"Japan","Passengers Cars","thousand units","2013","60035.848"
"Japan","Passengers Cars","thousand units","2014","60668.07"
"Japan","Passengers Cars","thousand units","2015","60987.883"
"Jordan","Passengers Cars","thousand units","2005","428"
"Jordan","Passengers Cars","thousand units","2006","482"
"Jordan","Passengers Cars","thousand units","2007","538"
"Jordan","Passengers Cars","thousand units","2008","596"
"Jordan","Passengers Cars","thousand units","2009","668"
"Jordan","Passengers Cars","thousand units","2010","691"
"Jordan","Passengers Cars","thousand units","2011","820"
"Jordan","Passengers Cars","thousand units","2012","854"
"Jordan","Passengers Cars","thousand units","2013","896.1"
"Jordan","Passengers Cars","thousand units","2014","940"
"Jordan","Passengers Cars","thousand units","2015","1000"
"Kazakhstan","Passengers Cars","thousand units","2005","1405.3"
"Kazakhstan","Passengers Cars","thousand units","2006","1745"
"Kazakhstan","Passengers Cars","thousand units","2007","2183.1"
"Kazakhstan","Passengers Cars","thousand units","2008","2576.6"
"Kazakhstan","Passengers Cars","thousand units","2009","2656.8"
"Kazakhstan","Passengers Cars","thousand units","2010","3087.6"
"Kazakhstan","Passengers Cars","thousand units","2011","3553.814"
"Kazakhstan","Passengers Cars","thousand units","2012","3642.826"
"Kazakhstan","Passengers Cars","thousand units","2013","3678.282"
"Kazakhstan","Passengers Cars","thousand units","2014","4000.109"
"Kazakhstan","Passengers Cars","thousand units","2015","3856.505"
"Kyrgyzstan","Passengers Cars","thousand units","2005","201"
"Kyrgyzstan","Passengers Cars","thousand units","2006","219"
"Kyrgyzstan","Passengers Cars","thousand units","2007","230"
"Kyrgyzstan","Passengers Cars","thousand units","2008","315"
"Kyrgyzstan","Passengers Cars","thousand units","2009","400"
"Kyrgyzstan","Passengers Cars","thousand units","2010","506"
"Kyrgyzstan","Passengers Cars","thousand units","2011","569.8"
"Kyrgyzstan","Passengers Cars","thousand units","2012","649.866666666667"
"Kyrgyzstan","Passengers Cars","thousand units","2013","729.933333333333"
"Kyrgyzstan","Passengers Cars","thousand units","2014","810"
"Kyrgyzstan","Passengers Cars","thousand units","2015","880"
"Kuwait","Passengers Cars","thousand units","2005","930"
"Kuwait","Passengers Cars","thousand units","2006","984.614"
"Kuwait","Passengers Cars","thousand units","2007","1047.949"
"Kuwait","Passengers Cars","thousand units","2008","1098.251"
"Kuwait","Passengers Cars","thousand units","2009","1150.84"
"Kuwait","Passengers Cars","thousand units","2010","1202.704"
"Kuwait","Passengers Cars","thousand units","2011","1266.506"
"Kuwait","Passengers Cars","thousand units","2012","1342.317"
"Kuwait","Passengers Cars","thousand units","2013","1426.625"
"Kuwait","Passengers Cars","thousand units","2014","1501.193"
"Kuwait","Passengers Cars","thousand units","2015","1570.196"
"Lebanon","Passengers Cars","thousand units","2005","430"
"Lebanon","Passengers Cars","thousand units","2006","423"
"Lebanon","Passengers Cars","thousand units","2007","426"
"Lebanon","Passengers Cars","thousand units","2008","440"
"Lebanon","Passengers Cars","thousand units","2009","445"
"Lebanon","Passengers Cars","thousand units","2010","450"
"Lebanon","Passengers Cars","thousand units","2011","455.085"
"Lebanon","Passengers Cars","thousand units","2012","477"
"Lebanon","Passengers Cars","thousand units","2013","506.1"
"Lebanon","Passengers Cars","thousand units","2014","540"
"Lebanon","Passengers Cars","thousand units","2015","570"
"Malaysia","Passengers Cars","thousand units","2005","6552"
"Malaysia","Passengers Cars","thousand units","2006","7024"
"Malaysia","Passengers Cars","thousand units","2007","7504"
"Malaysia","Passengers Cars","thousand units","2008","8057"
"Malaysia","Passengers Cars","thousand units","2009","8602"
"Malaysia","Passengers Cars","thousand units","2010","9217.881"
"Malaysia","Passengers Cars","thousand units","2011","9830.661"
"Malaysia","Passengers Cars","thousand units","2012","10467.014"
"Malaysia","Passengers Cars","thousand units","2013","10634.284"
"Malaysia","Passengers Cars","thousand units","2014","11364.544"
"Malaysia","Passengers Cars","thousand units","2015","12043.73"
"New Caledonia","Passengers Cars","thousand units","2005","59"
"New Caledonia","Passengers Cars","thousand units","2006","59"
"New Caledonia","Passengers Cars","thousand units","2007","64"
"New Caledonia","Passengers Cars","thousand units","2008","65"
"New Caledonia","Passengers Cars","thousand units","2009","67"
"New Caledonia","Passengers Cars","thousand units","2010","68"
"New Caledonia","Passengers Cars","thousand units","2011","69"
"New Caledonia","Passengers Cars","thousand units","2012","70"
"New Caledonia","Passengers Cars","thousand units","2013","70"
"New Caledonia","Passengers Cars","thousand units","2014","70"
"New Caledonia","Passengers Cars","thousand units","2015","70"
"New Zealand","Passengers Cars","thousand units","2005","2182"
"New Zealand","Passengers Cars","thousand units","2006","2241"
"New Zealand","Passengers Cars","thousand units","2007","2282"
"New Zealand","Passengers Cars","thousand units","2008","2299"
"New Zealand","Passengers Cars","thousand units","2009","2329"
"New Zealand","Passengers Cars","thousand units","2010","2327"
"New Zealand","Passengers Cars","thousand units","2011","2362"
"New Zealand","Passengers Cars","thousand units","2012","2425"
"New Zealand","Passengers Cars","thousand units","2013","2895"
"New Zealand","Passengers Cars","thousand units","2014","2981.258"
"New Zealand","Passengers Cars","thousand units","2015","3078.952"
"Oman","Passengers Cars","thousand units","2005","285"
"Oman","Passengers Cars","thousand units","2006","390"
"Oman","Passengers Cars","thousand units","2007","400"
"Oman","Passengers Cars","thousand units","2008","467"
"Oman","Passengers Cars","thousand units","2009","474"
"Oman","Passengers Cars","thousand units","2010","520"
"Oman","Passengers Cars","thousand units","2011","570"
"Oman","Passengers Cars","thousand units","2012","620"
"Oman","Passengers Cars","thousand units","2013","660"
"Oman","Passengers Cars","thousand units","2014","710"
"Oman","Passengers Cars","thousand units","2015","760"
"Pakistan","Passengers Cars","thousand units","2005","1410.381"
"Pakistan","Passengers Cars","thousand units","2006","1477.564"
"Pakistan","Passengers Cars","thousand units","2007","1544.198"
"Pakistan","Passengers Cars","thousand units","2008","1654.285"
"Pakistan","Passengers Cars","thousand units","2009","1764.323"
"Pakistan","Passengers Cars","thousand units","2010","1849.229"
"Pakistan","Passengers Cars","thousand units","2011","2006.211"
"Pakistan","Passengers Cars","thousand units","2012","2238.148"
"Pakistan","Passengers Cars","thousand units","2013","2426.317"
"Pakistan","Passengers Cars","thousand units","2014","2546.108"
"Pakistan","Passengers Cars","thousand units","2015","2720"
"Palestine","Passengers Cars","thousand units","2005","104"
"Palestine","Passengers Cars","thousand units","2006","89"
"Palestine","Passengers Cars","thousand units","2007","61"
"Palestine","Passengers Cars","thousand units","2008","75"
"Palestine","Passengers Cars","thousand units","2009","98"
"Palestine","Passengers Cars","thousand units","2010","101"
"Palestine","Passengers Cars","thousand units","2011","134"
"Palestine","Passengers Cars","thousand units","2012","167"
"Palestine","Passengers Cars","thousand units","2013","200.03"
"Palestine","Passengers Cars","thousand units","2014","240"
"Palestine","Passengers Cars","thousand units","2015","260"
"Philippines","Passengers Cars","thousand units","2005","2580.202"
"Philippines","Passengers Cars","thousand units","2006","2583.268"
"Philippines","Passengers Cars","thousand units","2007","4971.338"
"Philippines","Passengers Cars","thousand units","2008","2555.578"
"Philippines","Passengers Cars","thousand units","2009","2646.11"
"Philippines","Passengers Cars","thousand units","2010","2770.591"
"Philippines","Passengers Cars","thousand units","2011","2861.088"
"Philippines","Passengers Cars","thousand units","2012","2934.086"
"Philippines","Passengers Cars","thousand units","2013","2159.741"
"Philippines","Passengers Cars","thousand units","2014","3158.753"
"Philippines","Passengers Cars","thousand units","2015","3361.085"
"Qatar","Passengers Cars","thousand units","2005","246"
"Qatar","Passengers Cars","thousand units","2006","251"
"Qatar","Passengers Cars","thousand units","2007","300"
"Qatar","Passengers Cars","thousand units","2008","416"
"Qatar","Passengers Cars","thousand units","2009","450"
"Qatar","Passengers Cars","thousand units","2010","490"
"Qatar","Passengers Cars","thousand units","2011","540"
"Qatar","Passengers Cars","thousand units","2012","580"
"Qatar","Passengers Cars","thousand units","2013","607.02"
"Qatar","Passengers Cars","thousand units","2014","650"
"Qatar","Passengers Cars","thousand units","2015","700"
"Saudi Arabia","Passengers Cars","thousand units","2005","2160"
"Saudi Arabia","Passengers Cars","thousand units","2006","2290"
"Saudi Arabia","Passengers Cars","thousand units","2007","2450"
"Saudi Arabia","Passengers Cars","thousand units","2008","2620"
"Saudi Arabia","Passengers Cars","thousand units","2009","2830"
"Saudi Arabia","Passengers Cars","thousand units","2010","3110"
"Saudi Arabia","Passengers Cars","thousand units","2011","3410"
"Saudi Arabia","Passengers Cars","thousand units","2012","3689"
"Saudi Arabia","Passengers Cars","thousand units","2013","3867.5"
"Saudi Arabia","Passengers Cars","thousand units","2014","4110"
"Saudi Arabia","Passengers Cars","thousand units","2015","4400"
"Singapore","Passengers Cars","thousand units","2005","462.966"
"Singapore","Passengers Cars","thousand units","2006","498.051"
"Singapore","Passengers Cars","thousand units","2007","541.487"
"Singapore","Passengers Cars","thousand units","2008","577.146"
"Singapore","Passengers Cars","thousand units","2009","604.073"
"Singapore","Passengers Cars","thousand units","2010","623.819"
"Singapore","Passengers Cars","thousand units","2011","633.331"
"Singapore","Passengers Cars","thousand units","2012","648.221"
"Singapore","Passengers Cars","thousand units","2013","651.383"
"Singapore","Passengers Cars","thousand units","2014","647.759"
"Singapore","Passengers Cars","thousand units","2015","632.981"
"South Korea","Passengers Cars","thousand units","2005","11122"
"South Korea","Passengers Cars","thousand units","2006","11607"
"South Korea","Passengers Cars","thousand units","2007","12100"
"South Korea","Passengers Cars","thousand units","2008","12484"
"South Korea","Passengers Cars","thousand units","2009","13024"
"South Korea","Passengers Cars","thousand units","2010","13632"
"South Korea","Passengers Cars","thousand units","2011","14136"
"South Korea","Passengers Cars","thousand units","2012","14577"
"South Korea","Passengers Cars","thousand units","2013","15078"
"South Korea","Passengers Cars","thousand units","2014","15747.162"
"South Korea","Passengers Cars","thousand units","2015","16561.665"
"Sri Lanka","Passengers Cars","thousand units","2005","370"
"Sri Lanka","Passengers Cars","thousand units","2006","370"
"Sri Lanka","Passengers Cars","thousand units","2007","380"
"Sri Lanka","Passengers Cars","thousand units","2008","381.448"
"Sri Lanka","Passengers Cars","thousand units","2009","387.21"
"Sri Lanka","Passengers Cars","thousand units","2010","410.282"
"Sri Lanka","Passengers Cars","thousand units","2011","468.168"
"Sri Lanka","Passengers Cars","thousand units","2012","499.714"
"Sri Lanka","Passengers Cars","thousand units","2013","528.094"
"Sri Lanka","Passengers Cars","thousand units","2014","566.874"
"Sri Lanka","Passengers Cars","thousand units","2015","672.502"
"Syria","Passengers Cars","thousand units","2005","2160"
"Syria","Passengers Cars","thousand units","2006","2290"
"Syria","Passengers Cars","thousand units","2007","2450"
"Syria","Passengers Cars","thousand units","2008","2620"
"Syria","Passengers Cars","thousand units","2009","2830"
"Syria","Passengers Cars","thousand units","2010","3110"
"Syria","Passengers Cars","thousand units","2011","3410"
"Syria","Passengers Cars","thousand units","2012","3689"
"Syria","Passengers Cars","thousand units","2013","3867.5"
"Syria","Passengers Cars","thousand units","2014","4250"
"Syria","Passengers Cars","thousand units","2015","4600"
"Taiwan","Passengers Cars","thousand units","2005","5634"
"Taiwan","Passengers Cars","thousand units","2006","5698.324"
"Taiwan","Passengers Cars","thousand units","2007","5712.842"
"Taiwan","Passengers Cars","thousand units","2008","5674.426"
"Taiwan","Passengers Cars","thousand units","2009","5704.312"
"Taiwan","Passengers Cars","thousand units","2010","5803.413"
"Taiwan","Passengers Cars","thousand units","2011","5960.088"
"Taiwan","Passengers Cars","thousand units","2012","6091.324"
"Taiwan","Passengers Cars","thousand units","2013","6236.879"
"Taiwan","Passengers Cars","thousand units","2014","6405.778"
"Taiwan","Passengers Cars","thousand units","2015","6573.746"
"Thailand","Passengers Cars","thousand units","2005","3943"
"Thailand","Passengers Cars","thousand units","2006","3708"
"Thailand","Passengers Cars","thousand units","2007","3942"
"Thailand","Passengers Cars","thousand units","2008","4188"
"Thailand","Passengers Cars","thousand units","2009","4462"
"Thailand","Passengers Cars","thousand units","2010","4750"
"Thailand","Passengers Cars","thousand units","2011","5404"
"Thailand","Passengers Cars","thousand units","2012","6274"
"Thailand","Passengers Cars","thousand units","2013","7167"
"Thailand","Passengers Cars","thousand units","2014","7717"
"Thailand","Passengers Cars","thousand units","2015","8170"
"United Arab Emirates","Passengers Cars","thousand units","2005","796"
"United Arab Emirates","Passengers Cars","thousand units","2006","807"
"United Arab Emirates","Passengers Cars","thousand units","2007","1000"
"United Arab Emirates","Passengers Cars","thousand units","2008","1318"
"United Arab Emirates","Passengers Cars","thousand units","2009","1337"
"United Arab Emirates","Passengers Cars","thousand units","2010","1347.314"
"United Arab Emirates","Passengers Cars","thousand units","2011","1446"
"United Arab Emirates","Passengers Cars","thousand units","2012","1559"
"United Arab Emirates","Passengers Cars","thousand units","2013","1700"
"United Arab Emirates","Passengers Cars","thousand units","2014","1830"
"United Arab Emirates","Passengers Cars","thousand units","2015","2000"
"Vietnam","Passengers Cars","thousand units","2005","525"
"Vietnam","Passengers Cars","thousand units","2006","532"
"Vietnam","Passengers Cars","thousand units","2007","800"
"Vietnam","Passengers Cars","thousand units","2008","1203.6"
"Vietnam","Passengers Cars","thousand units","2009","1300"
"Vietnam","Passengers Cars","thousand units","2010","1430"
"Vietnam","Passengers Cars","thousand units","2011","1570"
"Vietnam","Passengers Cars","thousand units","2012","1700"
"Vietnam","Passengers Cars","thousand units","2013","1794"
"Vietnam","Passengers Cars","thousand units","2014","1900"
"Vietnam","Passengers Cars","thousand units","2015","2000"
"Yemen","Passengers Cars","thousand units","2005","348"
"Yemen","Passengers Cars","thousand units","2006","369"
"Yemen","Passengers Cars","thousand units","2007","394"
"Yemen","Passengers Cars","thousand units","2008","412"
"Yemen","Passengers Cars","thousand units","2009","431"
"Yemen","Passengers Cars","thousand units","2010","449"
"Yemen","Passengers Cars","thousand units","2011","470"
"Yemen","Passengers Cars","thousand units","2012","490"
"Yemen","Passengers Cars","thousand units","2013","528.565"
"Yemen","Passengers Cars","thousand units","2014","560"
"Yemen","Passengers Cars","thousand units","2015","600"
"Algeria","Passengers Cars","thousand units","2005","1906"
"Algeria","Passengers Cars","thousand units","2006","2043"
"Algeria","Passengers Cars","thousand units","2007","2212"
"Algeria","Passengers Cars","thousand units","2008","2395"
"Algeria","Passengers Cars","thousand units","2009","2593"
"Algeria","Passengers Cars","thousand units","2010","2691"
"Algeria","Passengers Cars","thousand units","2011","2800"
"Algeria","Passengers Cars","thousand units","2012","3050"
"Algeria","Passengers Cars","thousand units","2013","3268"
"Algeria","Passengers Cars","thousand units","2014","3483.047"
"Algeria","Passengers Cars","thousand units","2015","3700"
"Angola","Passengers Cars","thousand units","2005","273"
"Angola","Passengers Cars","thousand units","2006","276"
"Angola","Passengers Cars","thousand units","2007","400"
"Angola","Passengers Cars","thousand units","2008","566"
"Angola","Passengers Cars","thousand units","2009","574"
"Angola","Passengers Cars","thousand units","2010","590"
"Angola","Passengers Cars","thousand units","2011","610"
"Angola","Passengers Cars","thousand units","2012","640"
"Angola","Passengers Cars","thousand units","2013","670"
"Angola","Passengers Cars","thousand units","2014","700"
"Angola","Passengers Cars","thousand units","2015","740"
"Benin","Passengers Cars","thousand units","2005","142"
"Benin","Passengers Cars","thousand units","2006","144"
"Benin","Passengers Cars","thousand units","2007","146"
"Benin","Passengers Cars","thousand units","2008","153"
"Benin","Passengers Cars","thousand units","2009","160"
"Benin","Passengers Cars","thousand units","2010","167"
"Benin","Passengers Cars","thousand units","2011","170"
"Benin","Passengers Cars","thousand units","2012","180"
"Benin","Passengers Cars","thousand units","2013","190"
"Benin","Passengers Cars","thousand units","2014","200"
"Benin","Passengers Cars","thousand units","2015","210"
"Botswana","Passengers Cars","thousand units","2005","70.134"
"Botswana","Passengers Cars","thousand units","2006","78.801"
"Botswana","Passengers Cars","thousand units","2007","88.388"
"Botswana","Passengers Cars","thousand units","2008","100.746"
"Botswana","Passengers Cars","thousand units","2009","115.98"
"Botswana","Passengers Cars","thousand units","2010","156.339"
"Botswana","Passengers Cars","thousand units","2011","155.193"
"Botswana","Passengers Cars","thousand units","2012","194.133"
"Botswana","Passengers Cars","thousand units","2013","208.455"
"Botswana","Passengers Cars","thousand units","2014","223.903"
"Botswana","Passengers Cars","thousand units","2015","246.191"
"Burkina Faso","Passengers Cars","thousand units","2005","85"
"Burkina Faso","Passengers Cars","thousand units","2006","88"
"Burkina Faso","Passengers Cars","thousand units","2007","105"
"Burkina Faso","Passengers Cars","thousand units","2008","109"
"Burkina Faso","Passengers Cars","thousand units","2009","112"
"Burkina Faso","Passengers Cars","thousand units","2010","116"
"Burkina Faso","Passengers Cars","thousand units","2011","130"
"Burkina Faso","Passengers Cars","thousand units","2012","140"
"Burkina Faso","Passengers Cars","thousand units","2013","160"
"Burkina Faso","Passengers Cars","thousand units","2014","180"
"Burkina Faso","Passengers Cars","thousand units","2015","200"
"Burundi","Passengers Cars","thousand units","2005","14"
"Burundi","Passengers Cars","thousand units","2006","15"
"Burundi","Passengers Cars","thousand units","2007","16"
"Burundi","Passengers Cars","thousand units","2008","16"
"Burundi","Passengers Cars","thousand units","2009","16"
"Burundi","Passengers Cars","thousand units","2010","17"
"Burundi","Passengers Cars","thousand units","2011","18"
"Burundi","Passengers Cars","thousand units","2012","20"
"Burundi","Passengers Cars","thousand units","2013","20"
"Burundi","Passengers Cars","thousand units","2014","20"
"Burundi","Passengers Cars","thousand units","2015","20"
"Cameroon","Passengers Cars","thousand units","2005","176"
"Cameroon","Passengers Cars","thousand units","2006","179"
"Cameroon","Passengers Cars","thousand units","2007","184"
"Cameroon","Passengers Cars","thousand units","2008","193"
"Cameroon","Passengers Cars","thousand units","2009","201"
"Cameroon","Passengers Cars","thousand units","2010","210"
"Cameroon","Passengers Cars","thousand units","2011","220"
"Cameroon","Passengers Cars","thousand units","2012","230"
"Cameroon","Passengers Cars","thousand units","2013","240"
"Cameroon","Passengers Cars","thousand units","2014","250"
"Cameroon","Passengers Cars","thousand units","2015","260"
"Congo, Democratic Republic","Passengers Cars","thousand units","2005","894"
"Congo, Democratic Republic","Passengers Cars","thousand units","2006","903"
"Congo, Democratic Republic","Passengers Cars","thousand units","2007","911"
"Congo, Democratic Republic","Passengers Cars","thousand units","2008","914"
"Congo, Democratic Republic","Passengers Cars","thousand units","2009","917"
"Congo, Democratic Republic","Passengers Cars","thousand units","2010","920"
"Congo, Democratic Republic","Passengers Cars","thousand units","2011","943"
"Congo, Democratic Republic","Passengers Cars","thousand units","2012","982"
"Congo, Democratic Republic","Passengers Cars","thousand units","2013","1000"
"Congo, Democratic Republic","Passengers Cars","thousand units","2014","1050"
"Congo, Democratic Republic","Passengers Cars","thousand units","2015","1100"
"Egypt","Passengers Cars","thousand units","2005","2100"
"Egypt","Passengers Cars","thousand units","2006","2238.901"
"Egypt","Passengers Cars","thousand units","2007","2387.222"
"Egypt","Passengers Cars","thousand units","2008","2524.805"
"Egypt","Passengers Cars","thousand units","2009","2747.618"
"Egypt","Passengers Cars","thousand units","2010","3171.232"
"Egypt","Passengers Cars","thousand units","2011","3436.08"
"Egypt","Passengers Cars","thousand units","2012","3541.027"
"Egypt","Passengers Cars","thousand units","2013","3699.455"
"Egypt","Passengers Cars","thousand units","2014","3915.11"
"Egypt","Passengers Cars","thousand units","2015","4384.338"
"Ethiopia","Passengers Cars","thousand units","2005","74"
"Ethiopia","Passengers Cars","thousand units","2006","73"
"Ethiopia","Passengers Cars","thousand units","2007","73"
"Ethiopia","Passengers Cars","thousand units","2008","75"
"Ethiopia","Passengers Cars","thousand units","2009","72.593"
"Ethiopia","Passengers Cars","thousand units","2010","74"
"Ethiopia","Passengers Cars","thousand units","2011","78.02"
"Ethiopia","Passengers Cars","thousand units","2012","82"
"Ethiopia","Passengers Cars","thousand units","2013","90"
"Ethiopia","Passengers Cars","thousand units","2014","90"
"Ethiopia","Passengers Cars","thousand units","2015","90"
"Ghana","Passengers Cars","thousand units","2005","110"
"Ghana","Passengers Cars","thousand units","2006","275"
"Ghana","Passengers Cars","thousand units","2007","370"
"Ghana","Passengers Cars","thousand units","2008","500"
"Ghana","Passengers Cars","thousand units","2009","440"
"Ghana","Passengers Cars","thousand units","2010","413"
"Ghana","Passengers Cars","thousand units","2011","440"
"Ghana","Passengers Cars","thousand units","2012","470"
"Ghana","Passengers Cars","thousand units","2013","500"
"Ghana","Passengers Cars","thousand units","2014","530"
"Ghana","Passengers Cars","thousand units","2015","560"
"Ivory Coast","Passengers Cars","thousand units","2005","270"
"Ivory Coast","Passengers Cars","thousand units","2006","275"
"Ivory Coast","Passengers Cars","thousand units","2007","298"
"Ivory Coast","Passengers Cars","thousand units","2008","310"
"Ivory Coast","Passengers Cars","thousand units","2009","328"
"Ivory Coast","Passengers Cars","thousand units","2010","361"
"Ivory Coast","Passengers Cars","thousand units","2011","376"
"Ivory Coast","Passengers Cars","thousand units","2012","390"
"Ivory Coast","Passengers Cars","thousand units","2013","400"
"Ivory Coast","Passengers Cars","thousand units","2014","410"
"Ivory Coast","Passengers Cars","thousand units","2015","430"
"Kenya","Passengers Cars","thousand units","2005","329.068"
"Kenya","Passengers Cars","thousand units","2006","372.53"
"Kenya","Passengers Cars","thousand units","2007","410.812"
"Kenya","Passengers Cars","thousand units","2008","450.137"
"Kenya","Passengers Cars","thousand units","2009","499.679"
"Kenya","Passengers Cars","thousand units","2010","553.397"
"Kenya","Passengers Cars","thousand units","2011","591.958"
"Kenya","Passengers Cars","thousand units","2012","644.805"
"Kenya","Passengers Cars","thousand units","2013","709.812"
"Kenya","Passengers Cars","thousand units","2014","779.256"
"Kenya","Passengers Cars","thousand units","2015","847.745"
"Liberia","Passengers Cars","thousand units","2005","12"
"Liberia","Passengers Cars","thousand units","2006","19"
"Liberia","Passengers Cars","thousand units","2007","16"
"Liberia","Passengers Cars","thousand units","2008","13"
"Liberia","Passengers Cars","thousand units","2009","13"
"Liberia","Passengers Cars","thousand units","2010","14"
"Liberia","Passengers Cars","thousand units","2011","15"
"Liberia","Passengers Cars","thousand units","2012","17"
"Liberia","Passengers Cars","thousand units","2013","20"
"Liberia","Passengers Cars","thousand units","2014","20"
"Liberia","Passengers Cars","thousand units","2015","20"
"Libya","Passengers Cars","thousand units","2005","1100"
"Libya","Passengers Cars","thousand units","2006","1357"
"Libya","Passengers Cars","thousand units","2007","1400"
"Libya","Passengers Cars","thousand units","2008","1420"
"Libya","Passengers Cars","thousand units","2009","1436.283"
"Libya","Passengers Cars","thousand units","2010","1655"
"Libya","Passengers Cars","thousand units","2011","1740.165"
"Libya","Passengers Cars","thousand units","2012","1842"
"Libya","Passengers Cars","thousand units","2013","1950"
"Libya","Passengers Cars","thousand units","2014","2060"
"Libya","Passengers Cars","thousand units","2015","2170"
"Madagascar","Passengers Cars","thousand units","2005","75"
"Madagascar","Passengers Cars","thousand units","2006","77"
"Madagascar","Passengers Cars","thousand units","2007","110"
"Madagascar","Passengers Cars","thousand units","2008","146"
"Madagascar","Passengers Cars","thousand units","2009","141"
"Madagascar","Passengers Cars","thousand units","2010","139"
"Madagascar","Passengers Cars","thousand units","2011","147"
"Madagascar","Passengers Cars","thousand units","2012","154"
"Madagascar","Passengers Cars","thousand units","2013","162"
"Madagascar","Passengers Cars","thousand units","2014","190"
"Madagascar","Passengers Cars","thousand units","2015","200"
"Malawi","Passengers Cars","thousand units","2005","35"
"Malawi","Passengers Cars","thousand units","2006","36"
"Malawi","Passengers Cars","thousand units","2007","44"
"Malawi","Passengers Cars","thousand units","2008","55"
"Malawi","Passengers Cars","thousand units","2009","55"
"Malawi","Passengers Cars","thousand units","2010","56"
"Malawi","Passengers Cars","thousand units","2011","57"
"Malawi","Passengers Cars","thousand units","2012","58"
"Malawi","Passengers Cars","thousand units","2013","59"
"Malawi","Passengers Cars","thousand units","2014","60"
"Malawi","Passengers Cars","thousand units","2015","60"
"Mali","Passengers Cars","thousand units","2005","75"
"Mali","Passengers Cars","thousand units","2006","86"
"Mali","Passengers Cars","thousand units","2007","98"
"Mali","Passengers Cars","thousand units","2008","105"
"Mali","Passengers Cars","thousand units","2009","110"
"Mali","Passengers Cars","thousand units","2010","120"
"Mali","Passengers Cars","thousand units","2011","130"
"Mali","Passengers Cars","thousand units","2012","140"
"Mali","Passengers Cars","thousand units","2013","150"
"Mali","Passengers Cars","thousand units","2014","160"
"Mali","Passengers Cars","thousand units","2015","170"
"Mauritania","Passengers Cars","thousand units","2005","12"
"Mauritania","Passengers Cars","thousand units","2006","13"
"Mauritania","Passengers Cars","thousand units","2007","13"
"Mauritania","Passengers Cars","thousand units","2008","13"
"Mauritania","Passengers Cars","thousand units","2009","13"
"Mauritania","Passengers Cars","thousand units","2010","14"
"Mauritania","Passengers Cars","thousand units","2011","14"
"Mauritania","Passengers Cars","thousand units","2012","16"
"Mauritania","Passengers Cars","thousand units","2013","20"
"Mauritania","Passengers Cars","thousand units","2014","20"
"Mauritania","Passengers Cars","thousand units","2015","20"
"Mauritius","Passengers Cars","thousand units","2005","85"
"Mauritius","Passengers Cars","thousand units","2006","91.911"
"Mauritius","Passengers Cars","thousand units","2007","99.77"
"Mauritius","Passengers Cars","thousand units","2008","109.507"
"Mauritius","Passengers Cars","thousand units","2009","117.89"
"Mauritius","Passengers Cars","thousand units","2010","127.363"
"Mauritius","Passengers Cars","thousand units","2011","136.225"
"Mauritius","Passengers Cars","thousand units","2012","147.733"
"Mauritius","Passengers Cars","thousand units","2013","160.701"
"Mauritius","Passengers Cars","thousand units","2014","173.954"
"Mauritius","Passengers Cars","thousand units","2015","188.299"
"Morocco","Passengers Cars","thousand units","2005","1450"
"Morocco","Passengers Cars","thousand units","2006","1551.527"
"Morocco","Passengers Cars","thousand units","2007","1642.348"
"Morocco","Passengers Cars","thousand units","2008","1741.224"
"Morocco","Passengers Cars","thousand units","2009","1864.805"
"Morocco","Passengers Cars","thousand units","2010","1976.172"
"Morocco","Passengers Cars","thousand units","2011","2083.71"
"Morocco","Passengers Cars","thousand units","2012","2202.743"
"Morocco","Passengers Cars","thousand units","2013","2314.826"
"Morocco","Passengers Cars","thousand units","2014","2423.609"
"Morocco","Passengers Cars","thousand units","2015","2550"
"Mozambique","Passengers Cars","thousand units","2005","126"
"Mozambique","Passengers Cars","thousand units","2006","141"
"Mozambique","Passengers Cars","thousand units","2007","156"
"Mozambique","Passengers Cars","thousand units","2008","156"
"Mozambique","Passengers Cars","thousand units","2009","204"
"Mozambique","Passengers Cars","thousand units","2010","233"
"Mozambique","Passengers Cars","thousand units","2011","240"
"Mozambique","Passengers Cars","thousand units","2012","250"
"Mozambique","Passengers Cars","thousand units","2013","270"
"Mozambique","Passengers Cars","thousand units","2014","280"
"Mozambique","Passengers Cars","thousand units","2015","300"
"Nigeria","Passengers Cars","thousand units","2005","1103"
"Nigeria","Passengers Cars","thousand units","2006","2176"
"Nigeria","Passengers Cars","thousand units","2007","2200"
"Nigeria","Passengers Cars","thousand units","2008","2250"
"Nigeria","Passengers Cars","thousand units","2009","2288"
"Nigeria","Passengers Cars","thousand units","2010","2400"
"Nigeria","Passengers Cars","thousand units","2011","2500"
"Nigeria","Passengers Cars","thousand units","2012","2600"
"Nigeria","Passengers Cars","thousand units","2013","2700"
"Nigeria","Passengers Cars","thousand units","2014","2830"
"Nigeria","Passengers Cars","thousand units","2015","2970"
"Senegal","Passengers Cars","thousand units","2005","163"
"Senegal","Passengers Cars","thousand units","2006","168"
"Senegal","Passengers Cars","thousand units","2007","172"
"Senegal","Passengers Cars","thousand units","2008","189"
"Senegal","Passengers Cars","thousand units","2009","197"
"Senegal","Passengers Cars","thousand units","2010","206"
"Senegal","Passengers Cars","thousand units","2011","257.447"
"Senegal","Passengers Cars","thousand units","2012","292.02"
"Senegal","Passengers Cars","thousand units","2013","305"
"Senegal","Passengers Cars","thousand units","2014","320"
"Senegal","Passengers Cars","thousand units","2015","340"
"South Africa","Passengers Cars","thousand units","2005","4575"
"South Africa","Passengers Cars","thousand units","2006","4890"
"South Africa","Passengers Cars","thousand units","2007","5161"
"South Africa","Passengers Cars","thousand units","2008","5276"
"South Africa","Passengers Cars","thousand units","2009","5411"
"South Africa","Passengers Cars","thousand units","2010","5319.069"
"South Africa","Passengers Cars","thousand units","2011","5506.922"
"South Africa","Passengers Cars","thousand units","2012","5733.314"
"South Africa","Passengers Cars","thousand units","2013","5967.222"
"South Africa","Passengers Cars","thousand units","2014","6188.332"
"South Africa","Passengers Cars","thousand units","2015","6383.756"
"Sudan","Passengers Cars","thousand units","2005","38"
"Sudan","Passengers Cars","thousand units","2006","39"
"Sudan","Passengers Cars","thousand units","2007","40"
"Sudan","Passengers Cars","thousand units","2008","40"
"Sudan","Passengers Cars","thousand units","2009","41"
"Sudan","Passengers Cars","thousand units","2010","41"
"Sudan","Passengers Cars","thousand units","2011","42"
"Sudan","Passengers Cars","thousand units","2012","44"
"Sudan","Passengers Cars","thousand units","2013","50"
"Sudan","Passengers Cars","thousand units","2014","50"
"Sudan","Passengers Cars","thousand units","2015","50"
"Tanzania","Passengers Cars","thousand units","2005","32"
"Tanzania","Passengers Cars","thousand units","2006","40"
"Tanzania","Passengers Cars","thousand units","2007","80"
"Tanzania","Passengers Cars","thousand units","2008","177"
"Tanzania","Passengers Cars","thousand units","2009","180"
"Tanzania","Passengers Cars","thousand units","2010","181"
"Tanzania","Passengers Cars","thousand units","2011","190"
"Tanzania","Passengers Cars","thousand units","2012","200"
"Tanzania","Passengers Cars","thousand units","2013","205"
"Tanzania","Passengers Cars","thousand units","2014","230.4"
"Tanzania","Passengers Cars","thousand units","2015","240"
"Togo","Passengers Cars","thousand units","2005","101"
"Togo","Passengers Cars","thousand units","2006","101"
"Togo","Passengers Cars","thousand units","2007","105"
"Togo","Passengers Cars","thousand units","2008","105"
"Togo","Passengers Cars","thousand units","2009","106"
"Togo","Passengers Cars","thousand units","2010","108"
"Togo","Passengers Cars","thousand units","2011","111"
"Togo","Passengers Cars","thousand units","2012","116"
"Togo","Passengers Cars","thousand units","2013","120"
"Togo","Passengers Cars","thousand units","2014","130"
"Togo","Passengers Cars","thousand units","2015","140"
"Tunisia","Passengers Cars","thousand units","2005","852"
"Tunisia","Passengers Cars","thousand units","2006","874"
"Tunisia","Passengers Cars","thousand units","2007","830"
"Tunisia","Passengers Cars","thousand units","2008","787"
"Tunisia","Passengers Cars","thousand units","2009","820"
"Tunisia","Passengers Cars","thousand units","2010","848"
"Tunisia","Passengers Cars","thousand units","2011","855"
"Tunisia","Passengers Cars","thousand units","2012","862"
"Tunisia","Passengers Cars","thousand units","2013","891.1"
"Tunisia","Passengers Cars","thousand units","2014","940"
"Tunisia","Passengers Cars","thousand units","2015","990"
"Uganda","Passengers Cars","thousand units","2005","57"
"Uganda","Passengers Cars","thousand units","2006","59"
"Uganda","Passengers Cars","thousand units","2007","91"
"Uganda","Passengers Cars","thousand units","2008","94"
"Uganda","Passengers Cars","thousand units","2009","97"
"Uganda","Passengers Cars","thousand units","2010","101"
"Uganda","Passengers Cars","thousand units","2011","110"
"Uganda","Passengers Cars","thousand units","2012","120"
"Uganda","Passengers Cars","thousand units","2013","130"
"Uganda","Passengers Cars","thousand units","2014","140"
"Uganda","Passengers Cars","thousand units","2015","150"
"Zambia","Passengers Cars","thousand units","2005","294"
"Zambia","Passengers Cars","thousand units","2006","303"
"Zambia","Passengers Cars","thousand units","2007","200"
"Zambia","Passengers Cars","thousand units","2008","135"
"Zambia","Passengers Cars","thousand units","2009","190"
"Zambia","Passengers Cars","thousand units","2010","200"
"Zambia","Passengers Cars","thousand units","2011","210"
"Zambia","Passengers Cars","thousand units","2012","220"
"Zambia","Passengers Cars","thousand units","2013","230"
"Zambia","Passengers Cars","thousand units","2014","240"
"Zambia","Passengers Cars","thousand units","2015","250"
"Zimbabwe","Passengers Cars","thousand units","2005","590"
"Zimbabwe","Passengers Cars","thousand units","2006","599"
"Zimbabwe","Passengers Cars","thousand units","2007","610"
"Zimbabwe","Passengers Cars","thousand units","2008","617"
"Zimbabwe","Passengers Cars","thousand units","2009","626"
"Zimbabwe","Passengers Cars","thousand units","2010","650"
"Zimbabwe","Passengers Cars","thousand units","2011","680"
"Zimbabwe","Passengers Cars","thousand units","2012","710"
"Zimbabwe","Passengers Cars","thousand units","2013","750"
"Zimbabwe","Passengers Cars","thousand units","2014","790"
"Zimbabwe","Passengers Cars","thousand units","2015","830"
