"country","manufacturer","vehicle-type","Unit","Date","Value"
"World","Anhui jac automotive","Cars","Number","2010","200730"
"World","Anhui jiangghuai","Cars","Number","2006","63343"
"World","Anhui jiangghuai","Cars","Number","2007","209880"
"World","Anhui jiangghuai","Cars","Number","2008","207711"
"World","Anhui jiangghuai","Cars","Number","2009","336979"
"World","Ashok leyland","Cars","Number","2013","638"
"World","Ashok leyland","Cars","Number","2014","430"
"World","Asia","Cars","Number","1998","0"
"World","Asia","Cars","Number","1999","0"
"World","Avtovaz","Cars","Number","1998","600000"
"World","Avtovaz","Cars","Number","1999","718000"
"World","Avtovaz","Cars","Number","2000","755997"
"World","Avtovaz","Cars","Number","2002","703040"
"World","Avtovaz","Cars","Number","2003","699888"
"World","Avtovaz","Cars","Number","2004","717985"
"World","Avtovaz","Cars","Number","2005","721492"
"World","Avtovaz","Cars","Number","2006","765627"
"World","Avtovaz","Cars","Number","2007","735897"
"World","Avtovaz","Cars","Number","2008","801563"
"World","Avtovaz","Cars","Number","2009","294737"
"World","Avtovaz","Cars","Number","2010","545767"
"World","Avtovaz","Cars","Number","2011","562347"
"World","Avtovaz","Cars","Number","2012","553232"
"World","Avtovaz","Cars","Number","2013","495013"
"World","Avtovaz","Cars","Number","2014","381964"
"World","Avtovaz-seaz","Cars","Number","2001","786008"
"World","Baic","Cars","Number","2011","33374"
"World","Baic","Cars","Number","2012","83033"
"World","Baic","Cars","Number","2013","243437"
"World","Baic","Cars","Number","2014","538027"
"World","Beijing aig (without isuzu)","Cars","Number","2001","4653"
"World","Beijing aig (without isuzu)","Cars","Number","2002","9602"
"World","Beijing automobile","Cars","Number","2006","297528"
"World","Beijing automotive","Cars","Number","2007","454272"
"World","Beijing automotive","Cars","Number","2008","446680"
"World","Beijing automotive","Cars","Number","2009","684534"
"World","Beijing automotive","Cars","Number","2010","13138"
"World","Bmw","Cars","Number","2000","834628"
"World","Bmw","Cars","Number","2001","946730"
"World","Bmw","Cars","Number","2002","1090258"
"World","Bmw","Cars","Number","2003","1118940"
"World","Bmw","Cars","Number","2004","1250345"
"World","Bmw","Cars","Number","2005","1323119"
"World","Bmw","Cars","Number","2006","1366838"
"World","Bmw","Cars","Number","2007","1541503"
"World","Bmw","Cars","Number","2008","1439918"
"World","Bmw","Cars","Number","2009","1258417"
"World","Bmw","Cars","Number","2010","1481253"
"World","Bmw","Cars","Number","2011","1738160"
"World","Bmw","Cars","Number","2012","2065216"
"World","Bmw","Cars","Number","2013","2006366"
"World","Bmw","Cars","Number","2014","2165566"
"World","Bmw  rover","Cars","Number","1998","1175000"
"World","Bmw  rover","Cars","Number","1999","1121000"
"World","Brilliance","Cars","Number","2006","190377"
"World","Brilliance","Cars","Number","2007","293588"
"World","Brilliance","Cars","Number","2008","241553"
"World","Brilliance","Cars","Number","2009","314189"
"World","Brilliance","Cars","Number","2010","226840"
"World","Brilliance","Cars","Number","2011","188336"
"World","Brilliance","Cars","Number","2012","231527"
"World","Brilliance","Cars","Number","2013","279335"
"World","Brilliance","Cars","Number","2014","235115"
"World","Byd","Cars","Number","2006","60135"
"World","Byd","Cars","Number","2007","100376"
"World","Byd","Cars","Number","2008","192971"
"World","Byd","Cars","Number","2009","427732"
"World","Byd","Cars","Number","2010","521232"
"World","Byd","Cars","Number","2011","449425"
"World","Byd","Cars","Number","2012","455444"
"World","Byd","Cars","Number","2013","510950"
"World","Byd","Cars","Number","2014","433718"
"World","Chana ag","Cars","Number","2001","32328"
"World","Chana ag(without suzuki)","Cars","Number","2002","57227"
"World","Chana automobile","Cars","Number","2006","446692"
"World","Chana automobile","Cars","Number","2007","543787"
"World","Chana automobile","Cars","Number","2008","531149"
"World","Chana automobile","Cars","Number","2009","1425777"
"World","Chana automobile","Cars","Number","2010","929195"
"World","Changan","Cars","Number","1998","0"
"World","Changan","Cars","Number","1999","0"
"World","Changan","Cars","Number","2000","100000"
"World","Changan","Cars","Number","2011","850631"
"World","Changan","Cars","Number","2012","835334"
"World","Changan","Cars","Number","2013","873794"
"World","Changan","Cars","Number","2014","1089179"
"World","Chen zhou gonow nanyan chifeng motor vehicle","Cars","Number","2010","49039"
"World","Chenzhou ji'ao","Cars","Number","2009","51008"
"World","Chery","Cars","Number","2006","319389"
"World","Chery","Cars","Number","2007","427882"
"World","Chery","Cars","Number","2008","350560"
"World","Chery","Cars","Number","2009","508567"
"World","Chery","Cars","Number","2010","685103"
"World","Chery","Cars","Number","2011","629386"
"World","Chery","Cars","Number","2012","550565"
"World","Chery","Cars","Number","2013","459283"
"World","Chery","Cars","Number","2014","449333"
"World","Chery auto","Cars","Number","2004","79565"
"World","Chery auto","Cars","Number","2005","185588"
"World","China first acg","Cars","Number","1998","0"
"World","China first acg","Cars","Number","1999","0"
"World","China national","Cars","Number","2006","0"
"World","China national","Cars","Number","2007","100202"
"World","Chongqing lifan","Cars","Number","2008","122783"
"World","Chongqing lifan","Cars","Number","2009","104434"
"World","Chongqing lifan","Cars","Number","2010","71090"
"World","Chongqing lifan  motor co.","Cars","Number","2011","124228"
"World","Chongqing lifan  motor co.","Cars","Number","2012","183750"
"World","Chongqing lifan  motor co.","Cars","Number","2013","168395"
"World","Chongqing lifan  motor co.","Cars","Number","2014","148452"
"World","Chrysler","Cars","Number","2006","748337"
"World","Chrysler","Cars","Number","2007","754855"
"World","Chrysler","Cars","Number","2008","529458"
"World","Chrysler","Cars","Number","2009","211160"
"World","Chrysler","Cars","Number","2010","340205"
"World","Chrysler","Cars","Number","2011","502020"
"World","Chrysler","Cars","Number","2012","656892"
"World","Cnaic (changhe&harbin)","Cars","Number","2001","121288"
"World","Cnaic (changhe&harbin)","Cars","Number","2002","137916"
"World","Daewoo","Cars","Number","1998","727000"
"World","Daewoo","Cars","Number","1999","890000"
"World","Daewoo","Cars","Number","2000","689766"
"World","Daewoo","Cars","Number","2001","469520"
"World","Daihatsu","Cars","Number","2003","725060"
"World","Daihatsu","Cars","Number","2004","785166"
"World","Daihatsu","Cars","Number","2005","803176"
"World","Daihatsu","Cars","Number","2006","905932"
"World","Daihatsu","Cars","Number","2007","711595"
"World","Daimler","Cars","Number","2006","1275152"
"World","Daimler","Cars","Number","2007","1335226"
"World","Daimler ag","Cars","Number","2008","1380091"
"World","Daimler ag","Cars","Number","2009","1055169"
"World","Daimler ag","Cars","Number","2010","1351372"
"World","Daimler ag","Cars","Number","2011","1443419"
"World","Daimler ag","Cars","Number","2012","1455650"
"World","Daimler ag","Cars","Number","2013","1631502"
"World","Daimler ag","Cars","Number","2014","1808125"
"World","Daimlerchrysler","Cars","Number","1998","1925000"
"World","Daimlerchrysler","Cars","Number","1999","1997000"
"World","Daimlerchrysler","Cars","Number","2000","2043376"
"World","Daimlerchrysler (with evobu","Cars","Number","2001","2392992"
"World","Daimlerchrysler (with evobu","Cars","Number","2003","1819973"
"World","Daimlerchrysler (with evobu","Cars","Number","2004","1913693"
"World","Daimlerchrysler (with evobu","Cars","Number","2005","1965410"
"World","Daimlerchrysler(with mercedes-chrysler-dodge-smart-fl-evobus)","Cars","Number","2002","1998946"
"World","Dongfeng","Cars","Number","2008","489266"
"World","Dongfeng  mc","Cars","Number","1999","0"
"World","Dongfeng  mc","Cars","Number","2006","257873"
"World","Dongfeng  mc","Cars","Number","2007","437035"
"World","Dongfeng  mc","Cars","Number","2009","663262"
"World","Dongfeng  mc","Cars","Number","2010","350041"
"World","Dongfeng  mc","Cars","Number","2011","410626"
"World","Dongfeng  mc","Cars","Number","2012","539845"
"World","Dongfeng  mc","Cars","Number","2013","642092"
"World","Dongfeng  mc","Cars","Number","2014","745765"
"World","Dongfeng (without citroã«n)","Cars","Number","2002","50255"
"World","Faw","Cars","Number","2006","393754"
"World","Faw","Cars","Number","2007","690712"
"World","Faw","Cars","Number","2008","637720"
"World","Faw","Cars","Number","2009","650275"
"World","Faw","Cars","Number","2010","780507"
"World","Faw","Cars","Number","2011","619535"
"World","Faw","Cars","Number","2012","480443"
"World","Faw","Cars","Number","2013","448290"
"World","Faw","Cars","Number","2014","391079"
"World","Faw group (without vw)","Cars","Number","2001","21488"
"World","Faw group (without vw)","Cars","Number","2002","77466"
"World","Faw group (without vw)","Cars","Number","2003","214851"
"World","Faw group (without vw, toyota, mazda)","Cars","Number","2004","50009"
"World","Faw group (without vw, toyota, mazda)","Cars","Number","2005","58817"
"World","Fiat","Cars","Number","1998","2303000"
"World","Fiat","Cars","Number","1999","2234000"
"World","Fiat","Cars","Number","2006","1755663"
"World","Fiat","Cars","Number","2007","1990715"
"World","Fiat","Cars","Number","2008","1849200"
"World","Fiat","Cars","Number","2009","1958021"
"World","Fiat","Cars","Number","2010","1781385"
"World","Fiat","Cars","Number","2011","1741652"
"World","Fiat","Cars","Number","2012","1501979"
"World","Fiat","Cars","Number","2013","2163040"
"World","Fiat","Cars","Number","2014","1904618"
"World","Fiat-iveco","Cars","Number","2000","2185897"
"World","Fiat-iveco","Cars","Number","2003","1619185"
"World","Fiat-iveco (with alfa-romeo-lancia-ferrari-irisbus)","Cars","Number","2002","1710439"
"World","Fiat-iveco (with irisbus)","Cars","Number","2001","1928696"
"World","Fiat-iveco (with irisbus)","Cars","Number","2004","1583501"
"World","Fiat-iveco (with irisbus)","Cars","Number","2005","1539576"
"World","Ford","Cars","Number","1998","3600000"
"World","Ford","Cars","Number","1999","3534000"
"World","Ford","Cars","Number","2000","4038670"
"World","Ford","Cars","Number","2001","3699258"
"World","Ford","Cars","Number","2006","3956708"
"World","Ford","Cars","Number","2007","3565626"
"World","Ford","Cars","Number","2008","3346561"
"World","Ford","Cars","Number","2009","2952026"
"World","Ford","Cars","Number","2010","2958507"
"World","Ford","Cars","Number","2011","3093893"
"World","Ford","Cars","Number","2012","3123340"
"World","Ford","Cars","Number","2013","3317048"
"World","Ford","Cars","Number","2014","3230842"
"World","Ford (jaguar-volvo cars)","Cars","Number","2003","3320706"
"World","Ford (jaguar-volvo cars)","Cars","Number","2004","3497334"
"World","Ford (jaguar-volvo cars)","Cars","Number","2005","3514496"
"World","Ford (with us makes-volvo cars- jaguar)","Cars","Number","2002","3606715"
"World","Fuji","Cars","Number","2006","507552"
"World","Fuji","Cars","Number","2007","512606"
"World","Fuji","Cars","Number","2008","552096"
"World","Fuji","Cars","Number","2009","440229"
"World","Fuji","Cars","Number","2010","595465"
"World","Fuji","Cars","Number","2011","528234"
"World","Fuji","Cars","Number","2012","734959"
"World","Fuji","Cars","Number","2013","808919"
"World","Fuji","Cars","Number","2014","888812"
"World","Fuji (subaru)","Cars","Number","2001","478971"
"World","Fuji (subaru)","Cars","Number","2002","460822"
"World","Fuji (subaru)","Cars","Number","2003","458163"
"World","Fuji (subaru)","Cars","Number","2004","512953"
"World","Fuji (subaru)","Cars","Number","2005","508281"
"World","Fujian","Cars","Number","2006","49145"
"World","Fujian","Cars","Number","2007","84138"
"World","Fujian","Cars","Number","2009","103171"
"World","Fujian motor","Cars","Number","2010","115560"
"World","Fuji-subaru","Cars","Number","1998","460000"
"World","Fuji-subaru","Cars","Number","1999","491000"
"World","Fuji-subaru","Cars","Number","2000","500238"
"World","G.m.","Cars","Number","1998","5090000"
"World","G.m.","Cars","Number","1999","5344000"
"World","G.m.","Cars","Number","2000","5266263"
"World","G.m.","Cars","Number","2006","5779719"
"World","G.m.","Cars","Number","2007","6259520"
"World","G.m.","Cars","Number","2008","6015257"
"World","G.m.","Cars","Number","2009","4997824"
"World","G.m.","Cars","Number","2010","6266959"
"World","G.m.","Cars","Number","2011","6494385"
"World","G.m.","Cars","Number","2012","6608567"
"World","G.m.","Cars","Number","2013","6733192"
"World","G.m.","Cars","Number","2014","6643030"
"World","Gaz","Cars","Number","1998","100000"
"World","Gaz","Cars","Number","1999","125000"
"World","Gaz","Cars","Number","2000","116319"
"World","Gaz","Cars","Number","2002","65648"
"World","Gaz","Cars","Number","2003","56783"
"World","Gaz","Cars","Number","2004","65686"
"World","Gaz","Cars","Number","2005","51596"
"World","Gaz","Cars","Number","2006","51740"
"World","Gaz","Cars","Number","2007","39138"
"World","Gaz","Cars","Number","2008","22043"
"World","Gaz","Cars","Number","2009","2161"
"World","Gaz","Cars","Number","2011","1"
"World","Gaz-paz","Cars","Number","2001","80692"
"World","Geely","Cars","Number","2006","207149"
"World","Geely","Cars","Number","2007","216774"
"World","Geely","Cars","Number","2008","220955"
"World","Geely","Cars","Number","2009","330275"
"World","Geely","Cars","Number","2010","802319"
"World","Geely","Cars","Number","2011","897107"
"World","Geely","Cars","Number","2012","922906"
"World","Geely","Cars","Number","2013","969896"
"World","Geely","Cars","Number","2014","890652"
"World","General motors","Cars","Number","2001","4663399"
"World","General motors (opel-vauxhall)","Cars","Number","2003","4682656"
"World","General motors (opel-vauxhall)","Cars","Number","2004","4502680"
"World","General motors (opel-vauxhall-gm daewoo)","Cars","Number","2005","5657225"
"World","General motors (with us makes-opel-vauxhall)","Cars","Number","2002","4900561"
"World","Gm-daewoo","Cars","Number","2002","379441"
"World","Gm-daewoo","Cars","Number","2003","500639"
"World","Gm-daewoo (with dimc)","Cars","Number","2004","869382"
"World","Great wall","Cars","Number","2006","39566"
"World","Great wall","Cars","Number","2007","122605"
"World","Great wall","Cars","Number","2008","129651"
"World","Great wall","Cars","Number","2009","226560"
"World","Great wall","Cars","Number","2010","294321"
"World","Great wall","Cars","Number","2011","366452"
"World","Great wall","Cars","Number","2012","487704"
"World","Great wall","Cars","Number","2013","630423"
"World","Great wall","Cars","Number","2014","610023"
"World","Great wall motor","Cars","Number","2004","54904"
"World","Great wall motor","Cars","Number","2005","67657"
"World","Groupe vw","Cars","Number","2000","4859478"
"World","Guangzhou auto","Cars","Number","2009","62990"
"World","Guangzhou auto industry","Cars","Number","2011","78124"
"World","Guangzhou auto industry","Cars","Number","2012","87408"
"World","Guangzhou auto industry","Cars","Number","2013","141817"
"World","Guangzhou auto industry","Cars","Number","2014","161334"
"World","Guihang youngman lotus","Cars","Number","2013","71101"
"World","Guihang youngman lotus","Cars","Number","2014","63724"
"World","Hafei motor","Cars","Number","2010","154377"
"World","Haima automobile","Cars","Number","2013","61054"
"World","Haima cars","Cars","Number","2014","93934"
"World","Harbin hafei","Cars","Number","2006","265019"
"World","Harbin hafei","Cars","Number","2007","231488"
"World","Harbin hafei","Cars","Number","2008","226754"
"World","Hebei zhongxing","Cars","Number","2009","48173"
"World","Hebei zhongxing","Cars","Number","2012","4955"
"World","Hebei zhongxing","Cars","Number","2013","2794"
"World","Hindustan","Cars","Number","2001","20467"
"World","Hindustan","Cars","Number","2002","19969"
"World","Hindustan","Cars","Number","2003","15098"
"World","Hino","Cars","Number","1998","0"
"World","Hino","Cars","Number","1999","0"
"World","Hino","Cars","Number","2006","0"
"World","Hino","Cars","Number","2007","0"
"World","Honda","Cars","Number","1998","2219000"
"World","Honda","Cars","Number","1999","2249000"
"World","Honda","Cars","Number","2000","2286771"
"World","Honda","Cars","Number","2001","2608773"
"World","Honda","Cars","Number","2002","2930688"
"World","Honda","Cars","Number","2003","2868705"
"World","Honda","Cars","Number","2004","3183269"
"World","Honda","Cars","Number","2005","3324282"
"World","Honda","Cars","Number","2006","3549787"
"World","Honda","Cars","Number","2007","3868546"
"World","Honda","Cars","Number","2008","3878940"
"World","Honda","Cars","Number","2009","2984011"
"World","Honda","Cars","Number","2010","3592113"
"World","Honda","Cars","Number","2011","2886343"
"World","Honda","Cars","Number","2012","4078376"
"World","Honda","Cars","Number","2013","4263239"
"World","Honda","Cars","Number","2014","4478123"
"World","Hunan jiangnan","Cars","Number","2014","167522"
"World","Hunan jiangnan automobile","Cars","Number","2010","135648"
"World","Hunan jiangnan automobile manufacturing co","Cars","Number","2011","137937"
"World","Hunan jiangnan automobile manufacturing co","Cars","Number","2012","117051"
"World","Hunan jiangnan automobile manufacturing co","Cars","Number","2013","133790"
"World","Hyundai","Cars","Number","1998","704000"
"World","Hyundai","Cars","Number","1999","1018000"
"World","Hyundai","Cars","Number","2006","2003608"
"World","Hyundai","Cars","Number","2007","2292075"
"World","Hyundai","Cars","Number","2008","2435471"
"World","Hyundai","Cars","Number","2009","4222532"
"World","Hyundai","Cars","Number","2010","5247339"
"World","Hyundai","Cars","Number","2011","6118221"
"World","Hyundai","Cars","Number","2012","6761074"
"World","Hyundai","Cars","Number","2013","6909194"
"World","Hyundai","Cars","Number","2014","7628779"
"World","Hyundai-kia","Cars","Number","2000","2023032"
"World","Hyundai-kia","Cars","Number","2001","2087500"
"World","Hyundai-kia","Cars","Number","2002","2185002"
"World","Hyundai-kia","Cars","Number","2003","2275535"
"World","Hyundai-kia","Cars","Number","2004","2377546"
"World","Hyundai-kia","Cars","Number","2005","2726600"
"World","Ijmach avto","Cars","Number","2002","65751"
"World","Ijmach avto","Cars","Number","2003","78495"
"World","Ijmach avto","Cars","Number","2004","82687"
"World","Ijmach avto","Cars","Number","2005","42582"
"World","Ijmash-avto-roslada","Cars","Number","2001","71182"
"World","Iran khodro","Cars","Number","2011","124815"
"World","Iran khodro","Cars","Number","2014","493585"
"World","Isuzu","Cars","Number","1998","46000"
"World","Isuzu","Cars","Number","1999","40000"
"World","Isuzu","Cars","Number","2000","102911"
"World","Isuzu","Cars","Number","2001","100959"
"World","Isuzu","Cars","Number","2002","41233"
"World","Isuzu","Cars","Number","2003","25949"
"World","Isuzu","Cars","Number","2004","14620"
"World","Isuzu","Cars","Number","2006","0"
"World","Isuzu","Cars","Number","2007","0"
"World","Jac","Cars","Number","2011","218352"
"World","Jac","Cars","Number","2012","200278"
"World","Jac","Cars","Number","2013","206132"
"World","Jac","Cars","Number","2014","196777"
"World","Jiangxi changhe","Cars","Number","2006","136739"
"World","Jiangxi changhe","Cars","Number","2007","112083"
"World","Jiangxi changhe","Cars","Number","2008","107422"
"World","Jiangxi changhe","Cars","Number","2010","154668"
"World","Jiangxi jiangling automotive","Cars","Number","2010","460"
"World","Kamaz","Cars","Number","2000","33561"
"World","Kamaz","Cars","Number","2001","37837"
"World","Kamaz","Cars","Number","2002","38735"
"World","Kamaz","Cars","Number","2003","40016"
"World","Kamaz","Cars","Number","2004","41207"
"World","Kamaz","Cars","Number","2005","30361"
"World","Kia","Cars","Number","1998","282000"
"World","Kia","Cars","Number","1999","657000"
"World","Kia","Cars","Number","2006","1186894"
"World","Kia","Cars","Number","2007","1286299"
"World","Kia","Cars","Number","2008","1310821"
"World","Kuozui","Cars","Number","2008","63827"
"World","Kuozui","Cars","Number","2009","88801"
"World","Kuozui","Cars","Number","2010","115082"
"World","Luaz","Cars","Number","2008","88316"
"World","M.a.n.","Cars","Number","1998","0"
"World","M.a.n.","Cars","Number","1999","0"
"World","M.a.n.","Cars","Number","2006","0"
"World","M.a.n.","Cars","Number","2007","0"
"World","Mahindra","Cars","Number","2006","91120"
"World","Mahindra","Cars","Number","2007","104441"
"World","Mahindra","Cars","Number","2008","100615"
"World","Mahindra","Cars","Number","2009","145977"
"World","Mahindra","Cars","Number","2010","166770"
"World","Mahindra","Cars","Number","2011","345062"
"World","Mahindra","Cars","Number","2012","429101"
"World","Mahindra","Cars","Number","2013","407563"
"World","Mahindra","Cars","Number","2014","372637"
"World","Mahindra&mahindra","Cars","Number","2001","56380"
"World","Mahindra&mahindra","Cars","Number","2004","78940"
"World","Mazda","Cars","Number","1998","818000"
"World","Mazda","Cars","Number","1999","816000"
"World","Mazda","Cars","Number","2000","796353"
"World","Mazda","Cars","Number","2001","779970"
"World","Mazda","Cars","Number","2002","864255"
"World","Mazda","Cars","Number","2003","960935"
"World","Mazda","Cars","Number","2004","1042849"
"World","Mazda","Cars","Number","2005","1091756"
"World","Mazda","Cars","Number","2006","1169640"
"World","Mazda","Cars","Number","2007","1165660"
"World","Mazda","Cars","Number","2008","1241218"
"World","Mazda","Cars","Number","2009","920892"
"World","Mazda","Cars","Number","2010","1233862"
"World","Mazda","Cars","Number","2011","1103632"
"World","Mazda","Cars","Number","2012","1097661"
"World","Mazda","Cars","Number","2013","1175443"
"World","Mazda","Cars","Number","2014","1261521"
"World","Mg rover","Cars","Number","2000","174885"
"World","Mg rover","Cars","Number","2001","163144"
"World","Mg rover","Cars","Number","2002","147037"
"World","Mg rover","Cars","Number","2003","132789"
"World","Mg rover","Cars","Number","2004","106088"
"World","Mg rover","Cars","Number","2005","29104"
"World","Mitsubishi","Cars","Number","1998","1085000"
"World","Mitsubishi","Cars","Number","1999","1108000"
"World","Mitsubishi","Cars","Number","2000","1271590"
"World","Mitsubishi","Cars","Number","2001","1242138"
"World","Mitsubishi","Cars","Number","2002","1406330"
"World","Mitsubishi","Cars","Number","2003","1303439"
"World","Mitsubishi","Cars","Number","2004","1110679"
"World","Mitsubishi","Cars","Number","2005","998043"
"World","Mitsubishi","Cars","Number","2006","1008970"
"World","Mitsubishi","Cars","Number","2007","1100528"
"World","Mitsubishi","Cars","Number","2008","1175431"
"World","Mitsubishi","Cars","Number","2009","715773"
"World","Mitsubishi","Cars","Number","2010","1056666"
"World","Mitsubishi","Cars","Number","2011","1016876"
"World","Mitsubishi","Cars","Number","2012","980001"
"World","Mitsubishi","Cars","Number","2013","1090571"
"World","Mitsubishi","Cars","Number","2014","1199823"
"World","Nanjing auto","Cars","Number","2003","99469"
"World","Nanjing auto","Cars","Number","2004","94551"
"World","Nanjing auto","Cars","Number","2005","111397"
"World","Navistar","Cars","Number","1998","0"
"World","Navistar","Cars","Number","1999","0"
"World","Navistar","Cars","Number","2006","0"
"World","Navistar","Cars","Number","2007","0"
"World","Nissan","Cars","Number","1998","2089000"
"World","Nissan","Cars","Number","1999","1911000"
"World","Nissan","Cars","Number","2002","2164621"
"World","Nissan","Cars","Number","2003","2363155"
"World","Nissan","Cars","Number","2004","2423893"
"World","Nissan","Cars","Number","2005","2697362"
"World","Nissan","Cars","Number","2006","2512519"
"World","Nissan","Cars","Number","2007","2650813"
"World","Nissan","Cars","Number","2008","2788632"
"World","Nissan","Cars","Number","2009","2381260"
"World","Nissan","Cars","Number","2010","3142126"
"World","Nissan","Cars","Number","2011","3581445"
"World","Nissan","Cars","Number","2012","3830954"
"World","Nissan","Cars","Number","2013","4090677"
"World","Nissan","Cars","Number","2014","4279030"
"World","Nissan-nissan diesel","Cars","Number","2000","2045371"
"World","Nissan-nissan diesel","Cars","Number","2001","1966844"
"World","Other makes","Cars","Number","1998","593000"
"World","Other makes","Cars","Number","1999","332000"
"World","Other makes","Cars","Number","2006","218769"
"World","Other makes","Cars","Number","2007","189057"
"World","Paccar","Cars","Number","1998","0"
"World","Paccar","Cars","Number","1999","0"
"World","Paccar","Cars","Number","2006","0"
"World","Paccar","Cars","Number","2007","0"
"World","Perodua","Cars","Number","2000","70000"
"World","Porsche","Cars","Number","2000","51574"
"World","Porsche","Cars","Number","2001","56746"
"World","Porsche","Cars","Number","2002","55903"
"World","Porsche","Cars","Number","2003","81324"
"World","Porsche","Cars","Number","2004","84095"
"World","Porsche","Cars","Number","2005","98135"
"World","Porsche","Cars","Number","2006","98512"
"World","Porsche","Cars","Number","2007","107170"
"World","Porsche","Cars","Number","2008","96721"
"World","Porsche","Cars","Number","2009","75637"
"World","Porsche","Cars","Number","2010","95529"
"World","Porsche","Cars","Number","2011","127020"
"World","Porsche","Cars","Number","2012","86083"
"World","Proton","Cars","Number","1998","96000"
"World","Proton","Cars","Number","1999","172000"
"World","Proton","Cars","Number","2008","156813"
"World","Proton","Cars","Number","2009","129741"
"World","Proton","Cars","Number","2010","143256"
"World","Proton","Cars","Number","2011","143052"
"World","Proton","Cars","Number","2012","134934"
"World","Proton","Cars","Number","2013","116882"
"World","Proton","Cars","Number","2014","93840"
"World","Psa","Cars","Number","2006","2961437"
"World","Psa","Cars","Number","2007","3024863"
"World","Psa","Cars","Number","2008","2840884"
"World","Psa","Cars","Number","2009","2769902"
"World","Psa","Cars","Number","2010","3214810"
"World","Psa","Cars","Number","2011","3161955"
"World","Psa","Cars","Number","2012","2554059"
"World","Psa","Cars","Number","2013","2445889"
"World","Psa","Cars","Number","2014","2521833"
"World","Psa peugeot citroen","Cars","Number","1998","1830000"
"World","Psa peugeot citroen","Cars","Number","1999","2042000"
"World","Psa peugeot citroen","Cars","Number","2000","2493980"
"World","Psa peugeot citroen","Cars","Number","2001","2710472"
"World","Psa peugeot citroen","Cars","Number","2002","2894030"
"World","Psa peugeot citroen","Cars","Number","2003","2934641"
"World","Psa peugeot citroen","Cars","Number","2004","3004710"
"World","Psa peugeot citroen","Cars","Number","2005","2982690"
"World","Qingling motor","Cars","Number","2009","50120"
"World","Renault","Cars","Number","1998","1943000"
"World","Renault","Cars","Number","1999","1976000"
"World","Renault","Cars","Number","2006","2137016"
"World","Renault","Cars","Number","2007","2276044"
"World","Renault","Cars","Number","2008","2048422"
"World","Renault","Cars","Number","2009","2044106"
"World","Renault","Cars","Number","2010","2395876"
"World","Renault","Cars","Number","2011","2443040"
"World","Renault","Cars","Number","2012","2302769"
"World","Renault","Cars","Number","2013","2347913"
"World","Renault","Cars","Number","2014","2398555"
"World","Renault-dacia-samsung","Cars","Number","2000","2101855"
"World","Renault-dacia-samsung","Cars","Number","2001","2070369"
"World","Renault-dacia-samsung","Cars","Number","2002","2049809"
"World","Renault-dacia-samsung","Cars","Number","2003","2110557"
"World","Renault-dacia-samsung","Cars","Number","2004","2163620"
"World","Renault-dacia-samsung","Cars","Number","2005","2195162"
"World","Rongcheng huatai","Cars","Number","2014","54079"
"World","Rongcheng huatai motor","Cars","Number","2010","81300"
"World","Roslada","Cars","Number","2000","31941"
"World","Roslada","Cars","Number","2002","41424"
"World","Roslada","Cars","Number","2003","27649"
"World","Saic","Cars","Number","2006","206627"
"World","Saic","Cars","Number","2007","313002"
"World","Saic","Cars","Number","2008","282003"
"World","Saic","Cars","Number","2009","347598"
"World","Saic","Cars","Number","2010","240439"
"World","Saic","Cars","Number","2011","1292296"
"World","Saic","Cars","Number","2012","1523398"
"World","Saic","Cars","Number","2013","1685392"
"World","Saic","Cars","Number","2014","1769837"
"World","Saic (without gm&vw)","Cars","Number","2002","51823"
"World","Saic -cherry auto","Cars","Number","2003","101141"
"World","Saic-sangyong (without gm&vw)","Cars","Number","2005","131536"
"World","Saipa","Cars","Number","2011","678152"
"World","Saipa","Cars","Number","2014","346914"
"World","Samsung","Cars","Number","1998","42000"
"World","Samsung","Cars","Number","1999","6000"
"World","Samsung","Cars","Number","2000","13416"
"World","Scania","Cars","Number","1998","0"
"World","Scania","Cars","Number","1999","0"
"World","Scania","Cars","Number","2006","0"
"World","Scania","Cars","Number","2007","0"
"World","Shangdong kaima","Cars","Number","2006","0"
"World","Shangdong kaima","Cars","Number","2007","65790"
"World","Shangdong kaima","Cars","Number","2009","169023"
"World","Shannxi","Cars","Number","2011","9524"
"World","Shannxi","Cars","Number","2012","8044"
"World","Shannxi","Cars","Number","2013","1172"
"World","Shannxi","Cars","Number","2014","109"
"World","Shannxi auto","Cars","Number","2006","0"
"World","Shannxi auto","Cars","Number","2007","68160"
"World","Shannxi auto","Cars","Number","2008","75220"
"World","South east (fujian)","Cars","Number","2011","73872"
"World","South east (fujian)","Cars","Number","2012","81512"
"World","South east (fujian)","Cars","Number","2013","94951"
"World","South east (fujian)","Cars","Number","2014","56256"
"World","Ssangyong","Cars","Number","1998","33000"
"World","Ssangyong","Cars","Number","1999","74000"
"World","Ssangyong","Cars","Number","2000","91407"
"World","Ssangyong","Cars","Number","2001","100315"
"World","Ssangyong","Cars","Number","2002","143412"
"World","Ssangyong","Cars","Number","2003","144416"
"World","Ssangyong","Cars","Number","2004","131536"
"World","Suzuki","Cars","Number","2006","2004310"
"World","Suzuki","Cars","Number","2007","2284139"
"World","Suzuki","Cars","Number","2008","2306435"
"World","Suzuki","Cars","Number","2009","2103553"
"World","Suzuki","Cars","Number","2010","2503436"
"World","Suzuki","Cars","Number","2011","2337237"
"World","Suzuki","Cars","Number","2012","2483721"
"World","Suzuki","Cars","Number","2013","2452573"
"World","Suzuki","Cars","Number","2014","2543077"
"World","Suzuki - maruti","Cars","Number","1998","1058000"
"World","Suzuki - maruti","Cars","Number","1999","1216000"
"World","Suzuki - maruti","Cars","Number","2000","1196770"
"World","Suzuki - maruti","Cars","Number","2001","1161712"
"World","Suzuki - maruti","Cars","Number","2002","1345806"
"World","Suzuki - maruti","Cars","Number","2003","1455411"
"World","Suzuki - maruti","Cars","Number","2004","1639366"
"World","Suzuki - maruti","Cars","Number","2005","1723022"
"World","Tata","Cars","Number","1999","71000"
"World","Tata","Cars","Number","2006","237856"
"World","Tata","Cars","Number","2007","243251"
"World","Tata","Cars","Number","2008","489742"
"World","Tata","Cars","Number","2009","376514"
"World","Tata","Cars","Number","2010","579052"
"World","Tata","Cars","Number","2011","658241"
"World","Tata","Cars","Number","2012","744067"
"World","Tata","Cars","Number","2013","650708"
"World","Tata","Cars","Number","2014","614247"
"World","Tata (telco)","Cars","Number","2000","90122"
"World","Tata (telco)","Cars","Number","2001","54464"
"World","Tata (telco)","Cars","Number","2002","77097"
"World","Tata (telco)","Cars","Number","2003","140670"
"World","Tata (telco)","Cars","Number","2004","179046"
"World","Tata (telco)","Cars","Number","2005","163089"
"World","Toyota","Cars","Number","2003","5369176"
"World","Toyota","Cars","Number","2004","5869629"
"World","Toyota","Cars","Number","2005","6157038"
"World","Toyota","Cars","Number","2006","6800228"
"World","Toyota","Cars","Number","2007","7211474"
"World","Toyota","Cars","Number","2008","7768633"
"World","Toyota","Cars","Number","2009","6148794"
"World","Toyota","Cars","Number","2010","7267535"
"World","Toyota","Cars","Number","2011","6793714"
"World","Toyota","Cars","Number","2012","8381968"
"World","Toyota","Cars","Number","2013","8565176"
"World","Toyota","Cars","Number","2014","8788018"
"World","Toyota-daihatsu","Cars","Number","1998","4200000"
"World","Toyota-daihatsu","Cars","Number","1999","4328000"
"World","Toyota-daihatsu-hino","Cars","Number","2000","4681435"
"World","Toyota-daihatsu-hino","Cars","Number","2001","5021259"
"World","Toyota-daihatsu-hino","Cars","Number","2002","5555111"
"World","Uaz","Cars","Number","2000","40250"
"World","Uaz","Cars","Number","2001","35302"
"World","Uaz","Cars","Number","2002","33648"
"World","Uaz","Cars","Number","2003","32748"
"World","Uaz","Cars","Number","2004","31136"
"World","Uaz","Cars","Number","2005","29141"
"World","Uaz","Cars","Number","2006","28636"
"World","Uaz","Cars","Number","2007","31869"
"World","Uaz","Cars","Number","2008","30953"
"World","Uaz","Cars","Number","2012","32469"
"World","Uaz","Cars","Number","2013","27260"
"World","Uaz","Cars","Number","2014","25356"
"World","Volkswagen","Cars","Number","1998","4506000"
"World","Volkswagen","Cars","Number","1999","4519000"
"World","Volkswagen","Cars","Number","2006","5429896"
"World","Volkswagen","Cars","Number","2007","5964004"
"World","Volkswagen","Cars","Number","2008","6110115"
"World","Volkswagen","Cars","Number","2009","5902583"
"World","Volkswagen","Cars","Number","2010","7120532"
"World","Volkswagen","Cars","Number","2011","8157058"
"World","Volkswagen","Cars","Number","2012","8576964"
"World","Volkswagen","Cars","Number","2013","9259506"
"World","Volkswagen","Cars","Number","2014","9766293"
"World","Volkswagen group","Cars","Number","2001","4881096"
"World","Volkswagen group","Cars","Number","2003","4843085"
"World","Volkswagen group","Cars","Number","2004","4892529"
"World","Volkswagen group","Cars","Number","2005","4979487"
"World","Volkswagen group (with vw-audi-seat-skoda)","Cars","Number","2002","4829456"
"World","Volvo","Cars","Number","1998","399000"
"World","Volvo","Cars","Number","1999","407000"
"World","Volvo","Cars","Number","2006","0"
"World","Volvo","Cars","Number","2007","0"
"World","Yuejin","Cars","Number","1998","2000"
"World","Yuejin","Cars","Number","1999","0"
"World","Ziyang nanjun","Cars","Number","2009","72470"
